policy,S,M,N,F,i,u0,q2_C1_cache,q2_C2_cache,cost_wan,stage,feasible,p30,max_delay_ms,mean_delay_ms,unreachable_rate,sample_count,reachable_count,robustness_margin
strict_Tmax30,1480,37,40,31,50.0,0.0,0.999761,0.969157,1240000,delay_lower_bound_reject,False,,,,,,,
strict_Tmax30,1480,37,40,31,50.0,2.25,0.99978,0.969119,1240000,delay_lower_bound_reject,False,,,,,,,
strict_Tmax30,1480,37,40,31,50.0,4.5,0.999761,0.969059,1240000,delay_lower_bound_reject,False,,,,,,,
strict_Tmax30,1480,37,40,31,50.0,6.75,0.999771,0.969027,1240000,delay_lower_bound_reject,False,,,,,,,
strict_Tmax30,1480,37,40,30,50.25,0.0,0.999688,0.968563,1240000,delay_lower_bound_reject,False,,,,,,,
strict_Tmax30,1480,37,40,30,50.25,2.25,0.999679,0.968519,1240000,delay_lower_bound_reject,False,,,,,,,
strict_Tmax30,1480,37,40,30,50.25,4.5,0.999712,0.968418,1240000,delay_lower_bound_reject,False,,,,,,,
strict_Tmax30,1480,37,40,30,50.25,6.75,0.999731,0.968316,1240000,delay_lower_bound_reject,False,,,,,,,
strict_Tmax30,1480,37,40,31,50.25,0.0,0.999789,0.968237,1240000,delay_lower_bound_reject,False,,,,,,,
strict_Tmax30,1480,37,40,31,50.25,4.5,0.999794,0.968234,1240000,delay_lower_bound_reject,False,,,,,,,
strict_Tmax30,1480,37,40,31,50.25,2.25,0.999794,0.968162,1240000,delay_lower_bound_reject,False,,,,,,,
strict_Tmax30,1480,37,40,31,50.25,6.75,0.999809,0.96815,1240000,delay_lower_bound_reject,False,,,,,,,
strict_Tmax30,1480,37,40,32,50.25,0.0,0.999719,0.967722,1240000,delay_lower_bound_reject,False,,,,,,,
strict_Tmax30,1480,37,40,32,50.25,2.25,0.9997,0.967629,1240000,delay_lower_bound_reject,False,,,,,,,
strict_Tmax30,1480,37,40,32,50.25,6.75,0.999695,0.967535,1240000,delay_lower_bound_reject,False,,,,,,,
strict_Tmax30,1480,37,40,32,50.25,4.5,0.999692,0.967501,1240000,delay_lower_bound_reject,False,,,,,,,
strict_Tmax30,1480,37,40,30,49.75,4.5,0.999678,0.967371,1240000,delay_lower_bound_reject,False,,,,,,,
strict_Tmax30,1480,37,40,30,49.75,2.25,0.999692,0.967242,1240000,delay_lower_bound_reject,False,,,,,,,
strict_Tmax30,1480,37,40,31,49.75,6.75,0.999714,0.966915,1240000,delay_lower_bound_reject,False,,,,,,,
strict_Tmax30,1480,37,40,30,49.75,6.75,0.999659,0.9669,1240000,delay_lower_bound_reject,False,,,,,,,
strict_Tmax30,1480,37,40,30,49.75,0.0,0.999659,0.966867,1240000,delay_lower_bound_reject,False,,,,,,,
strict_Tmax30,1480,37,40,31,49.75,0.0,0.999704,0.966811,1240000,delay_lower_bound_reject,False,,,,,,,
strict_Tmax30,1480,37,40,31,49.75,4.5,0.999709,0.966809,1240000,delay_lower_bound_reject,False,,,,,,,
strict_Tmax30,1480,37,40,31,49.75,2.25,0.999704,0.966745,1240000,delay_lower_bound_reject,False,,,,,,,
strict_Tmax30,1480,37,40,32,49.75,4.5,0.999883,0.965295,1240000,delay_lower_bound_reject,False,,,,,,,
strict_Tmax30,1480,37,40,32,49.75,2.25,0.999892,0.965197,1240000,delay_lower_bound_reject,False,,,,,,,
strict_Tmax30,1480,37,40,32,49.75,6.75,0.999869,0.965164,1240000,delay_lower_bound_reject,False,,,,,,,
strict_Tmax30,1480,37,40,32,49.75,0.0,0.999905,0.96498,1240000,delay_lower_bound_reject,False,,,,,,,
strict_Tmax30,1480,37,40,31,51.0,2.25,0.99963,0.96463,1240000,delay_lower_bound_reject,False,,,,,,,
strict_Tmax30,1480,37,40,31,51.0,4.5,0.999606,0.964548,1240000,delay_lower_bound_reject,False,,,,,,,
strict_Tmax30,1480,37,40,31,51.0,0.0,0.999635,0.964373,1240000,delay_lower_bound_reject,False,,,,,,,
strict_Tmax30,1480,37,40,31,51.0,6.75,0.999649,0.964304,1240000,delay_lower_bound_reject,False,,,,,,,
strict_Tmax30,1500,125,12,84,49.75,7.5,0.999745,0.978335,1250000,delay_lower_bound_reject,False,,,,,,,
strict_Tmax30,1500,125,12,84,49.75,0.0,0.999755,0.978326,1250000,delay_lower_bound_reject,False,,,,,,,
strict_Tmax30,1500,125,12,84,49.75,15.0,0.99977,0.977805,1250000,delay_lower_bound_reject,False,,,,,,,
strict_Tmax30,1500,125,12,84,49.75,22.5,0.999779,0.977621,1250000,delay_lower_bound_reject,False,,,,,,,
strict_Tmax30,1500,125,12,84,50.25,7.5,0.999543,0.976713,1250000,delay_lower_bound_reject,False,,,,,,,
strict_Tmax30,1500,125,12,84,50.25,0.0,0.999564,0.976667,1250000,delay_lower_bound_reject,False,,,,,,,
strict_Tmax30,1500,125,12,84,50.25,15.0,0.999568,0.976559,1250000,delay_lower_bound_reject,False,,,,,,,
strict_Tmax30,1500,125,12,84,50.25,22.5,0.999597,0.976444,1250000,delay_lower_bound_reject,False,,,,,,,
strict_Tmax30,1500,125,12,83,50.0,15.0,0.999729,0.974503,1250000,delay_lower_bound_reject,False,,,,,,,
strict_Tmax30,1500,125,12,83,50.0,0.0,0.999728,0.974484,1250000,delay_lower_bound_reject,False,,,,,,,
strict_Tmax30,1500,125,12,83,50.0,22.5,0.999724,0.974415,1250000,delay_lower_bound_reject,False,,,,,,,
strict_Tmax30,1500,125,12,83,50.0,7.5,0.999744,0.974272,1250000,delay_lower_bound_reject,False,,,,,,,
strict_Tmax30,1500,125,12,83,50.25,15.0,0.99959,0.974179,1250000,delay_lower_bound_reject,False,,,,,,,
strict_Tmax30,1500,125,12,83,50.25,0.0,0.999609,0.974159,1250000,delay_lower_bound_reject,False,,,,,,,
strict_Tmax30,1500,125,12,83,50.25,7.5,0.999576,0.973966,1250000,delay_lower_bound_reject,False,,,,,,,
strict_Tmax30,1500,125,12,83,50.25,22.5,0.99958,0.973952,1250000,delay_lower_bound_reject,False,,,,,,,
strict_Tmax30,1500,125,12,83,49.75,22.5,0.999838,0.973315,1250000,delay_lower_bound_reject,False,,,,,,,
strict_Tmax30,1500,125,12,83,49.75,0.0,0.999829,0.973216,1250000,delay_lower_bound_reject,False,,,,,,,
strict_Tmax30,1500,125,12,83,49.75,15.0,0.999876,0.97305,1250000,delay_lower_bound_reject,False,,,,,,,
strict_Tmax30,1500,125,12,83,49.75,7.5,0.999886,0.973004,1250000,delay_lower_bound_reject,False,,,,,,,
strict_Tmax30,1500,60,25,15,51.0,10.8,0.999186,0.97043,1250000,delay_lower_bound_reject,False,,,,,,,
strict_Tmax30,1500,60,25,15,51.0,7.2,0.99922,0.970335,1250000,delay_lower_bound_reject,False,,,,,,,
strict_Tmax30,1500,60,25,15,51.0,0.0,0.999191,0.970295,1250000,delay_lower_bound_reject,False,,,,,,,
strict_Tmax30,1500,60,25,15,51.0,3.6,0.99921,0.970285,1250000,delay_lower_bound_reject,False,,,,,,,
strict_Tmax30,1500,125,12,83,51.0,22.5,0.999099,0.968636,1250000,delay_lower_bound_reject,False,,,,,,,
strict_Tmax30,1500,125,12,83,51.0,0.0,0.999129,0.968634,1250000,delay_lower_bound_reject,False,,,,,,,
strict_Tmax30,1500,125,12,83,51.0,15.0,0.999172,0.968556,1250000,delay_lower_bound_reject,False,,,,,,,
strict_Tmax30,1500,125,12,83,51.0,7.5,0.999152,0.968453,1250000,delay_lower_bound_reject,False,,,,,,,
strict_Tmax30,1500,250,6,208,50.0,0.0,0.999718,0.965603,1250000,topology_reject,False,,,,,,,
strict_Tmax30,1500,250,6,208,50.0,30.0,0.99968,0.96552,1250000,topology_reject,False,,,,,,,
strict_Tmax30,1500,250,6,208,50.0,15.0,0.999727,0.96404,1250000,topology_reject,False,,,,,,,
strict_Tmax30,1500,250,6,208,50.0,45.0,0.999797,0.963868,1250000,topology_reject,False,,,,,,,
strict_Tmax30,1500,100,15,25,51.0,6.0,0.999641,0.962542,1250000,delay_lower_bound_reject,False,,,,,,,
strict_Tmax30,1500,100,15,25,51.0,12.0,0.999651,0.962442,1250000,delay_lower_bound_reject,False,,,,,,,
strict_Tmax30,1500,100,15,25,51.0,0.0,0.999626,0.962423,1250000,delay_lower_bound_reject,False,,,,,,,
strict_Tmax30,1500,100,15,25,51.0,18.0,0.999622,0.96235,1250000,delay_lower_bound_reject,False,,,,,,,
strict_Tmax30,1520,38,40,32,50.0,0.0,0.999976,0.977852,1280000,delay_lower_bound_reject,False,,,,,,,
strict_Tmax30,1520,38,40,32,50.0,4.5,0.999981,0.977676,1280000,delay_lower_bound_reject,False,,,,,,,
strict_Tmax30,1520,38,40,32,50.0,2.25,0.999981,0.977613,1280000,delay_lower_bound_reject,False,,,,,,,
strict_Tmax30,1520,38,40,31,50.25,0.0,0.999024,0.977497,1280000,delay_lower_bound_reject,False,,,,,,,
strict_Tmax30,1520,38,40,32,50.0,6.75,0.999971,0.977414,1280000,delay_lower_bound_reject,False,,,,,,,
strict_Tmax30,1520,38,40,31,50.25,6.75,0.999035,0.977406,1280000,delay_lower_bound_reject,False,,,,,,,
strict_Tmax30,1520,38,40,31,50.25,4.5,0.999035,0.977376,1280000,delay_lower_bound_reject,False,,,,,,,
strict_Tmax30,1520,38,40,31,50.25,2.25,0.999029,0.977364,1280000,delay_lower_bound_reject,False,,,,,,,
strict_Tmax30,1520,38,40,31,49.75,0.0,0.999212,0.977262,1280000,delay_lower_bound_reject,False,,,,,,,
strict_Tmax30,1520,38,40,31,49.75,4.5,0.999233,0.977193,1280000,delay_lower_bound_reject,False,,,,,,,
strict_Tmax30,1520,38,40,31,49.75,2.25,0.999198,0.977182,1280000,delay_lower_bound_reject,False,,,,,,,
strict_Tmax30,1520,38,40,31,49.75,6.75,0.999194,0.977163,1280000,delay_lower_bound_reject,False,,,,,,,
strict_Tmax30,1520,38,40,32,50.25,4.5,0.999947,0.976964,1280000,delay_lower_bound_reject,False,,,,,,,
strict_Tmax30,1520,38,40,32,50.25,0.0,0.999971,0.976853,1280000,delay_lower_bound_reject,False,,,,,,,
strict_Tmax30,1520,38,40,32,50.25,2.25,0.999962,0.976619,1280000,delay_lower_bound_reject,False,,,,,,,
strict_Tmax30,1520,38,40,32,50.25,6.75,0.999966,0.976596,1280000,delay_lower_bound_reject,False,,,,,,,
strict_Tmax30,1520,38,40,32,49.75,4.5,0.999986,0.975486,1280000,delay_lower_bound_reject,False,,,,,,,
strict_Tmax30,1520,38,40,33,49.75,0.0,0.999135,0.975388,1280000,delay_lower_bound_reject,False,,,,,,,
strict_Tmax30,1520,38,40,33,49.75,6.75,0.99913,0.975376,1280000,delay_lower_bound_reject,False,,,,,,,
strict_Tmax30,1520,38,40,32,49.75,2.25,0.99999,0.97536,1280000,delay_lower_bound_reject,False,,,,,,,
strict_Tmax30,1520,38,40,32,49.75,0.0,0.999995,0.975208,1280000,delay_lower_bound_reject,False,,,,,,,
strict_Tmax30,1520,38,40,33,49.75,2.25,0.999106,0.9752,1280000,delay_lower_bound_reject,False,,,,,,,
strict_Tmax30,1520,38,40,32,49.75,6.75,1.0,0.975188,1280000,delay_lower_bound_reject,False,,,,,,,
strict_Tmax30,1520,38,40,33,49.75,4.5,0.99913,0.975173,1280000,delay_lower_bound_reject,False,,,,,,,
strict_Tmax30,1520,95,16,23,51.0,11.25,0.999363,0.975018,1280000,delay_lower_bound_reject,False,,,,,,,
strict_Tmax30,1520,95,16,23,51.0,5.625,0.999343,0.974942,1280000,delay_lower_bound_reject,False,,,,,,,
strict_Tmax30,1520,95,16,23,51.0,16.875,0.999407,0.974927,1280000,delay_lower_bound_reject,False,,,,,,,
strict_Tmax30,1520,95,16,23,51.0,0.0,0.999382,0.974904,1280000,delay_lower_bound_reject,False,,,,,,,
strict_Tmax30,1520,38,40,32,51.0,0.0,0.999851,0.973597,1280000,delay_lower_bound_reject,False,,,,,,,
strict_Tmax30,1520,38,40,32,51.0,2.25,0.999865,0.973591,1280000,delay_lower_bound_reject,False,,,,,,,
strict_Tmax30,1520,38,40,32,51.0,6.75,0.999856,0.973578,1280000,delay_lower_bound_reject,False,,,,,,,
strict_Tmax30,1520,38,40,32,51.0,4.5,0.999885,0.973519,1280000,delay_lower_bound_reject,False,,,,,,,
strict_Tmax30,1520,38,40,37,50.0,4.5,0.999689,0.968301,1280000,delay_lower_bound_reject,False,,,,,,,
strict_Tmax30,1520,38,40,37,50.0,6.75,0.999659,0.968218,1280000,delay_lower_bound_reject,False,,,,,,,
strict_Tmax30,1520,38,40,37,50.0,0.0,0.999684,0.968095,1280000,delay_lower_bound_reject,False,,,,,,,
strict_Tmax30,1520,38,40,37,50.0,2.25,0.999636,0.967902,1280000,delay_lower_bound_reject,False,,,,,,,
strict_Tmax30,1520,38,40,25,50.0,2.25,0.999589,0.965521,1280000,delay_lower_bound_reject,False,,,,,,,
strict_Tmax30,1520,38,40,25,50.0,6.75,0.999609,0.96549,1280000,delay_lower_bound_reject,False,,,,,,,
strict_Tmax30,1520,38,40,25,50.0,0.0,0.999594,0.965477,1280000,delay_lower_bound_reject,False,,,,,,,
strict_Tmax30,1520,38,40,37,51.0,6.75,0.999819,0.965383,1280000,delay_lower_bound_reject,False,,,,,,,
strict_Tmax30,1520,38,40,25,50.0,4.5,0.999628,0.965319,1280000,delay_lower_bound_reject,False,,,,,,,
strict_Tmax30,1520,38,40,37,51.0,0.0,0.999829,0.965268,1280000,delay_lower_bound_reject,False,,,,,,,
strict_Tmax30,1520,38,40,37,51.0,2.25,0.999804,0.965259,1280000,delay_lower_bound_reject,False,,,,,,,
strict_Tmax30,1520,38,40,37,51.0,4.5,0.999804,0.965152,1280000,delay_lower_bound_reject,False,,,,,,,
strict_Tmax30,1520,38,40,0,51.0,4.5,0.999877,0.95738,1280000,delay_lower_bound_reject,False,,,,,,,
strict_Tmax30,1520,38,40,0,51.0,2.25,0.999886,0.957293,1280000,delay_lower_bound_reject,False,,,,,,,
strict_Tmax30,1520,38,40,0,51.0,0.0,0.999882,0.957078,1280000,delay_lower_bound_reject,False,,,,,,,
strict_Tmax30,1520,38,40,0,51.0,6.75,0.999873,0.956948,1280000,delay_lower_bound_reject,False,,,,,,,
strict_Tmax30,1520,38,40,25,51.0,4.5,0.99962,0.955249,1280000,delay_lower_bound_reject,False,,,,,,,
strict_Tmax30,1520,38,40,25,51.0,6.75,0.999591,0.955192,1280000,delay_lower_bound_reject,False,,,,,,,
strict_Tmax30,1520,38,40,25,51.0,2.25,0.999586,0.955085,1280000,delay_lower_bound_reject,False,,,,,,,
strict_Tmax30,1520,38,40,25,51.0,0.0,0.999556,0.954955,1280000,delay_lower_bound_reject,False,,,,,,,
strict_Tmax30,1540,35,44,24,50.25,2.045,0.999956,0.983631,1290000,delay_lower_bound_reject,False,,,,,,,
strict_Tmax30,1540,35,44,24,50.25,0.0,0.999961,0.983452,1290000,delay_lower_bound_reject,False,,,,,,,
strict_Tmax30,1540,35,44,24,50.25,6.136,0.999951,0.983438,1290000,delay_lower_bound_reject,False,,,,,,,
strict_Tmax30,1540,35,44,24,50.25,4.091,0.999931,0.983431,1290000,delay_lower_bound_reject,False,,,,,,,
strict_Tmax30,1540,35,44,23,50.0,4.091,0.99999,0.983125,1290000,delay_lower_bound_reject,False,,,,,,,
strict_Tmax30,1540,35,44,23,50.0,6.136,0.999995,0.9831,1290000,delay_lower_bound_reject,False,,,,,,,
strict_Tmax30,1540,35,44,23,50.0,2.045,1.0,0.983032,1290000,delay_lower_bound_reject,False,,,,,,,
strict_Tmax30,1540,35,44,23,50.0,0.0,0.999995,0.982898,1290000,delay_lower_bound_reject,False,,,,,,,
strict_Tmax30,1540,35,44,23,50.25,4.091,0.999985,0.982704,1290000,delay_lower_bound_reject,False,,,,,,,
strict_Tmax30,1540,35,44,23,50.25,6.136,0.999995,0.982687,1290000,delay_lower_bound_reject,False,,,,,,,
strict_Tmax30,1540,35,44,23,50.25,0.0,0.99998,0.982594,1290000,delay_lower_bound_reject,False,,,,,,,
strict_Tmax30,1540,35,44,23,50.25,2.045,0.99998,0.982527,1290000,delay_lower_bound_reject,False,,,,,,,
strict_Tmax30,1540,35,44,23,49.75,6.136,1.0,0.982171,1290000,delay_lower_bound_reject,False,,,,,,,
strict_Tmax30,1540,35,44,22,50.25,6.136,0.99999,0.981974,1290000,delay_lower_bound_reject,False,,,,,,,
strict_Tmax30,1540,35,44,23,49.75,4.091,0.99999,0.981926,1290000,delay_lower_bound_reject,False,,,,,,,
strict_Tmax30,1540,35,44,22,49.75,2.045,0.999953,0.981905,1290000,delay_lower_bound_reject,False,,,,,,,
strict_Tmax30,1540,35,44,23,49.75,0.0,1.0,0.981828,1290000,delay_lower_bound_reject,False,,,,,,,
strict_Tmax30,1540,35,44,23,49.75,2.045,0.999995,0.981776,1290000,delay_lower_bound_reject,False,,,,,,,
strict_Tmax30,1540,35,44,22,49.75,0.0,0.999929,0.981736,1290000,delay_lower_bound_reject,False,,,,,,,
strict_Tmax30,1540,35,44,22,49.75,4.091,0.999919,0.981588,1290000,delay_lower_bound_reject,False,,,,,,,
strict_Tmax30,1540,35,44,24,49.75,2.045,0.999936,0.981578,1290000,delay_lower_bound_reject,False,,,,,,,
strict_Tmax30,1540,35,44,24,49.75,4.091,0.999921,0.981489,1290000,delay_lower_bound_reject,False,,,,,,,
strict_Tmax30,1540,35,44,22,49.75,6.136,0.999886,0.981424,1290000,delay_lower_bound_reject,False,,,,,,,
strict_Tmax30,1540,35,44,22,50.25,0.0,0.999995,0.981415,1290000,delay_lower_bound_reject,False,,,,,,,
strict_Tmax30,1540,35,44,24,49.75,0.0,0.999941,0.981323,1290000,delay_lower_bound_reject,False,,,,,,,
strict_Tmax30,1540,35,44,22,50.25,4.091,0.999995,0.981322,1290000,delay_lower_bound_reject,False,,,,,,,
strict_Tmax30,1540,35,44,24,49.75,6.136,0.999946,0.981313,1290000,delay_lower_bound_reject,False,,,,,,,
strict_Tmax30,1540,35,44,22,50.25,2.045,1.0,0.980789,1290000,delay_lower_bound_reject,False,,,,,,,
strict_Tmax30,1540,154,10,26,50.0,9.0,0.999169,0.978938,1290000,delay_lower_bound_reject,False,,,,,,,
strict_Tmax30,1540,35,44,23,51.0,4.091,0.999877,0.978641,1290000,delay_lower_bound_reject,False,,,,,,,
strict_Tmax30,1540,35,44,23,51.0,6.136,0.999907,0.978621,1290000,delay_lower_bound_reject,False,,,,,,,
strict_Tmax30,1540,35,44,23,51.0,2.045,0.999868,0.97851,1290000,delay_lower_bound_reject,False,,,,,,,
strict_Tmax30,1540,35,44,23,51.0,0.0,0.999887,0.978473,1290000,delay_lower_bound_reject,False,,,,,,,
strict_Tmax30,1540,154,10,26,50.0,0.0,0.99938,0.97772,1290000,delay_lower_bound_reject,False,,,,,,,
strict_Tmax30,1540,154,10,26,50.0,18.0,0.99957,0.977038,1290000,delay_lower_bound_reject,False,,,,,,,
strict_Tmax30,1540,154,10,26,50.0,27.0,0.999855,0.976385,1290000,delay_lower_bound_reject,False,,,,,,,
strict_Tmax30,1540,35,44,29,50.0,2.045,0.999849,0.976197,1290000,delay_lower_bound_reject,False,,,,,,,
strict_Tmax30,1540,35,44,29,50.0,6.136,0.999864,0.976118,1290000,delay_lower_bound_reject,False,,,,,,,
strict_Tmax30,1540,35,44,29,50.0,4.091,0.999839,0.976083,1290000,delay_lower_bound_reject,False,,,,,,,
strict_Tmax30,1540,35,44,29,50.0,0.0,0.999879,0.976061,1290000,delay_lower_bound_reject,False,,,,,,,
strict_Tmax30,1540,35,44,18,50.0,2.045,0.999387,0.973064,1290000,delay_lower_bound_reject,False,,,,,,,
strict_Tmax30,1540,35,44,29,51.0,4.091,0.999652,0.973031,1290000,strict_delay_violation,False,7.810059356451109e-05,44.04927146294425,33.53176429357697,0.0,2.0,2.0,-0.9999218994064355
strict_Tmax30,1540,35,44,18,50.0,4.091,0.999392,0.972988,1290000,delay_lower_bound_reject,False,,,,,,,
strict_Tmax30,1540,35,44,18,50.0,6.136,0.999396,0.972952,1290000,delay_lower_bound_reject,False,,,,,,,
strict_Tmax30,1540,35,44,29,51.0,2.045,0.999637,0.97294,1290000,delay_lower_bound_reject,False,,,,,,,
strict_Tmax30,1540,35,44,18,50.0,0.0,0.999382,0.972915,1290000,delay_lower_bound_reject,False,,,,,,,
strict_Tmax30,1540,35,44,29,51.0,6.136,0.999657,0.972737,1290000,delay_lower_bound_reject,False,,,,,,,
strict_Tmax30,1540,35,44,29,51.0,0.0,0.999632,0.972659,1290000,delay_lower_bound_reject,False,,,,,,,
strict_Tmax30,1540,220,7,183,50.0,12.857,1.0,0.97217,1290000,delay_lower_bound_reject,False,,,,,,,
strict_Tmax30,1540,220,7,183,50.0,25.714,1.0,0.972103,1290000,delay_lower_bound_reject,False,,,,,,,
strict_Tmax30,1540,220,7,183,50.0,0.0,1.0,0.972099,1290000,delay_lower_bound_reject,False,,,,,,,
strict_Tmax30,1540,220,7,183,50.0,38.571,1.0,0.972041,1290000,delay_lower_bound_reject,False,,,,,,,
strict_Tmax30,1540,220,7,183,51.0,25.714,1.0,0.966675,1290000,delay_lower_bound_reject,False,,,,,,,
strict_Tmax30,1540,220,7,183,51.0,12.857,1.0,0.966577,1290000,delay_lower_bound_reject,False,,,,,,,
strict_Tmax30,1540,220,7,183,51.0,38.571,1.0,0.966561,1290000,delay_lower_bound_reject,False,,,,,,,
strict_Tmax30,1540,220,7,183,51.0,0.0,1.0,0.966471,1290000,delay_lower_bound_reject,False,,,,,,,
strict_Tmax30,1560,130,12,87,50.0,22.5,1.0,0.987516,1300000,delay_lower_bound_reject,False,,,,,,,
strict_Tmax30,1560,130,12,87,50.0,7.5,1.0,0.987488,1300000,delay_lower_bound_reject,False,,,,,,,
strict_Tmax30,1560,130,12,87,50.25,22.5,0.999967,0.987413,1300000,delay_lower_bound_reject,False,,,,,,,
strict_Tmax30,1560,130,12,87,50.25,15.0,0.999949,0.987378,1300000,delay_lower_bound_reject,False,,,,,,,
strict_Tmax30,1560,130,12,87,50.0,15.0,1.0,0.987343,1300000,delay_lower_bound_reject,False,,,,,,,
strict_Tmax30,1560,130,12,87,50.25,7.5,0.999953,0.987271,1300000,delay_lower_bound_reject,False,,,,,,,
strict_Tmax30,1560,130,12,87,50.0,0.0,1.0,0.987248,1300000,delay_lower_bound_reject,False,,,,,,,
strict_Tmax30,1560,130,12,87,50.25,0.0,0.999967,0.987122,1300000,delay_lower_bound_reject,False,,,,,,,
strict_Tmax30,1560,130,12,88,49.75,7.5,1.0,0.986859,1300000,delay_lower_bound_reject,False,,,,,,,
strict_Tmax30,1560,130,12,88,49.75,0.0,1.0,0.986851,1300000,delay_lower_bound_reject,False,,,,,,,
strict_Tmax30,1560,130,12,88,49.75,22.5,1.0,0.986765,1300000,delay_lower_bound_reject,False,,,,,,,
strict_Tmax30,1560,130,12,88,49.75,15.0,1.0,0.986724,1300000,delay_lower_bound_reject,False,,,,,,,
strict_Tmax30,1560,130,12,87,49.75,7.5,1.0,0.986163,1300000,delay_lower_bound_reject,False,,,,,,,
strict_Tmax30,1560,130,12,87,49.75,22.5,1.0,0.98614,1300000,delay_lower_bound_reject,False,,,,,,,
strict_Tmax30,1560,130,12,87,49.75,15.0,1.0,0.986117,1300000,delay_lower_bound_reject,False,,,,,,,
strict_Tmax30,1560,130,12,87,49.75,0.0,1.0,0.986081,1300000,delay_lower_bound_reject,False,,,,,,,
strict_Tmax30,1560,130,12,88,50.25,15.0,1.0,0.986052,1300000,delay_lower_bound_reject,False,,,,,,,
strict_Tmax30,1560,130,12,88,50.25,0.0,0.999995,0.98604,1300000,delay_lower_bound_reject,False,,,,,,,
strict_Tmax30,1560,130,12,88,50.25,22.5,1.0,0.985937,1300000,delay_lower_bound_reject,False,,,,,,,
strict_Tmax30,1560,130,12,88,50.25,7.5,1.0,0.985887,1300000,delay_lower_bound_reject,False,,,,,,,
strict_Tmax30,1560,130,12,87,51.0,15.0,0.999792,0.984563,1300000,delay_lower_bound_reject,False,,,,,,,
strict_Tmax30,1560,130,12,87,51.0,22.5,0.999788,0.984485,1300000,delay_lower_bound_reject,False,,,,,,,
strict_Tmax30,1560,130,12,87,51.0,7.5,0.999773,0.984477,1300000,delay_lower_bound_reject,False,,,,,,,
strict_Tmax30,1560,130,12,87,51.0,0.0,0.999778,0.984439,1300000,delay_lower_bound_reject,False,,,,,,,
strict_Tmax30,1560,65,24,16,50.0,11.25,0.999542,0.984425,1300000,delay_lower_bound_reject,False,,,,,,,
strict_Tmax30,1560,65,24,16,50.0,7.5,0.999513,0.984334,1300000,delay_lower_bound_reject,False,,,,,,,
strict_Tmax30,1560,65,24,16,50.0,0.0,0.999562,0.984297,1300000,delay_lower_bound_reject,False,,,,,,,
strict_Tmax30,1560,65,24,16,50.0,3.75,0.999557,0.984197,1300000,delay_lower_bound_reject,False,,,,,,,
strict_Tmax30,1560,130,12,86,50.25,22.5,0.999107,0.983465,1300000,delay_lower_bound_reject,False,,,,,,,
strict_Tmax30,1560,130,12,86,50.25,0.0,0.999083,0.98344,1300000,delay_lower_bound_reject,False,,,,,,,
strict_Tmax30,1560,130,12,86,50.25,7.5,0.999107,0.983343,1300000,delay_lower_bound_reject,False,,,,,,,
strict_Tmax30,1560,130,12,86,49.75,22.5,0.999308,0.983328,1300000,delay_lower_bound_reject,False,,,,,,,
strict_Tmax30,1560,130,12,86,50.25,15.0,0.99915,0.983318,1300000,delay_lower_bound_reject,False,,,,,,,
strict_Tmax30,1560,130,12,86,49.75,0.0,0.999333,0.983298,1300000,delay_lower_bound_reject,False,,,,,,,
strict_Tmax30,1560,130,12,86,49.75,7.5,0.999308,0.983285,1300000,delay_lower_bound_reject,False,,,,,,,
strict_Tmax30,1560,130,12,86,49.75,15.0,0.999303,0.983178,1300000,delay_lower_bound_reject,False,,,,,,,
strict_Tmax30,1560,65,24,16,51.0,7.5,0.999576,0.982737,1300000,delay_lower_bound_reject,False,,,,,,,
strict_Tmax30,1560,65,24,16,51.0,3.75,0.999576,0.982664,1300000,delay_lower_bound_reject,False,,,,,,,
strict_Tmax30,1560,39,40,32,50.0,4.5,1.0,0.982651,1300000,delay_lower_bound_reject,False,,,,,,,
strict_Tmax30,1560,65,24,16,51.0,11.25,0.99961,0.982598,1300000,delay_lower_bound_reject,False,,,,,,,
strict_Tmax30,1560,39,40,32,50.0,6.75,0.999995,0.982582,1300000,delay_lower_bound_reject,False,,,,,,,
strict_Tmax30,1560,39,40,32,50.0,0.0,1.0,0.982511,1300000,delay_lower_bound_reject,False,,,,,,,
strict_Tmax30,1560,65,24,16,51.0,0.0,0.999576,0.982446,1300000,delay_lower_bound_reject,False,,,,,,,
strict_Tmax30,1560,39,40,32,50.0,2.25,1.0,0.982154,1300000,delay_lower_bound_reject,False,,,,,,,
strict_Tmax30,1560,39,40,32,51.0,2.25,0.999909,0.979302,1300000,delay_lower_bound_reject,False,,,,,,,
strict_Tmax30,1560,260,6,217,50.0,45.0,0.999249,0.979267,1300000,delay_lower_bound_reject,False,,,,,,,
strict_Tmax30,1560,260,6,217,50.0,30.0,0.999045,0.979242,1300000,delay_lower_bound_reject,False,,,,,,,
strict_Tmax30,1560,39,40,32,51.0,0.0,0.999933,0.979233,1300000,delay_lower_bound_reject,False,,,,,,,
strict_Tmax30,1560,39,40,32,51.0,4.5,0.999895,0.979131,1300000,strict_delay_violation,False,0.00015620118712902218,35.17525223692676,26.09790820969307,0.0,3.0,3.0,-0.999843798812871
strict_Tmax30,1560,39,40,32,51.0,6.75,0.999905,0.978947,1300000,delay_lower_bound_reject,False,,,,,,,
strict_Tmax30,1560,260,6,217,50.0,0.0,0.999182,0.978945,1300000,delay_lower_bound_reject,False,,,,,,,
strict_Tmax30,1560,60,26,15,51.0,10.385,1.0,0.978546,1300000,delay_lower_bound_reject,False,,,,,,,
strict_Tmax30,1560,60,26,15,51.0,6.923,1.0,0.978415,1300000,delay_lower_bound_reject,False,,,,,,,
strict_Tmax30,1560,60,26,15,51.0,0.0,1.0,0.97841,1300000,delay_lower_bound_reject,False,,,,,,,
strict_Tmax30,1560,60,26,15,51.0,3.462,1.0,0.978386,1300000,delay_lower_bound_reject,False,,,,,,,
strict_Tmax30,1560,156,10,26,50.0,9.0,0.999692,0.977494,1300000,delay_lower_bound_reject,False,,,,,,,
strict_Tmax30,1560,156,10,26,50.0,18.0,0.999711,0.977448,1300000,delay_lower_bound_reject,False,,,,,,,
strict_Tmax30,1560,156,10,26,50.0,27.0,0.999735,0.97737,1300000,delay_lower_bound_reject,False,,,,,,,
strict_Tmax30,1560,156,10,26,50.0,0.0,0.99973,0.97731,1300000,delay_lower_bound_reject,False,,,,,,,
strict_Tmax30,1560,39,40,38,50.0,0.0,1.0,0.976139,1300000,delay_lower_bound_reject,False,,,,,,,
strict_Tmax30,1560,39,40,38,50.0,4.5,1.0,0.97558,1300000,delay_lower_bound_reject,False,,,,,,,
strict_Tmax30,1560,39,40,38,50.0,6.75,1.0,0.975391,1300000,delay_lower_bound_reject,False,,,,,,,
strict_Tmax30,1560,39,40,38,50.0,2.25,1.0,0.975351,1300000,delay_lower_bound_reject,False,,,,,,,
strict_Tmax30,1560,39,40,38,51.0,0.0,0.999995,0.973022,1300000,delay_lower_bound_reject,False,,,,,,,
strict_Tmax30,1560,39,40,38,51.0,4.5,0.999995,0.972946,1300000,delay_lower_bound_reject,False,,,,,,,
strict_Tmax30,1560,39,40,38,51.0,2.25,1.0,0.972433,1300000,delay_lower_bound_reject,False,,,,,,,
strict_Tmax30,1560,39,40,38,51.0,6.75,0.999985,0.972342,1300000,delay_lower_bound_reject,False,,,,,,,
P30_ge_0.95,1480,37,40,31,50.0,0.0,0.999761,0.969157,1240000,p30_upper_bound_below_threshold,False,0.10473289597000937,74.98280620733681,26.46678431202461,0.0,1982.0,1982.0,-0.8452671040299906
P30_ge_0.95,1480,37,40,31,50.0,2.25,0.99978,0.969119,1240000,p30_upper_bound_below_threshold,False,0.10402999062792877,75.12704617703123,26.48229038417382,0.0,1973.0,1973.0,-0.8459700093720712
P30_ge_0.95,1480,37,40,31,50.0,4.5,0.999761,0.969059,1240000,p30_upper_bound_below_threshold,False,0.09200249921899406,72.35840761055283,26.529449675516684,0.024189114898295765,1819.0,1775.0,-0.8579975007810059
P30_ge_0.95,1480,37,40,31,50.0,6.75,0.999771,0.969027,1240000,p30_upper_bound_below_threshold,False,0.10199937519525148,75.14259789718598,26.5533603172195,0.0,1947.0,1947.0,-0.8480006248047485
P30_ge_0.95,1480,37,40,30,50.25,0.0,0.999688,0.968563,1240000,p30_upper_bound_below_threshold,False,0.11426116838487972,80.06756956568277,25.990736296225954,0.0,2104.0,2104.0,-0.8357388316151202
P30_ge_0.95,1480,37,40,30,50.25,2.25,0.999679,0.968519,1240000,p30_upper_bound_below_threshold,False,0.11504217432052484,66.25521935989467,25.50715262190178,0.0,2114.0,2114.0,-0.8349578256794751
P30_ge_0.95,1480,37,40,30,50.25,4.5,0.999712,0.968418,1240000,p30_upper_bound_below_threshold,False,0.11348016244923462,62.5493784121781,25.74515674015531,0.0,2094.0,2094.0,-0.8365198375507653
P30_ge_0.95,1480,37,40,30,50.25,6.75,0.999731,0.968316,1240000,p30_upper_bound_below_threshold,False,0.1134020618556701,64.61785254334126,25.643467742441494,0.0,2093.0,2093.0,-0.8365979381443298
P30_ge_0.95,1480,37,40,31,50.25,0.0,0.999789,0.968237,1240000,p30_upper_bound_below_threshold,False,0.10535770071852546,75.13281906484181,26.354588743221157,0.0,1990.0,1990.0,-0.8446422992814745
P30_ge_0.95,1480,37,40,31,50.25,4.5,0.999794,0.968234,1240000,p30_upper_bound_below_threshold,False,0.09497032177444549,72.49800397849914,26.374378036285492,0.023694130317716746,1857.0,1813.0,-0.8550296782255544
P30_ge_0.95,1480,37,40,31,50.25,2.25,0.999794,0.968162,1240000,p30_upper_bound_below_threshold,False,0.10598250546704155,72.51547707451817,26.34746022867819,0.0,1998.0,1998.0,-0.8440174945329584
P30_ge_0.95,1480,37,40,31,50.25,6.75,0.999809,0.96815,1240000,p30_upper_bound_below_threshold,False,0.10223367697594501,72.41641293759227,26.42392406729032,0.0,1950.0,1950.0,-0.847766323024055
P30_ge_0.95,1480,37,40,32,50.25,0.0,0.999719,0.967722,1240000,p30_upper_bound_below_threshold,False,0.11418306779131522,77.51672890820721,26.215109459486673,0.0,2103.0,2103.0,-0.8358169322086847
P30_ge_0.95,1480,37,40,32,50.25,2.25,0.9997,0.967629,1240000,p30_upper_bound_below_threshold,False,0.10918462980318651,65.1788022824548,26.088185166933066,0.0,2039.0,2039.0,-0.8408153701968134
P30_ge_0.95,1480,37,40,32,50.25,6.75,0.999695,0.967535,1240000,p30_upper_bound_below_threshold,False,0.10731021555763824,76.12873270795214,26.38177283106225,0.0,2015.0,2015.0,-0.8426897844423618
P30_ge_0.95,1480,37,40,32,50.25,4.5,0.999692,0.967501,1240000,p30_upper_bound_below_threshold,False,0.10941893158388004,77.36017353771176,26.11574067876132,0.0,2042.0,2042.0,-0.8405810684161199
P30_ge_0.95,1480,37,40,30,49.75,4.5,0.999678,0.967371,1240000,p30_upper_bound_below_threshold,False,0.10395189003436427,61.53330083092327,26.434204185131364,0.0,1972.0,1972.0,-0.8460481099656357
P30_ge_0.95,1480,37,40,30,49.75,2.25,0.999692,0.967242,1240000,p30_upper_bound_below_threshold,False,0.09754764136207435,64.1545465285552,26.609202065935957,0.0,1890.0,1890.0,-0.8524523586379256
P30_ge_0.95,1480,37,40,31,49.75,6.75,0.999714,0.966915,1240000,p30_upper_bound_below_threshold,False,0.09817244611059044,74.99392180639974,26.77031912458236,0.0,1898.0,1898.0,-0.8518275538894096
P30_ge_0.95,1480,37,40,30,49.75,6.75,0.999659,0.9669,1240000,p30_upper_bound_below_threshold,False,0.09606373008434864,63.72017969946238,26.73707613681893,0.0,1871.0,1871.0,-0.8539362699156513
P30_ge_0.95,1480,37,40,30,49.75,0.0,0.999659,0.966867,1240000,p30_upper_bound_below_threshold,False,0.10317088409871915,73.4929293717926,26.78450923289012,0.0,1962.0,1962.0,-0.8468291159012808
P30_ge_0.95,1480,37,40,31,49.75,0.0,0.999704,0.966811,1240000,p30_upper_bound_below_threshold,False,0.10192127460168697,77.95144056593075,26.695015754751473,0.0,1946.0,1946.0,-0.848078725398313
P30_ge_0.95,1480,37,40,31,49.75,4.5,0.999709,0.966809,1240000,p30_upper_bound_below_threshold,False,0.09036238675413934,72.22172509479938,26.83493830469202,0.024471635150166853,1798.0,1754.0,-0.8596376132458606
P30_ge_0.95,1480,37,40,31,49.75,2.25,0.999704,0.966745,1240000,p30_upper_bound_below_threshold,False,0.10129646985317088,74.9775858961508,26.716323019593933,0.0,1938.0,1938.0,-0.8487035301468291
P30_ge_0.95,1480,37,40,32,49.75,4.5,0.999883,0.965295,1240000,p30_upper_bound_below_threshold,False,0.09950015620118713,77.06074648318202,26.583524167293245,0.0,1915.0,1915.0,-0.8504998437988128
P30_ge_0.95,1480,37,40,32,49.75,2.25,0.999892,0.965197,1240000,p30_upper_bound_below_threshold,False,0.10192127460168697,64.94656733360105,26.564466880844964,0.0,1946.0,1946.0,-0.848078725398313
P30_ge_0.95,1480,37,40,32,49.75,6.75,0.999869,0.965164,1240000,p30_upper_bound_below_threshold,False,0.10504529834426742,75.92812127829801,26.462649864568125,0.0,1986.0,1986.0,-0.8449547016557325
P30_ge_0.95,1480,37,40,32,49.75,0.0,0.999905,0.96498,1240000,p30_upper_bound_below_threshold,False,0.10309278350515463,77.21534911208879,26.786713034728223,0.0,1961.0,1961.0,-0.8469072164948453
P30_ge_0.95,1480,37,40,31,51.0,2.25,0.99963,0.96463,1240000,p30_upper_bound_below_threshold,False,0.1175413933145892,62.3993409511012,25.367698455203843,0.0,2146.0,2146.0,-0.8324586066854107
P30_ge_0.95,1480,37,40,31,51.0,4.5,0.999606,0.964548,1240000,p30_upper_bound_below_threshold,False,0.1098094345517026,62.59182290933718,25.29369769923286,0.02149487054225696,2047.0,2003.0,-0.8401905654482974
P30_ge_0.95,1480,37,40,31,51.0,0.0,0.999635,0.964373,1240000,p30_upper_bound_below_threshold,False,0.1169165885660731,64.28566475407176,25.402702018992507,0.0,2138.0,2138.0,-0.8330834114339268
P30_ge_0.95,1480,37,40,31,51.0,6.75,0.999649,0.964304,1240000,p30_upper_bound_below_threshold,False,0.11558887847547641,59.790147746055986,25.403170931465567,0.0,2121.0,2121.0,-0.8344111215245236
P30_ge_0.95,1500,125,12,84,49.75,7.5,0.999745,0.978335,1250000,p30_upper_bound_below_threshold,False,0.012730396751015307,221.81938122832526,79.7437800852334,0.02736318407960199,804.0,782.0,-0.9372696032489847
P30_ge_0.95,1500,125,12,84,49.75,0.0,0.999755,0.978326,1250000,p30_upper_bound_below_threshold,False,0.013199000312402374,216.2454531254153,80.38427987179759,0.0,810.0,810.0,-0.9368009996875976
P30_ge_0.95,1500,125,12,84,49.75,15.0,0.99977,0.977805,1250000,p30_upper_bound_below_threshold,False,0.013277100905966885,221.94750324097498,79.88863264868223,0.0,811.0,811.0,-0.9367228990940331
P30_ge_0.95,1500,125,12,84,49.75,22.5,0.999779,0.977621,1250000,p30_upper_bound_below_threshold,False,0.01358950328022493,176.7146814262433,76.83033634940652,0.0,815.0,815.0,-0.936410496719775
P30_ge_0.95,1500,125,12,84,50.25,7.5,0.999543,0.976713,1250000,p30_upper_bound_below_threshold,False,0.014526710402999063,222.1396006166704,75.22172191672959,0.026602176541717048,827.0,805.0,-0.9354732895970009
P30_ge_0.95,1500,125,12,84,50.25,0.0,0.999564,0.976667,1250000,p30_upper_bound_below_threshold,False,0.014917213370821619,216.73955561650325,75.95237056174084,0.0,832.0,832.0,-0.9350827866291783
P30_ge_0.95,1500,125,12,84,50.25,15.0,0.999568,0.976559,1250000,p30_upper_bound_below_threshold,False,0.014917213370821619,222.2740548057785,76.13745000145012,0.0,832.0,832.0,-0.9350827866291783
P30_ge_0.95,1500,125,12,84,50.25,22.5,0.999597,0.976444,1250000,p30_upper_bound_below_threshold,False,0.014917213370821619,176.7931443251376,74.49761244947383,0.0,832.0,832.0,-0.9350827866291783
P30_ge_0.95,1500,125,12,83,50.0,15.0,0.999729,0.974503,1250000,p30_upper_bound_below_threshold,False,0.013980006248047485,222.23520450034698,79.53653194652738,0.0,820.0,820.0,-0.9360199937519524
P30_ge_0.95,1500,125,12,83,50.0,0.0,0.999728,0.974484,1250000,p30_upper_bound_below_threshold,False,0.01437050921587004,222.24803943497764,79.93066166258504,0.0,825.0,825.0,-0.9356294907841299
P30_ge_0.95,1500,125,12,83,50.0,22.5,0.999724,0.974415,1250000,p30_upper_bound_below_threshold,False,0.014526710402999063,198.22068428290797,77.94875115562704,0.0,827.0,827.0,-0.9354732895970009
P30_ge_0.95,1500,125,12,83,50.0,7.5,0.999744,0.974272,1250000,p30_upper_bound_below_threshold,False,0.013355201499531396,222.49514678386907,80.57712559905691,0.0,812.0,812.0,-0.9366447985004686
P30_ge_0.95,1500,125,12,83,50.25,15.0,0.99959,0.974179,1250000,p30_upper_bound_below_threshold,False,0.014526710402999063,222.3949491361433,79.18620761688884,0.0,827.0,827.0,-0.9354732895970009
P30_ge_0.95,1500,125,12,83,50.25,0.0,0.999609,0.974159,1250000,p30_upper_bound_below_threshold,False,0.01577631990003124,222.40795943663971,77.47994310151316,0.0,843.0,843.0,-0.9342236800999687
P30_ge_0.95,1500,125,12,83,50.25,7.5,0.999576,0.973966,1250000,p30_upper_bound_below_threshold,False,0.014682911590128085,222.6563666991454,78.39266890659883,0.0,829.0,829.0,-0.9353170884098718
P30_ge_0.95,1500,125,12,83,50.25,22.5,0.99958,0.973952,1250000,p30_upper_bound_below_threshold,False,0.014526710402999063,198.36749694107513,77.13126161787545,0.0,827.0,827.0,-0.9354732895970009
P30_ge_0.95,1500,125,12,83,49.75,22.5,0.999838,0.973315,1250000,p30_upper_bound_below_threshold,False,0.013355201499531396,198.07755902531795,80.81980267832935,0.0,812.0,812.0,-0.9366447985004686
P30_ge_0.95,1500,125,12,83,49.75,0.0,0.999829,0.973216,1250000,p30_upper_bound_below_threshold,False,0.013199000312402374,222.09180513697953,82.28743493434685,0.0,810.0,810.0,-0.9368009996875976
P30_ge_0.95,1500,125,12,83,49.75,15.0,0.999876,0.97305,1250000,p30_upper_bound_below_threshold,False,0.013511402686660418,222.07914032536223,81.39201246344345,0.0,814.0,814.0,-0.9364885973133396
P30_ge_0.95,1500,125,12,83,49.75,7.5,0.999886,0.973004,1250000,p30_upper_bound_below_threshold,False,0.013199000312402374,222.3376313665681,81.79725192756993,0.0,810.0,810.0,-0.9368009996875976
P30_ge_0.95,1500,60,25,15,51.0,10.8,0.999186,0.97043,1250000,delay_lower_bound_reject,False,,,,,,,
P30_ge_0.95,1500,60,25,15,51.0,7.2,0.99922,0.970335,1250000,delay_lower_bound_reject,False,,,,,,,
P30_ge_0.95,1500,60,25,15,51.0,0.0,0.999191,0.970295,1250000,delay_lower_bound_reject,False,,,,,,,
P30_ge_0.95,1500,60,25,15,51.0,3.6,0.99921,0.970285,1250000,delay_lower_bound_reject,False,,,,,,,
P30_ge_0.95,1500,125,12,83,51.0,22.5,0.999099,0.968636,1250000,p30_upper_bound_below_threshold,False,0.016635426429240863,179.19868484365526,71.7710130545118,0.0,854.0,854.0,-0.9333645735707591
P30_ge_0.95,1500,125,12,83,51.0,0.0,0.999129,0.968634,1250000,p30_upper_bound_below_threshold,False,0.015932521087160263,195.58859086255978,73.79957595780803,0.0,845.0,845.0,-0.9340674789128397
P30_ge_0.95,1500,125,12,83,51.0,15.0,0.999172,0.968556,1250000,p30_upper_bound_below_threshold,False,0.016791627616369886,195.56327883386118,73.53922044085252,0.0,856.0,856.0,-0.9332083723836301
P30_ge_0.95,1500,125,12,83,51.0,7.5,0.999152,0.968453,1250000,p30_upper_bound_below_threshold,False,0.015620118712902219,178.93262000056922,75.27746754563418,0.0,841.0,841.0,-0.9343798812870977
P30_ge_0.95,1500,250,6,208,50.0,0.0,0.999718,0.965603,1250000,topology_reject,False,,,,,,,
P30_ge_0.95,1500,250,6,208,50.0,30.0,0.99968,0.96552,1250000,topology_reject,False,,,,,,,
P30_ge_0.95,1500,250,6,208,50.0,15.0,0.999727,0.96404,1250000,topology_reject,False,,,,,,,
P30_ge_0.95,1500,250,6,208,50.0,45.0,0.999797,0.963868,1250000,topology_reject,False,,,,,,,
P30_ge_0.95,1500,100,15,25,51.0,6.0,0.999641,0.962542,1250000,p30_upper_bound_below_threshold,False,0.01874414245548266,169.3790716617578,64.42825744805312,0.0,881.0,881.0,-0.9312558575445173
P30_ge_0.95,1500,100,15,25,51.0,12.0,0.999651,0.962442,1250000,p30_upper_bound_below_threshold,False,0.016947828803498908,176.89825846890201,68.42312559796098,0.0,858.0,858.0,-0.9330521711965011
P30_ge_0.95,1500,100,15,25,51.0,0.0,0.999626,0.962423,1250000,p30_upper_bound_below_threshold,False,0.017416432364885975,165.16398728444864,65.71281099397085,0.0,864.0,864.0,-0.932583567635114
P30_ge_0.95,1500,100,15,25,51.0,18.0,0.999622,0.96235,1250000,p30_upper_bound_below_threshold,False,0.016244923461418308,177.06157719210657,68.47086997001631,0.0,849.0,849.0,-0.9337550765385817
P30_ge_0.95,1520,38,40,32,50.0,0.0,0.999976,0.977852,1280000,p30_upper_bound_below_threshold,False,0.10199937519525148,71.78255104785144,25.866241031267,0.0,1947.0,1947.0,-0.8480006248047485
P30_ge_0.95,1520,38,40,32,50.0,4.5,0.999981,0.977676,1280000,p30_upper_bound_below_threshold,False,0.09661043423930021,74.2056826873201,26.209305527006922,0.0,1878.0,1878.0,-0.8533895657606998
P30_ge_0.95,1520,38,40,32,50.0,2.25,0.999981,0.977613,1280000,p30_upper_bound_below_threshold,False,0.10035926273039675,74.16589079365032,26.10339309502066,0.0,1926.0,1926.0,-0.8496407372696032
P30_ge_0.95,1520,38,40,31,50.25,0.0,0.999024,0.977497,1280000,p30_upper_bound_below_threshold,False,0.11566697906904093,62.58265610784533,24.800683559688334,0.0,2122.0,2122.0,-0.8343330209309591
P30_ge_0.95,1520,38,40,32,50.0,6.75,0.999971,0.977414,1280000,p30_upper_bound_below_threshold,False,0.09684473601999376,65.07582546920699,25.977829682417298,0.0,1881.0,1881.0,-0.8531552639800062
P30_ge_0.95,1520,38,40,31,50.25,6.75,0.999035,0.977406,1280000,p30_upper_bound_below_threshold,False,0.11558887847547641,66.84830871267606,24.798544927111315,0.0,2121.0,2121.0,-0.8344111215245236
P30_ge_0.95,1520,38,40,31,50.25,4.5,0.999035,0.977376,1280000,p30_upper_bound_below_threshold,False,0.11660418619181506,88.67434494256368,24.80155008084718,0.0,2134.0,2134.0,-0.833395813808185
P30_ge_0.95,1520,38,40,31,50.25,2.25,0.999029,0.977364,1280000,p30_upper_bound_below_threshold,False,0.11574507966260543,87.49290457152962,24.974149213527653,0.0,2123.0,2123.0,-0.8342549203373946
P30_ge_0.95,1520,38,40,31,49.75,0.0,0.999212,0.977262,1280000,p30_upper_bound_below_threshold,False,0.1134020618556701,65.24517817235046,25.325016070482317,0.0,2093.0,2093.0,-0.8365979381443298
P30_ge_0.95,1520,38,40,31,49.75,4.5,0.999233,0.977193,1280000,p30_upper_bound_below_threshold,False,0.1098094345517026,83.17547934022714,25.61648668194195,0.0,2047.0,2047.0,-0.8401905654482974
P30_ge_0.95,1520,38,40,31,49.75,2.25,0.999198,0.977182,1280000,p30_upper_bound_below_threshold,False,0.11426116838487972,65.31798998741785,25.439966256996,0.0,2104.0,2104.0,-0.8357388316151202
P30_ge_0.95,1520,38,40,31,49.75,6.75,0.999194,0.977163,1280000,p30_upper_bound_below_threshold,False,0.11512027491408934,50.54013980178347,25.105067222716787,0.0,2115.0,2115.0,-0.8348797250859106
P30_ge_0.95,1520,38,40,32,50.25,4.5,0.999947,0.976964,1280000,p30_upper_bound_below_threshold,False,0.09770384254920338,77.63220174626176,26.434991204351984,0.0,1892.0,1892.0,-0.8522961574507966
P30_ge_0.95,1520,38,40,32,50.25,0.0,0.999971,0.976853,1280000,p30_upper_bound_below_threshold,False,0.10504529834426742,71.92086002025783,25.99156710897742,0.0,1986.0,1986.0,-0.8449547016557325
P30_ge_0.95,1520,38,40,32,50.25,2.25,0.999962,0.976619,1280000,p30_upper_bound_below_threshold,False,0.10621680724773508,80.75947017372265,26.17758786755553,0.0,2001.0,2001.0,-0.8437831927522649
P30_ge_0.95,1520,38,40,32,50.25,6.75,0.999966,0.976596,1280000,p30_upper_bound_below_threshold,False,0.10387378944079975,63.98500575640739,26.068640481586684,0.0,1971.0,1971.0,-0.8461262105592002
P30_ge_0.95,1520,38,40,32,49.75,4.5,0.999986,0.975486,1280000,p30_upper_bound_below_threshold,False,0.09192439862542956,66.46058211482487,26.215294834373562,0.0,1818.0,1818.0,-0.8580756013745704
P30_ge_0.95,1520,38,40,33,49.75,0.0,0.999135,0.975388,1280000,p30_upper_bound_below_threshold,False,0.10293658231802562,70.67404847593066,26.68738268236526,0.0,1959.0,1959.0,-0.8470634176819744
P30_ge_0.95,1520,38,40,33,49.75,6.75,0.99913,0.975376,1280000,p30_upper_bound_below_threshold,False,0.10473289597000937,58.53359174917777,26.445418782652666,0.0,1982.0,1982.0,-0.8452671040299906
P30_ge_0.95,1520,38,40,32,49.75,2.25,0.99999,0.97536,1280000,p30_upper_bound_below_threshold,False,0.09262730396751015,68.0852928711576,26.109563180775687,0.0,1827.0,1827.0,-0.8573726960324898
P30_ge_0.95,1520,38,40,32,49.75,0.0,0.999995,0.975208,1280000,p30_upper_bound_below_threshold,False,0.09176819743830053,64.80936775990781,25.943259933115016,0.0,1816.0,1816.0,-0.8582318025616994
P30_ge_0.95,1520,38,40,33,49.75,2.25,0.999106,0.9752,1280000,p30_upper_bound_below_threshold,False,0.10309278350515463,77.14849291968814,26.721778949844637,0.0,1961.0,1961.0,-0.8469072164948453
P30_ge_0.95,1520,38,40,32,49.75,6.75,1.0,0.975188,1280000,p30_upper_bound_below_threshold,False,0.09169009684473602,69.61268689583744,25.880653474166937,0.0,1815.0,1815.0,-0.8583099031552639
P30_ge_0.95,1520,38,40,33,49.75,4.5,0.99913,0.975173,1280000,p30_upper_bound_below_threshold,False,0.10223367697594501,76.85539511902884,26.791990423196573,0.0,1950.0,1950.0,-0.847766323024055
P30_ge_0.95,1520,95,16,23,51.0,11.25,0.999363,0.975018,1280000,p30_upper_bound_below_threshold,False,0.01999375195251484,152.5675760728341,58.58480421668301,0.0,897.0,897.0,-0.9300062480474851
P30_ge_0.95,1520,95,16,23,51.0,5.625,0.999343,0.974942,1280000,p30_upper_bound_below_threshold,False,0.019837550765385816,155.79376070984839,58.32021978618897,0.0,895.0,895.0,-0.9301624492346141
P30_ge_0.95,1520,95,16,23,51.0,16.875,0.999407,0.974927,1280000,p30_upper_bound_below_threshold,False,0.020384254920337394,152.50318212981855,58.34158888234092,0.0,902.0,902.0,-0.9296157450796626
P30_ge_0.95,1520,95,16,23,51.0,0.0,0.999382,0.974904,1280000,p30_upper_bound_below_threshold,False,0.020540456107466416,155.84410558237659,58.461345843944834,0.0,904.0,904.0,-0.9294595438925335
P30_ge_0.95,1520,38,40,32,51.0,0.0,0.999851,0.973597,1280000,p30_upper_bound_below_threshold,False,0.1169165885660731,66.42841150795327,25.53733402931631,0.0,2138.0,2138.0,-0.8330834114339268
P30_ge_0.95,1520,38,40,32,51.0,2.25,0.999865,0.973591,1280000,p30_upper_bound_below_threshold,False,0.11777569509528273,87.26737418670021,25.89060156397392,0.0,2149.0,2149.0,-0.8322243049047172
P30_ge_0.95,1520,38,40,32,51.0,6.75,0.999856,0.973578,1280000,p30_upper_bound_below_threshold,False,0.11574507966260543,70.71725979731826,25.665678843741496,0.0,2123.0,2123.0,-0.8342549203373946
P30_ge_0.95,1520,38,40,32,51.0,4.5,0.999885,0.973519,1280000,p30_upper_bound_below_threshold,False,0.11777569509528273,87.22436517191491,25.738235086747345,0.0,2149.0,2149.0,-0.8322243049047172
P30_ge_0.95,1520,38,40,37,50.0,4.5,0.999689,0.968301,1280000,p30_upper_bound_below_threshold,False,0.09668853483286473,69.63637329966221,26.386517667305647,0.0,1879.0,1879.0,-0.8533114651671352
P30_ge_0.95,1520,38,40,37,50.0,6.75,0.999659,0.968218,1280000,p30_upper_bound_below_threshold,False,0.09910965323336457,69.3731773369904,26.03244904187132,0.0,1910.0,1910.0,-0.8508903467666353
P30_ge_0.95,1520,38,40,37,50.0,0.0,0.999684,0.968095,1280000,delay_lower_bound_reject,False,,,,,,,
P30_ge_0.95,1520,38,40,37,50.0,2.25,0.999636,0.967902,1280000,p30_upper_bound_below_threshold,False,0.10067166510465479,57.686263945965756,25.66844074961659,0.011398963730569948,1930.0,1908.0,-0.8493283348953452
P30_ge_0.95,1520,38,40,25,50.0,2.25,0.999589,0.965521,1280000,p30_upper_bound_below_threshold,False,0.09746954076850985,56.663589976955016,28.255962782452045,0.0,1889.0,1889.0,-0.8525304592314901
P30_ge_0.95,1520,38,40,25,50.0,6.75,0.999609,0.96549,1280000,p30_upper_bound_below_threshold,False,0.09676663542642924,93.28906056733284,28.439334134994038,0.0,1880.0,1880.0,-0.8532333645735707
P30_ge_0.95,1520,38,40,25,50.0,0.0,0.999594,0.965477,1280000,p30_upper_bound_below_threshold,False,0.0971571383942518,55.15260960442437,28.187516912204053,0.0,1885.0,1885.0,-0.8528428616057482
P30_ge_0.95,1520,38,40,37,51.0,6.75,0.999819,0.965383,1280000,p30_upper_bound_below_threshold,False,0.1204311152764761,64.65552877942127,25.538483438790987,0.0,2183.0,2183.0,-0.8295688847235239
P30_ge_0.95,1520,38,40,25,50.0,4.5,0.999628,0.965319,1280000,p30_upper_bound_below_threshold,False,0.0979381443298969,93.29840427714707,28.29609670411991,0.0,1895.0,1895.0,-0.8520618556701031
P30_ge_0.95,1520,38,40,37,51.0,0.0,0.999829,0.965268,1280000,p30_upper_bound_below_threshold,False,0.11558887847547641,63.60512433111329,25.537624413085805,0.0,2121.0,2121.0,-0.8344111215245236
P30_ge_0.95,1520,38,40,37,51.0,2.25,0.999804,0.965259,1280000,p30_upper_bound_below_threshold,False,0.11535457669478288,58.12051595587192,25.37149547086618,0.010387157695939566,2118.0,2096.0,-0.8346454233052171
P30_ge_0.95,1520,38,40,37,51.0,4.5,0.999804,0.965152,1280000,p30_upper_bound_below_threshold,False,0.11652608559825055,66.39027061496213,25.88228337540198,0.0,2133.0,2133.0,-0.8334739144017494
P30_ge_0.95,1520,38,40,0,51.0,4.5,0.999877,0.95738,1280000,p30_upper_bound_below_threshold,False,0.11558887847547641,62.74785584517882,25.378158713279518,0.0,2121.0,2121.0,-0.8344111215245236
P30_ge_0.95,1520,38,40,0,51.0,2.25,0.999886,0.957293,1280000,p30_upper_bound_below_threshold,False,0.11597938144329897,65.33822775465543,25.314585036035034,0.0,2126.0,2126.0,-0.834020618556701
P30_ge_0.95,1520,38,40,0,51.0,0.0,0.999882,0.957078,1280000,p30_upper_bound_below_threshold,False,0.11566697906904093,62.57861322379589,25.258159465666928,0.0,2122.0,2122.0,-0.8343330209309591
P30_ge_0.95,1520,38,40,0,51.0,6.75,0.999873,0.956948,1280000,p30_upper_bound_below_threshold,False,0.11543267728834739,65.71899028673596,25.43383689372374,0.0,2119.0,2119.0,-0.8345673227116526
P30_ge_0.95,1520,38,40,25,51.0,4.5,0.99962,0.955249,1280000,p30_upper_bound_below_threshold,False,0.09762574195563886,92.56364857491722,27.43618477328962,0.0,1891.0,1891.0,-0.8523742580443611
P30_ge_0.95,1520,38,40,25,51.0,6.75,0.999591,0.955192,1280000,p30_upper_bound_below_threshold,False,0.09692283661355826,92.55447430957072,27.520728853121167,0.0,1882.0,1882.0,-0.8530771633864417
P30_ge_0.95,1520,38,40,25,51.0,2.25,0.999586,0.955085,1280000,p30_upper_bound_below_threshold,False,0.0979381443298969,54.55031270697803,27.3194346942,0.0,1895.0,1895.0,-0.8520618556701031
P30_ge_0.95,1520,38,40,25,51.0,0.0,0.999556,0.954955,1280000,p30_upper_bound_below_threshold,False,0.09668853483286473,89.42351044781289,27.32737899361789,0.0,1879.0,1879.0,-0.8533114651671352
P30_ge_0.95,1540,35,44,24,50.25,2.045,0.999956,0.983631,1290000,p30_upper_bound_below_threshold,False,0.1289440799750078,82.60379963751994,24.468410793796604,0.0,2292.0,2292.0,-0.8210559200249922
P30_ge_0.95,1540,35,44,24,50.25,0.0,0.999961,0.983452,1290000,p30_upper_bound_below_threshold,False,0.13214620431115276,85.5518072140255,24.390166875450983,0.0,2333.0,2333.0,-0.8178537956888472
P30_ge_0.95,1540,35,44,24,50.25,6.136,0.999951,0.983438,1290000,p30_upper_bound_below_threshold,False,0.13214620431115276,57.99551132574017,24.238201973119875,0.0,2333.0,2333.0,-0.8178537956888472
P30_ge_0.95,1540,35,44,24,50.25,4.091,0.999931,0.983431,1290000,p30_upper_bound_below_threshold,False,0.12761636988441113,64.60330729222224,24.409135248880375,0.0,2275.0,2275.0,-0.8223836301155888
P30_ge_0.95,1540,35,44,23,50.0,4.091,0.99999,0.983125,1290000,p30_upper_bound_below_threshold,False,0.0944236176194939,55.85998371117807,28.687390478189,0.0,1850.0,1850.0,-0.855576382380506
P30_ge_0.95,1540,35,44,23,50.0,6.136,0.999995,0.9831,1290000,p30_upper_bound_below_threshold,False,0.09270540456107466,95.30942174931303,28.905951097617283,0.0,1828.0,1828.0,-0.8572945954389253
P30_ge_0.95,1540,35,44,23,50.0,2.045,1.0,0.983032,1290000,p30_upper_bound_below_threshold,False,0.09746954076850985,58.263750446784115,28.699956664831877,0.0,1889.0,1889.0,-0.8525304592314901
P30_ge_0.95,1540,35,44,23,50.0,0.0,0.999995,0.982898,1290000,p30_upper_bound_below_threshold,False,0.0957513277100906,53.67051619881444,28.704486017382532,0.0,1867.0,1867.0,-0.8542486722899094
P30_ge_0.95,1540,35,44,23,50.25,4.091,0.999985,0.982704,1290000,p30_upper_bound_below_threshold,False,0.0971571383942518,55.711178437431045,28.463694598012694,0.0,1885.0,1885.0,-0.8528428616057482
P30_ge_0.95,1540,35,44,23,50.25,6.136,0.999995,0.982687,1290000,p30_upper_bound_below_threshold,False,0.0944236176194939,95.13408274551824,28.663514308133898,0.0,1850.0,1850.0,-0.855576382380506
P30_ge_0.95,1540,35,44,23,50.25,0.0,0.99998,0.982594,1290000,p30_upper_bound_below_threshold,False,0.0971571383942518,53.53387745773586,28.40042465997655,0.0,1885.0,1885.0,-0.8528428616057482
P30_ge_0.95,1540,35,44,23,50.25,2.045,0.99998,0.982527,1290000,p30_upper_bound_below_threshold,False,0.10231177756950953,58.12860394717161,28.41980958220537,0.0,1951.0,1951.0,-0.8476882224304905
P30_ge_0.95,1540,35,44,23,49.75,6.136,1.0,0.982171,1290000,p30_upper_bound_below_threshold,False,0.09801624492346142,89.23683227344407,27.42723544982621,0.0,1896.0,1896.0,-0.8519837550765386
P30_ge_0.95,1540,35,44,22,50.25,6.136,0.99999,0.981974,1290000,p30_upper_bound_below_threshold,False,0.10637300843486411,56.49339887561662,28.08332542351688,0.0,2003.0,2003.0,-0.8436269915651359
P30_ge_0.95,1540,35,44,23,49.75,4.091,0.99999,0.981926,1290000,p30_upper_bound_below_threshold,False,0.10035926273039675,57.7541909364605,27.121208892959693,0.0,1926.0,1926.0,-0.8496407372696032
P30_ge_0.95,1540,35,44,22,49.75,2.045,0.999953,0.981905,1290000,p30_upper_bound_below_threshold,False,0.09450171821305842,56.7536051001378,28.713981176223854,0.0,1851.0,1851.0,-0.8554982817869415
P30_ge_0.95,1540,35,44,23,49.75,0.0,1.0,0.981828,1290000,p30_upper_bound_below_threshold,False,0.1021555763823805,53.810152548442026,27.175970151176603,0.0,1949.0,1949.0,-0.8478444236176195
P30_ge_0.95,1540,35,44,23,49.75,2.045,0.999995,0.981776,1290000,p30_upper_bound_below_threshold,False,0.10223367697594501,58.40164686371984,27.14134654265688,0.0,1950.0,1950.0,-0.847766323024055
P30_ge_0.95,1540,35,44,22,49.75,0.0,0.999929,0.981736,1290000,p30_upper_bound_below_threshold,False,0.09348641049671977,56.018298405806796,28.69853480446518,0.0,1838.0,1838.0,-0.8565135895032802
P30_ge_0.95,1540,35,44,22,49.75,4.091,0.999919,0.981588,1290000,p30_upper_bound_below_threshold,False,0.09356451109028428,56.06689240428675,28.671285405141543,0.0,1839.0,1839.0,-0.8564354889097157
P30_ge_0.95,1540,35,44,24,49.75,2.045,0.999936,0.981578,1290000,p30_upper_bound_below_threshold,False,0.12449234614183068,80.8710282722969,25.21822592792696,0.0,2235.0,2235.0,-0.8255076538581693
P30_ge_0.95,1540,35,44,24,49.75,4.091,0.999921,0.981489,1290000,p30_upper_bound_below_threshold,False,0.11785379568884724,64.9880094893546,25.228312091362604,0.0,2150.0,2150.0,-0.8321462043111527
P30_ge_0.95,1540,35,44,22,49.75,6.136,0.999886,0.981424,1290000,p30_upper_bound_below_threshold,False,0.09356451109028428,56.81351449281936,28.751615800176236,0.0,1839.0,1839.0,-0.8564354889097157
P30_ge_0.95,1540,35,44,22,50.25,0.0,0.999995,0.981415,1290000,p30_upper_bound_below_threshold,False,0.10746641674476726,55.73254259056508,27.9376268284948,0.0,2017.0,2017.0,-0.8425335832552328
P30_ge_0.95,1540,35,44,24,49.75,0.0,0.999941,0.981323,1290000,p30_upper_bound_below_threshold,False,0.12589815682599187,79.70572355926922,25.105720517057666,0.0,2253.0,2253.0,-0.8241018431740081
P30_ge_0.95,1540,35,44,22,50.25,4.091,0.999995,0.981322,1290000,p30_upper_bound_below_threshold,False,0.1069978131833802,55.78095202604574,27.99941648585583,0.0,2011.0,2011.0,-0.8430021868166198
P30_ge_0.95,1540,35,44,24,49.75,6.136,0.999946,0.981313,1290000,p30_upper_bound_below_threshold,False,0.12628865979381443,51.279052255550226,24.91861737713051,0.0,2258.0,2258.0,-0.8237113402061855
P30_ge_0.95,1540,35,44,22,50.25,2.045,1.0,0.980789,1290000,p30_upper_bound_below_threshold,False,0.10691971258981568,54.237155146927776,28.116345300773755,0.0,2010.0,2010.0,-0.8430802874101843
P30_ge_0.95,1540,154,10,26,50.0,9.0,0.999169,0.978938,1290000,p30_upper_bound_below_threshold,False,0.012574195563886285,242.17155842065057,87.81886059698266,0.0,802.0,802.0,-0.9374258044361137
P30_ge_0.95,1540,35,44,23,51.0,4.091,0.999877,0.978641,1290000,p30_upper_bound_below_threshold,False,0.09606373008434864,52.823601311851725,27.754018563090067,0.011758417958311064,1871.0,1849.0,-0.8539362699156513
P30_ge_0.95,1540,35,44,23,51.0,6.136,0.999907,0.978621,1290000,p30_upper_bound_below_threshold,False,0.09825054670415495,94.60719227819878,28.016701261161415,0.0,1899.0,1899.0,-0.851749453295845
P30_ge_0.95,1540,35,44,23,51.0,2.045,0.999868,0.97851,1290000,p30_upper_bound_below_threshold,False,0.10121836925960637,52.18098292329718,27.660553860411994,0.0,1937.0,1937.0,-0.8487816307403936
P30_ge_0.95,1540,35,44,23,51.0,0.0,0.999887,0.978473,1290000,p30_upper_bound_below_threshold,False,0.10231177756950953,51.38031382602446,27.66447965978705,0.0,1951.0,1951.0,-0.8476882224304905
P30_ge_0.95,1540,154,10,26,50.0,0.0,0.99938,0.97772,1290000,p30_upper_bound_below_threshold,False,0.013277100905966885,245.76288999848208,86.80065675276195,0.0,811.0,811.0,-0.9367228990940331
P30_ge_0.95,1540,154,10,26,50.0,18.0,0.99957,0.977038,1290000,p30_upper_bound_below_threshold,False,0.013355201499531396,274.836104626692,86.12529359898615,0.0,812.0,812.0,-0.9366447985004686
P30_ge_0.95,1540,154,10,26,50.0,27.0,0.999855,0.976385,1290000,p30_upper_bound_below_threshold,False,0.012808497344579818,198.8390018956667,86.92226651060146,0.0,805.0,805.0,-0.9371915026554202
P30_ge_0.95,1540,35,44,29,50.0,2.045,0.999849,0.976197,1290000,delay_lower_bound_reject,False,,,,,,,
P30_ge_0.95,1540,35,44,29,50.0,6.136,0.999864,0.976118,1290000,p30_upper_bound_below_threshold,False,0.10637300843486411,64.08410104719893,25.55242126319405,0.0,2003.0,2003.0,-0.8436269915651359
P30_ge_0.95,1540,35,44,29,50.0,4.091,0.999839,0.976083,1290000,p30_upper_bound_below_threshold,False,0.10824742268041238,67.96666773525648,25.594232766944405,0.0,2027.0,2027.0,-0.8417525773195875
P30_ge_0.95,1540,35,44,29,50.0,0.0,0.999879,0.976061,1290000,p30_upper_bound_below_threshold,False,0.10598250546704155,64.14665326759251,25.442352109176635,0.011011011011011011,1998.0,1976.0,-0.8440174945329584
P30_ge_0.95,1540,35,44,18,50.0,2.045,0.999387,0.973064,1290000,p30_upper_bound_below_threshold,False,0.1013745704467354,52.12614755728007,27.314765036425744,0.0,1939.0,1939.0,-0.8486254295532646
P30_ge_0.95,1540,35,44,29,51.0,4.091,0.999652,0.973031,1290000,p30_upper_bound_below_threshold,False,0.11636988441112152,68.81511485488515,25.207179113671085,0.0,2131.0,2131.0,-0.8336301155888785
P30_ge_0.95,1540,35,44,18,50.0,4.091,0.999392,0.972988,1290000,p30_upper_bound_below_threshold,False,0.10121836925960637,82.18164353999329,27.341971780626643,0.0,1937.0,1937.0,-0.8487816307403936
P30_ge_0.95,1540,35,44,18,50.0,6.136,0.999396,0.972952,1290000,p30_upper_bound_below_threshold,False,0.10309278350515463,82.00834867225112,27.277684531558315,0.0,1961.0,1961.0,-0.8469072164948453
P30_ge_0.95,1540,35,44,29,51.0,2.045,0.999637,0.97294,1290000,delay_lower_bound_reject,False,,,,,,,
P30_ge_0.95,1540,35,44,18,50.0,0.0,0.999382,0.972915,1290000,p30_upper_bound_below_threshold,False,0.10379568884723524,48.61596893561054,27.089046433729223,0.0,1970.0,1970.0,-0.8462043111527647
P30_ge_0.95,1540,35,44,29,51.0,6.136,0.999657,0.972737,1290000,p30_upper_bound_below_threshold,False,0.1175413933145892,57.80691250906594,25.261001466078543,0.0,2146.0,2146.0,-0.8324586066854107
P30_ge_0.95,1540,35,44,29,51.0,0.0,0.999632,0.972659,1290000,p30_upper_bound_below_threshold,False,0.11722899094033115,57.806340738919,25.025404681551667,0.01027077497665733,2142.0,2120.0,-0.8327710090596688
P30_ge_0.95,1540,220,7,183,50.0,12.857,1.0,0.97217,1290000,p30_upper_bound_below_threshold,False,0.00788815995001562,2205.8950390375667,493.5662277964041,0.0,742.0,742.0,-2.175895039037567
P30_ge_0.95,1540,220,7,183,50.0,25.714,1.0,0.972103,1290000,p30_upper_bound_below_threshold,False,0.008356763511402687,2205.89737651312,462.1767307161108,0.0,748.0,748.0,-2.17589737651312
P30_ge_0.95,1540,220,7,183,50.0,0.0,1.0,0.972099,1290000,p30_upper_bound_below_threshold,False,0.007341455795064043,2205.8178226282193,477.36727695811544,0.0,735.0,735.0,-2.1758178226282197
P30_ge_0.95,1540,220,7,183,50.0,38.571,1.0,0.972041,1290000,p30_upper_bound_below_threshold,False,0.0072633552014995315,2205.8208089114055,455.5660231844658,0.0,734.0,734.0,-2.1758208089114057
P30_ge_0.95,1540,220,7,183,51.0,25.714,1.0,0.966675,1290000,p30_upper_bound_below_threshold,False,0.009762574195563886,2024.9544618275665,377.5465633274664,0.0,766.0,766.0,-1.9949544618275665
P30_ge_0.95,1540,220,7,183,51.0,12.857,1.0,0.966577,1290000,p30_upper_bound_below_threshold,False,0.008825367072789754,2024.8053683846874,392.5675073488262,0.0,754.0,754.0,-1.9948053683846874
P30_ge_0.95,1540,220,7,183,51.0,38.571,1.0,0.966561,1290000,p30_upper_bound_below_threshold,False,0.009606373008434864,2025.135046833634,384.9302338247051,0.0,764.0,764.0,-1.995135046833634
P30_ge_0.95,1540,220,7,183,51.0,0.0,1.0,0.966471,1290000,p30_upper_bound_below_threshold,False,0.010387378944079975,2025.3436626211178,363.9462117431721,0.0,774.0,774.0,-1.9953436626211178
P30_ge_0.95,1560,130,12,87,50.0,22.5,1.0,0.987516,1300000,p30_upper_bound_below_threshold,False,0.014214308028741018,248.05483795086758,81.16386691131812,0.0,823.0,823.0,-0.9357856919712589
P30_ge_0.95,1560,130,12,87,50.0,7.5,1.0,0.987488,1300000,p30_upper_bound_below_threshold,False,0.01366760387378944,178.20527379707275,78.6839919546003,0.0,816.0,816.0,-0.9363323961262106
P30_ge_0.95,1560,130,12,87,50.25,22.5,0.999967,0.987413,1300000,p30_upper_bound_below_threshold,False,0.014214308028741018,248.21860789487292,80.65726970424213,0.0,823.0,823.0,-0.9357856919712589
P30_ge_0.95,1560,130,12,87,50.25,15.0,0.999949,0.987378,1300000,p30_upper_bound_below_threshold,False,0.014604810996563574,178.05762307869722,78.29481442704254,0.0,828.0,828.0,-0.9353951890034364
P30_ge_0.95,1560,130,12,87,50.0,15.0,1.0,0.987343,1300000,p30_upper_bound_below_threshold,False,0.01366760387378944,178.01306123029252,79.3712282645527,0.0,816.0,816.0,-0.9363323961262106
P30_ge_0.95,1560,130,12,87,50.25,7.5,0.999953,0.987271,1300000,p30_upper_bound_below_threshold,False,0.014448609809434552,178.2510703607037,77.39604934880082,0.0,826.0,826.0,-0.9355513901905654
P30_ge_0.95,1560,130,12,87,50.0,0.0,1.0,0.987248,1300000,p30_upper_bound_below_threshold,False,0.013355201499531396,177.92406301130393,80.1986552911413,0.0,812.0,812.0,-0.9366447985004686
P30_ge_0.95,1560,130,12,87,50.25,0.0,0.999967,0.987122,1300000,p30_upper_bound_below_threshold,False,0.014917213370821619,177.96680402829583,77.15365348003671,0.0,832.0,832.0,-0.9350827866291783
P30_ge_0.95,1560,130,12,88,49.75,7.5,1.0,0.986859,1300000,p30_upper_bound_below_threshold,False,0.013980006248047485,200.03736905137586,81.36473599497393,0.0,820.0,820.0,-0.9360199937519524
P30_ge_0.95,1560,130,12,88,49.75,0.0,1.0,0.986851,1300000,p30_upper_bound_below_threshold,False,0.013355201499531396,233.24815625056868,83.43494136660722,0.0,812.0,812.0,-0.9366447985004686
P30_ge_0.95,1560,130,12,88,49.75,22.5,1.0,0.986765,1300000,p30_upper_bound_below_threshold,False,0.01366760387378944,223.39500703205204,80.44830984449986,0.0,816.0,816.0,-0.9363323961262106
P30_ge_0.95,1560,130,12,88,49.75,15.0,1.0,0.986724,1300000,p30_upper_bound_below_threshold,False,0.01366760387378944,196.06019478056768,80.62743196875525,0.0,816.0,816.0,-0.9363323961262106
P30_ge_0.95,1560,130,12,87,49.75,7.5,1.0,0.986163,1300000,p30_upper_bound_below_threshold,False,0.01288659793814433,179.2264108018139,81.34000856113593,0.0,806.0,806.0,-0.9371134020618557
P30_ge_0.95,1560,130,12,87,49.75,22.5,1.0,0.98614,1300000,p30_upper_bound_below_threshold,False,0.012730396751015307,247.89479215524722,83.21176118139483,0.0,804.0,804.0,-0.9372696032489847
P30_ge_0.95,1560,130,12,87,49.75,15.0,1.0,0.986117,1300000,p30_upper_bound_below_threshold,False,0.013199000312402374,180.11159736813534,81.11147976403333,0.0,810.0,810.0,-0.9368009996875976
P30_ge_0.95,1560,130,12,87,49.75,0.0,1.0,0.986081,1300000,p30_upper_bound_below_threshold,False,0.012574195563886285,180.06188944333104,81.92323498749788,0.0,802.0,802.0,-0.9374258044361137
P30_ge_0.95,1560,130,12,88,50.25,15.0,1.0,0.986052,1300000,p30_upper_bound_below_threshold,False,0.014526710402999063,196.34028478150083,77.78053463624899,0.0,827.0,827.0,-0.9354732895970009
P30_ge_0.95,1560,130,12,88,50.25,0.0,0.999995,0.98604,1300000,p30_upper_bound_below_threshold,False,0.014917213370821619,233.72463743798997,78.71835832618835,0.0,832.0,832.0,-0.9350827866291783
P30_ge_0.95,1560,130,12,88,50.25,22.5,1.0,0.985937,1300000,p30_upper_bound_below_threshold,False,0.015151515151515152,223.7058637993331,78.51484429247239,0.0,835.0,835.0,-0.9348484848484848
P30_ge_0.95,1560,130,12,88,50.25,7.5,1.0,0.985887,1300000,p30_upper_bound_below_threshold,False,0.015151515151515152,200.33529757180423,77.23616438150279,0.0,835.0,835.0,-0.9348484848484848
P30_ge_0.95,1560,130,12,87,51.0,15.0,0.999792,0.984563,1300000,p30_upper_bound_below_threshold,False,0.016166822867853797,178.1976169565914,72.84031030057835,0.0,848.0,848.0,-0.9338331771321462
P30_ge_0.95,1560,130,12,87,51.0,22.5,0.999788,0.984485,1300000,p30_upper_bound_below_threshold,False,0.01499531396438613,216.5045106685772,75.92624006308195,0.0,833.0,833.0,-0.9350046860356138
P30_ge_0.95,1560,130,12,87,51.0,7.5,0.999773,0.984477,1300000,p30_upper_bound_below_threshold,False,0.015932521087160263,178.37302276201487,72.07693430768515,0.0,845.0,845.0,-0.9340674789128397
P30_ge_0.95,1560,130,12,87,51.0,0.0,0.999778,0.984439,1300000,p30_upper_bound_below_threshold,False,0.016713527022805375,178.193857858392,73.5739360565229,0.0,855.0,855.0,-0.9332864729771946
P30_ge_0.95,1560,65,24,16,50.0,11.25,0.999542,0.984425,1300000,p30_upper_bound_below_threshold,False,0.02514839112777257,155.01159325722864,48.1260022172467,0.0,963.0,963.0,-0.9248516088722274
P30_ge_0.95,1560,65,24,16,50.0,7.5,0.999513,0.984334,1300000,p30_upper_bound_below_threshold,False,0.028428616057482037,138.43025137574855,46.40817413509983,0.0,1005.0,1005.0,-0.9215713839425179
P30_ge_0.95,1560,65,24,16,50.0,0.0,0.999562,0.984297,1300000,p30_upper_bound_below_threshold,False,0.02514839112777257,158.64014027237812,48.820724114833446,0.0,963.0,963.0,-0.9248516088722274
P30_ge_0.95,1560,65,24,16,50.0,3.75,0.999557,0.984197,1300000,p30_upper_bound_below_threshold,False,0.026163698844111214,169.67930778925853,48.2610447458635,0.0,976.0,976.0,-0.9238363011558888
P30_ge_0.95,1560,130,12,86,50.25,22.5,0.999107,0.983465,1300000,p30_upper_bound_below_threshold,False,0.014761012183692596,197.22485632924366,80.39303262806193,0.0,830.0,830.0,-0.9352389878163073
P30_ge_0.95,1560,130,12,86,50.25,0.0,0.999083,0.98344,1300000,p30_upper_bound_below_threshold,False,0.01569821930646673,179.82631550461068,79.5195958534115,0.0,842.0,842.0,-0.9343017806935332
P30_ge_0.95,1560,130,12,86,50.25,7.5,0.999107,0.983343,1300000,p30_upper_bound_below_threshold,False,0.015620118712902219,245.69573300777682,80.36263026714268,0.0,841.0,841.0,-0.9343798812870977
P30_ge_0.95,1560,130,12,86,49.75,22.5,0.999308,0.983328,1300000,p30_upper_bound_below_threshold,False,0.012808497344579818,196.95166482858548,83.81813406428147,0.0,805.0,805.0,-0.9371915026554202
P30_ge_0.95,1560,130,12,86,50.25,15.0,0.99915,0.983318,1300000,p30_upper_bound_below_threshold,False,0.01507341455795064,221.82189346624807,79.76243752487473,0.0,834.0,834.0,-0.9349265854420493
P30_ge_0.95,1560,130,12,86,49.75,0.0,0.999333,0.983298,1300000,p30_upper_bound_below_threshold,False,0.012730396751015307,178.88565742771684,84.327197982237,0.0,804.0,804.0,-0.9372696032489847
P30_ge_0.95,1560,130,12,86,49.75,7.5,0.999308,0.983285,1300000,p30_upper_bound_below_threshold,False,0.01366760387378944,221.35846996705425,83.86856647970741,0.0,816.0,816.0,-0.9363323961262106
P30_ge_0.95,1560,130,12,86,49.75,15.0,0.999303,0.983178,1300000,p30_upper_bound_below_threshold,False,0.013433302093095907,249.18479931175165,82.9150422403448,0.0,813.0,813.0,-0.936566697906904
P30_ge_0.95,1560,65,24,16,51.0,7.5,0.999576,0.982737,1300000,p30_upper_bound_below_threshold,False,0.03397375820056232,137.58921546799166,43.29485818028303,0.0,1076.0,1076.0,-0.9160262417994376
P30_ge_0.95,1560,65,24,16,51.0,3.75,0.999576,0.982664,1300000,p30_upper_bound_below_threshold,False,0.031865042174320526,141.11178841144417,44.39516040796741,0.0,1049.0,1049.0,-0.9181349578256794
P30_ge_0.95,1560,39,40,32,50.0,4.5,1.0,0.982651,1300000,p30_upper_bound_below_threshold,False,0.1013745704467354,52.967199154020236,26.7773006106151,0.0,1939.0,1939.0,-0.8486254295532646
P30_ge_0.95,1560,65,24,16,51.0,11.25,0.99961,0.982598,1300000,p30_upper_bound_below_threshold,False,0.031708840987191504,141.19612209951504,43.08073563062941,0.0,1047.0,1047.0,-0.9182911590128084
P30_ge_0.95,1560,39,40,32,50.0,6.75,0.999995,0.982582,1300000,p30_upper_bound_below_threshold,False,0.09590752889721962,93.81551142989456,27.331094028653947,0.0,1869.0,1869.0,-0.8540924711027803
P30_ge_0.95,1560,39,40,32,50.0,0.0,1.0,0.982511,1300000,p30_upper_bound_below_threshold,False,0.10067166510465479,53.49028778854876,26.8423458160118,0.0,1930.0,1930.0,-0.8493283348953452
P30_ge_0.95,1560,65,24,16,51.0,0.0,0.999576,0.982446,1300000,p30_upper_bound_below_threshold,False,0.02936582318025617,154.38555835589085,44.644122303585256,0.0,1017.0,1017.0,-0.9206341768197438
P30_ge_0.95,1560,39,40,32,50.0,2.25,1.0,0.982154,1300000,p30_upper_bound_below_threshold,False,0.09676663542642924,53.36451754446517,27.004548463256203,0.0,1880.0,1880.0,-0.8532333645735707
P30_ge_0.95,1560,39,40,32,51.0,2.25,0.999909,0.979302,1300000,p30_upper_bound_below_threshold,False,0.07731958762886598,65.08969101753762,29.175599069389243,0.0,1631.0,1631.0,-0.872680412371134
P30_ge_0.95,1560,260,6,217,50.0,45.0,0.999249,0.979267,1300000,p30_upper_bound_below_threshold,False,0.006560449859418931,2796.666242167531,804.1934683638303,0.0,725.0,725.0,-2.766666242167531
P30_ge_0.95,1560,260,6,217,50.0,30.0,0.999045,0.979242,1300000,p30_upper_bound_below_threshold,False,0.008044361137144643,2642.8654328468892,724.4905071735161,0.0,744.0,744.0,-2.612865432846889
P30_ge_0.95,1560,39,40,32,51.0,0.0,0.999933,0.979233,1300000,p30_upper_bound_below_threshold,False,0.08161512027491409,63.89405353275891,28.85136519170702,0.0,1686.0,1686.0,-0.8683848797250858
P30_ge_0.95,1560,39,40,32,51.0,4.5,0.999895,0.979131,1300000,p30_upper_bound_below_threshold,False,0.08005310840362387,59.54211135710771,28.846695044491923,0.0,1666.0,1666.0,-0.8699468915963761
P30_ge_0.95,1560,39,40,32,51.0,6.75,0.999905,0.978947,1300000,p30_upper_bound_below_threshold,False,0.08325523273976883,103.54201625429963,29.017780072520516,0.0,1707.0,1707.0,-0.8667447672602311
P30_ge_0.95,1560,260,6,217,50.0,0.0,0.999182,0.978945,1300000,p30_upper_bound_below_threshold,False,0.00788815995001562,2642.8257433765793,736.3088925829168,0.0,742.0,742.0,-2.6128257433765794
P30_ge_0.95,1560,60,26,15,51.0,10.385,1.0,0.978546,1300000,p30_upper_bound_below_threshold,False,0.04279912527335208,149.9513163218417,35.26647961027756,0.0,1189.0,1189.0,-0.9072008747266479
P30_ge_0.95,1560,60,26,15,51.0,6.923,1.0,0.978415,1300000,p30_upper_bound_below_threshold,False,0.043658231802561696,142.44294648055183,35.23907341818934,0.0,1200.0,1200.0,-0.9063417681974383
P30_ge_0.95,1560,60,26,15,51.0,0.0,1.0,0.97841,1300000,p30_upper_bound_below_threshold,False,0.0429553264604811,149.95141839789056,35.391459237988116,0.0,1191.0,1191.0,-0.9070446735395189
P30_ge_0.95,1560,60,26,15,51.0,3.462,1.0,0.978386,1300000,p30_upper_bound_below_threshold,False,0.04279912527335208,147.61224505922502,36.5134223711801,0.0,1189.0,1189.0,-0.9072008747266479
P30_ge_0.95,1560,156,10,26,50.0,9.0,0.999692,0.977494,1300000,p30_upper_bound_below_threshold,False,0.01358950328022493,294.18409280334504,85.80015008659366,0.0,815.0,815.0,-0.936410496719775
P30_ge_0.95,1560,156,10,26,50.0,18.0,0.999711,0.977448,1300000,p30_upper_bound_below_threshold,False,0.01288659793814433,184.37064179085553,86.43358662321022,0.0,806.0,806.0,-0.9371134020618557
P30_ge_0.95,1560,156,10,26,50.0,27.0,0.999735,0.97737,1300000,p30_upper_bound_below_threshold,False,0.013042799125273351,304.66771902213276,88.38134558945681,0.0,808.0,808.0,-0.9369572008747266
P30_ge_0.95,1560,156,10,26,50.0,0.0,0.99973,0.97731,1300000,p30_upper_bound_below_threshold,False,0.011558887847547642,243.50998155765663,90.64566950849897,0.0,789.0,789.0,-0.9384411121524523
P30_ge_0.95,1560,39,40,38,50.0,0.0,1.0,0.976139,1300000,p30_upper_bound_below_threshold,False,0.10606060606060606,70.80803776778063,26.015771440852195,0.0,1999.0,1999.0,-0.8439393939393939
P30_ge_0.95,1560,39,40,38,50.0,4.5,1.0,0.97558,1300000,p30_upper_bound_below_threshold,False,0.10379568884723524,71.73038247052257,26.06404952690967,0.0,1970.0,1970.0,-0.8462043111527647
P30_ge_0.95,1560,39,40,38,50.0,6.75,1.0,0.975391,1300000,p30_upper_bound_below_threshold,False,0.10543580131208997,56.9232514395645,25.819756209329675,0.0,1991.0,1991.0,-0.84456419868791
P30_ge_0.95,1560,39,40,38,50.0,2.25,1.0,0.975351,1300000,p30_upper_bound_below_threshold,False,0.10785691971258982,69.07694795755903,25.892830313316196,0.0,2022.0,2022.0,-0.8421430802874101
P30_ge_0.95,1560,39,40,38,51.0,0.0,0.999995,0.973022,1300000,p30_upper_bound_below_threshold,False,0.11535457669478288,69.13589645525012,25.66546554719396,0.0,2118.0,2118.0,-0.8346454233052171
P30_ge_0.95,1560,39,40,38,51.0,4.5,0.999995,0.972946,1300000,p30_upper_bound_below_threshold,False,0.11238675413933145,70.91648356058595,25.707865549199163,0.0,2080.0,2080.0,-0.8376132458606685
P30_ge_0.95,1560,39,40,38,51.0,2.25,1.0,0.972433,1300000,p30_upper_bound_below_threshold,False,0.1175413933145892,63.86594221282432,25.443086681952508,0.0,2146.0,2146.0,-0.8324586066854107
P30_ge_0.95,1560,39,40,38,51.0,6.75,0.999985,0.972342,1300000,p30_upper_bound_below_threshold,False,0.11808809746954077,63.89992360757715,25.475922066238052,0.0,2153.0,2153.0,-0.8319119025304592
