candidate,S,replicate,seed,p30_all_bootstrap
S1540,1540,0,20260712,0.811748796881836
S1540,1540,1,20260712,0.8095135823091915
S1540,1540,2,20260712,0.8126953824126
S1540,1540,3,20260712,0.811796523883387
S1540,1540,4,20260712,0.8105715308435748
S1540,1540,5,20260712,0.811001073857535
S1540,1540,6,20260712,0.8108738018533985
S1540,1540,7,20260712,0.8098874438213418
S1540,1540,8,20260712,0.8123533389014835
S1540,1540,9,20260712,0.8127908364157022
S1540,1540,10,20260712,0.8099431253231516
S1540,1540,11,20260712,0.8105953943443504
S1540,1540,12,20260712,0.8116056158771825
S1540,1540,13,20260712,0.8107147118482282
S1540,1540,14,20260712,0.8107226663484867
S1540,1540,15,20260712,0.8105476673427991
S1540,1540,16,20260712,0.8123931114027763
S1540,1540,17,20260712,0.8117567513820945
S1540,1540,18,20260712,0.811016982858052
S1540,1540,19,20260712,0.8121544763950205
S1540,1540,20,20260712,0.8117249333810603
S1540,1540,21,20260712,0.8106113033448674
S1540,1540,22,20260712,0.8094817643081573
S1540,1540,23,20260712,0.8114544803722706
S1540,1540,24,20260712,0.8109931193572764
S1540,1540,25,20260712,0.8111999363639979
S1540,1540,26,20260712,0.8091715387980749
S1540,1540,27,20260712,0.8111840273634809
S1540,1540,28,20260712,0.8085431332776518
S1540,1540,29,20260712,0.8091079027960069
S1540,1540,30,20260712,0.8117328878813188
S1540,1540,31,20260712,0.8101101698285805
S1540,1540,32,20260712,0.8121942488963131
S1540,1540,33,20260712,0.8103726683371119
S1540,1540,34,20260712,0.8102533508332339
S1540,1540,35,20260712,0.8099510798234102
S1540,1540,36,20260712,0.8111840273634809
S1540,1540,37,20260712,0.8119794773893331
S1540,1540,38,20260712,0.8109453923557253
S1540,1540,39,20260712,0.8113112993676173
S1540,1540,40,20260712,0.8118362963846796
S1540,1540,41,20260712,0.8113351628683928
S1540,1540,42,20260712,0.8112397088652905
S1540,1540,43,20260712,0.8100226703257368
S1540,1540,44,20260712,0.8132840154317305
S1540,1540,45,20260712,0.8104442588394383
S1540,1540,46,20260712,0.8133715149345742
S1540,1540,47,20260712,0.8101260788290975
S1540,1540,48,20260712,0.811032891858569
S1540,1540,49,20260712,0.8101419878296146
S1540,1540,50,20260712,0.8112556178658075
S1540,1540,51,20260712,0.8095294913097085
S1540,1540,52,20260712,0.8130931074255259
S1540,1540,53,20260712,0.8118760688859723
S1540,1540,54,20260712,0.8096726723143618
S1540,1540,55,20260712,0.8112715268663246
S1540,1540,56,20260712,0.8120272043908842
S1540,1540,57,20260712,0.8111203913614128
S1540,1540,58,20260712,0.8111601638627053
S1540,1540,59,20260712,0.8105397128425407
S1540,1540,60,20260712,0.8108897108539157
S1540,1540,61,20260712,0.8106828938471942
S1540,1540,62,20260712,0.8108022113510719
S1540,1540,63,20260712,0.8099908523247027
S1540,1540,64,20260712,0.8112874358668416
S1540,1540,65,20260712,0.8087181322833393
S1540,1540,66,20260712,0.8115419798751143
S1540,1540,67,20260712,0.8121783398957961
S1540,1540,68,20260712,0.8108419838523645
S1540,1540,69,20260712,0.8107544843495207
S1540,1540,70,20260712,0.8101897148311658
S1540,1540,71,20260712,0.8107942568508133
S1540,1540,72,20260712,0.808041999761365
S1540,1540,73,20260712,0.811597661376924
S1540,1540,74,20260712,0.8101976693314243
S1540,1540,75,20260712,0.8117885693831285
S1540,1540,76,20260712,0.8116533428787338
S1540,1540,77,20260712,0.8094976733086744
S1540,1540,78,20260712,0.8095454003102255
S1540,1540,79,20260712,0.8111442548621882
S1540,1540,80,20260712,0.8107624388497792
S1540,1540,81,20260712,0.8109215288549497
S1540,1540,82,20260712,0.8095374458099671
S1540,1540,83,20260712,0.8116533428787336
S1540,1540,84,20260712,0.8124885654058784
S1540,1540,85,20260712,0.812544246907688
S1540,1540,86,20260712,0.8102056238316828
S1540,1540,87,20260712,0.809704490315396
S1540,1540,88,20260712,0.8111522093624468
S1540,1540,89,20260712,0.8104363043391799
S1540,1540,90,20260712,0.8104203953386628
S1540,1540,91,20260712,0.8095533548104841
S1540,1540,92,20260712,0.8130533349242334
S1540,1540,93,20260712,0.8094738098078987
S1540,1540,94,20260712,0.8112078908642565
S1540,1540,95,20260712,0.812512428906654
S1540,1540,96,20260712,0.8107385753490037
S1540,1540,97,20260712,0.8088533587877341
S1540,1540,98,20260712,0.8106749393469356
S1540,1540,99,20260712,0.8125522014079465
S1540,1540,100,20260712,0.8124885654058783
S1540,1540,101,20260712,0.8118362963846796
S1540,1540,102,20260712,0.8112397088652905
S1540,1540,103,20260712,0.8115658433758899
S1540,1540,104,20260712,0.8117408423815774
S1540,1540,105,20260712,0.8110726643598616
S1540,1540,106,20260712,0.8106590303464184
S1540,1540,107,20260712,0.811764705882353
S1540,1540,108,20260712,0.8118919778864893
S1540,1540,109,20260712,0.8106749393469356
S1540,1540,110,20260712,0.813061289424492
S1540,1540,111,20260712,0.8114624348725292
S1540,1540,112,20260712,0.8110249373583104
S1540,1540,113,20260712,0.8079863182595554
S1540,1540,114,20260712,0.8106908483474526
S1540,1540,115,20260712,0.8104919858409896
S1540,1540,116,20260712,0.8101181243288391
S1540,1540,117,20260712,0.8118681143857137
S1540,1540,118,20260712,0.8113033448673587
S1540,1540,119,20260712,0.8130692439247504
S1540,1540,120,20260712,0.8127033369128585
S1540,1540,121,20260712,0.8110567553593445
S1540,1540,122,20260712,0.8108022113510719
S1540,1540,123,20260712,0.8116533428787336
S1540,1540,124,20260712,0.8117010698802848
S1540,1540,125,20260712,0.8107544843495207
S1540,1540,126,20260712,0.8115897068766654
S1540,1540,127,20260712,0.8118044783836456
S1540,1540,128,20260712,0.8106192578451259
S1540,1540,129,20260712,0.8107942568508133
S1540,1540,130,20260712,0.8098556258203079
S1540,1540,131,20260712,0.8101260788290976
S1540,1540,132,20260712,0.8105874398440918
S1540,1540,133,20260712,0.8115340253748559
S1540,1540,134,20260712,0.8118681143857137
S1540,1540,135,20260712,0.811796523883387
S1540,1540,136,20260712,0.8085510877779104
S1540,1540,137,20260712,0.8102772143340096
S1540,1540,138,20260712,0.8121783398957961
S1540,1540,139,20260712,0.8104840313407311
S1540,1540,140,20260712,0.8112237998647736
S1540,1540,141,20260712,0.8121624308952791
S1540,1540,142,20260712,0.8104840313407311
S1540,1540,143,20260712,0.8109374378554667
S1540,1540,144,20260712,0.8101738058306487
S1540,1540,145,20260712,0.8108419838523644
S1540,1540,146,20260712,0.8091079027960069
S1540,1540,147,20260712,0.8111840273634807
S1540,1540,148,20260712,0.8111283458616713
S1540,1540,149,20260712,0.8094897188084158
S1540,1540,150,20260712,0.8109931193572764
S1540,1540,151,20260712,0.8111919818637393
S1540,1540,152,20260712,0.8119158413872648
S1540,1540,153,20260712,0.8111044823608957
S1540,1540,154,20260712,0.8104283498389213
S1540,1540,155,20260712,0.8108897108539156
S1540,1540,156,20260712,0.8107306208487453
S1540,1540,157,20260712,0.8114624348725291
S1540,1540,158,20260712,0.8117249333810602
S1540,1540,159,20260712,0.8101499423298731
S1540,1540,160,20260712,0.8101658513303902
S1540,1540,161,20260712,0.8116772063795091
S1540,1540,162,20260712,0.8127908364157022
S1540,1540,163,20260712,0.8116772063795091
S1540,1540,164,20260712,0.8121226583939863
S1540,1540,165,20260712,0.810118124328839
S1540,1540,166,20260712,0.8095772183112596
S1540,1540,167,20260712,0.8090044942926461
S1540,1540,168,20260712,0.811001073857535
S1540,1540,169,20260712,0.8101499423298731
S1540,1540,170,20260712,0.813260151930955
S1540,1540,171,20260712,0.8104283498389214
S1540,1540,172,20260712,0.8132681064312135
S1540,1540,173,20260712,0.8117885693831286
S1540,1540,174,20260712,0.8120351588911426
S1540,1540,175,20260712,0.8107067573479696
S1540,1540,176,20260712,0.8102931233345265
S1540,1540,177,20260712,0.8127351549138926
S1540,1540,178,20260712,0.8108419838523645
S1540,1540,179,20260712,0.8100147158254782
S1540,1540,180,20260712,0.809569263811001
S1540,1540,181,20260712,0.8095931273117766
S1540,1540,182,20260712,0.8105317583422822
S1540,1540,183,20260712,0.8129896989221652
S1540,1540,184,20260712,0.8127033369128585
S1540,1540,185,20260712,0.8122578848983812
S1540,1540,186,20260712,0.8088215407867
S1540,1540,187,20260712,0.8120033408901085
S1540,1540,188,20260712,0.8108022113510719
S1540,1540,189,20260712,0.8094260828063476
S1540,1540,190,20260712,0.8116692518792508
S1540,1540,191,20260712,0.8123056118999323
S1540,1540,192,20260712,0.8108817563536571
S1540,1540,193,20260712,0.8098158533190153
S1540,1540,194,20260712,0.8104999403412481
S1540,1540,195,20260712,0.8101340333293561
S1540,1540,196,20260712,0.8107226663484867
S1540,1540,197,20260712,0.8131408344270771
S1540,1540,198,20260712,0.813291969931989
S1540,1540,199,20260712,0.8118362963846796
S1540,1540,200,20260712,0.8110726643598616
S1540,1540,201,20260712,0.8099431253231516
S1540,1540,202,20260712,0.8130851529252675
S1540,1540,203,20260712,0.8115578888756314
S1540,1540,204,20260712,0.8104044863381458
S1540,1540,205,20260712,0.8105397128425406
S1540,1540,206,20260712,0.8116612973789922
S1540,1540,207,20260712,0.8099908523247027
S1540,1540,208,20260712,0.8120033408901085
S1540,1540,209,20260712,0.810086306327805
S1540,1540,210,20260712,0.8116851608797677
S1540,1540,211,20260712,0.8115181163743388
S1540,1540,212,20260712,0.8079942727598138
S1540,1540,213,20260712,0.8119715228890746
S1540,1540,214,20260712,0.8116374338782166
S1540,1540,215,20260712,0.8105476673427991
S1540,1540,216,20260712,0.8094817643081573
S1540,1540,217,20260712,0.8108181203515888
S1540,1540,218,20260712,0.8093067653024699
S1540,1540,219,20260712,0.809752217316947
S1540,1540,220,20260712,0.8103885773376288
S1540,1540,221,20260712,0.812711291413117
S1540,1540,222,20260712,0.8114942528735631
S1540,1540,223,20260712,0.8111681183629638
S1540,1540,224,20260712,0.8115658433758899
S1540,1540,225,20260712,0.8119317503877819
S1540,1540,226,20260712,0.8102215328321998
S1540,1540,227,20260712,0.8121703853955375
S1540,1540,228,20260712,0.8115101618740802
S1540,1540,229,20260712,0.811446525872012
S1540,1540,230,20260712,0.8112237998647736
S1540,1540,231,20260712,0.81065107584616
S1540,1540,232,20260712,0.8125203834069125
S1540,1540,233,20260712,0.8127987909159607
S1540,1540,234,20260712,0.8103090323350435
S1540,1540,235,20260712,0.8119874318895915
S1540,1540,236,20260712,0.8124328839040688
S1540,1540,237,20260712,0.8083681342719644
S1540,1540,238,20260712,0.811016982858052
S1540,1540,239,20260712,0.8111363003619299
S1540,1540,240,20260712,0.8108181203515888
S1540,1540,241,20260712,0.8102135783319412
S1540,1540,242,20260712,0.8079624547587797
S1540,1540,243,20260712,0.8095851728115181
S1540,1540,244,20260712,0.8123294754007079
S1540,1540,245,20260712,0.8100942608280635
S1540,1540,246,20260712,0.810818120351589
S1540,1540,247,20260712,0.8104601678399554
S1540,1540,248,20260712,0.8126158374100148
S1540,1540,249,20260712,0.8123215209004495
S1540,1540,250,20260712,0.8103647138368533
S1540,1540,251,20260712,0.812528337907171
S1540,1540,252,20260712,0.8116851608797678
S1540,1540,253,20260712,0.811812432883904
S1540,1540,254,20260712,0.8091715387980749
S1540,1540,255,20260712,0.8096408543133278
S1540,1540,256,20260712,0.8100942608280635
S1540,1540,257,20260712,0.8097840353179812
S1540,1540,258,20260712,0.8104203953386628
S1540,1540,259,20260712,0.8104601678399554
S1540,1540,260,20260712,0.8119953863898501
S1540,1540,261,20260712,0.8121783398957961
S1540,1540,262,20260712,0.8127908364157022
S1540,1540,263,20260712,0.8080817722626575
S1540,1540,264,20260712,0.8120033408901085
S1540,1540,265,20260712,0.8092033567991092
S1540,1540,266,20260712,0.8106749393469356
S1540,1540,267,20260712,0.8108976653541742
S1540,1540,268,20260712,0.8111203913614128
S1540,1540,269,20260712,0.8104919858409895
S1540,1540,270,20260712,0.8111363003619297
S1540,1540,271,20260712,0.8096885813148789
S1540,1540,272,20260712,0.810269259833751
S1540,1540,273,20260712,0.8104203953386627
S1540,1540,274,20260712,0.8126556099113074
S1540,1540,275,20260712,0.811812432883904
S1540,1540,276,20260712,0.8121703853955375
S1540,1540,277,20260712,0.8119715228890745
S1540,1540,278,20260712,0.8107465298492622
S1540,1540,279,20260712,0.8088692677882512
S1540,1540,280,20260712,0.8108817563536571
S1540,1540,281,20260712,0.811032891858569
S1540,1540,282,20260712,0.8105476673427991
S1540,1540,283,20260712,0.8107703933500378
S1540,1540,284,20260712,0.8126237919102732
S1540,1540,285,20260712,0.8108419838523645
S1540,1540,286,20260712,0.8103567593365947
S1540,1540,287,20260712,0.8113510718689098
S1540,1540,288,20260712,0.8133794694348327
S1540,1540,289,20260712,0.8104044863381458
S1540,1540,290,20260712,0.8102135783319412
S1540,1540,291,20260712,0.8095454003102255
S1540,1540,292,20260712,0.8103885773376288
S1540,1540,293,20260712,0.809752217316947
S1540,1540,294,20260712,0.8133874239350913
S1540,1540,295,20260712,0.8111203913614128
S1540,1540,296,20260712,0.8121385673945034
S1540,1540,297,20260712,0.8124487929045857
S1540,1540,298,20260712,0.8111283458616713
S1540,1540,299,20260712,0.8112078908642565
S1540,1540,300,20260712,0.8116851608797677
S1540,1540,301,20260712,0.8113351628683928
S1540,1540,302,20260712,0.8105556218430577
S1540,1540,303,20260712,0.8105953943443504
S1540,1540,304,20260712,0.8103328958358191
S1540,1540,305,20260712,0.8128067454162193
S1540,1540,306,20260712,0.8128544724177703
S1540,1540,307,20260712,0.8107624388497793
S1540,1540,308,20260712,0.8102056238316827
S1540,1540,309,20260712,0.8094658553076401
S1540,1540,310,20260712,0.8119397048880403
S1540,1540,311,20260712,0.8086226782802372
S1540,1540,312,20260712,0.8121465218947619
S1540,1540,313,20260712,0.8104283498389213
S1540,1540,314,20260712,0.8118442508849382
S1540,1540,315,20260712,0.8115897068766654
S1540,1540,316,20260712,0.8095135823091915
S1540,1540,317,20260712,0.8094419918068646
S1540,1540,318,20260712,0.8117328878813188
S1540,1540,319,20260712,0.8108658473531399
S1540,1540,320,20260712,0.8107067573479696
S1540,1540,321,20260712,0.810849938352623
S1540,1540,322,20260712,0.8123135664001909
S1540,1540,323,20260712,0.8092829018016944
S1540,1540,324,20260712,0.8107067573479696
S1540,1540,325,20260712,0.811764705882353
S1540,1540,326,20260712,0.811032891858569
S1540,1540,327,20260712,0.8118601598854552
S1540,1540,328,20260712,0.8127987909159607
S1540,1540,329,20260712,0.8126556099113073
S1540,1540,330,20260712,0.8124806109056198
S1540,1540,331,20260712,0.8114306168714951
S1540,1540,332,20260712,0.8102613053334925
S1540,1540,333,20260712,0.8091317662967824
S1540,1540,334,20260712,0.8102931233345265
S1540,1540,335,20260712,0.8123692479020005
S1540,1540,336,20260712,0.8108022113510719
S1540,1540,337,20260712,0.8117408423815774
S1540,1540,338,20260712,0.8104919858409896
S1540,1540,339,20260712,0.808041999761365
S1540,1540,340,20260712,0.8114385713717537
S1540,1540,341,20260712,0.8110885733603787
S1540,1540,342,20260712,0.812027204390884
S1540,1540,343,20260712,0.8120192498906257
S1540,1540,344,20260712,0.8110965278606371
S1540,1540,345,20260712,0.8128385634172532
S1540,1540,346,20260712,0.810682893847194
S1540,1540,347,20260712,0.8117328878813188
S1540,1540,348,20260712,0.8106431213459014
S1540,1540,349,20260712,0.8111840273634808
S1540,1540,350,20260712,0.8109692558565008
S1540,1540,351,20260712,0.8119158413872648
S1540,1540,352,20260712,0.811048800859086
S1540,1540,353,20260712,0.8102931233345265
S1540,1540,354,20260712,0.8117647058823529
S1540,1540,355,20260712,0.8102215328321998
S1540,1540,356,20260712,0.8125760649087221
S1540,1540,357,20260712,0.8096249453128106
S1540,1540,358,20260712,0.811828341884421
S1540,1540,359,20260712,0.808805631786183
S1540,1540,360,20260712,0.8111044823608957
S1540,1540,361,20260712,0.8111363003619299
S1540,1540,362,20260712,0.8111124368611543
S1540,1540,363,20260712,0.8094658553076403
S1540,1540,364,20260712,0.8104044863381458
S1540,1540,365,20260712,0.8105238038420236
S1540,1540,366,20260712,0.8109772103567593
S1540,1540,367,20260712,0.8119476593882989
S1540,1540,368,20260712,0.8109374378554668
S1540,1540,369,20260712,0.8123453844012251
S1540,1540,370,20260712,0.8103169868353021
S1540,1540,371,20260712,0.8094260828063476
S1540,1540,372,20260712,0.8085192697768763
S1540,1540,373,20260712,0.811001073857535
S1540,1540,374,20260712,0.8121942488963131
S1540,1540,375,20260712,0.8110806188601201
S1540,1540,376,20260712,0.809935170822893
S1540,1540,377,20260712,0.8064988267112118
S1540,1540,378,20260712,0.8110806188601201
S1540,1540,379,20260712,0.8115101618740802
S1540,1540,380,20260712,0.8099828978244442
S1540,1540,381,20260712,0.8111363003619299
S1540,1540,382,20260712,0.8129499264208727
S1540,1540,383,20260712,0.8111203913614128
S1540,1540,384,20260712,0.8090442667939387
S1540,1540,385,20260712,0.8126556099113074
S1540,1540,386,20260712,0.8114385713717536
S1540,1540,387,20260712,0.8104044863381458
S1540,1540,388,20260712,0.8113033448673587
S1540,1540,389,20260712,0.8106192578451259
S1540,1540,390,20260712,0.8114703893727877
S1540,1540,391,20260712,0.8090204032931632
S1540,1540,392,20260712,0.809656763313845
S1540,1540,393,20260712,0.8102215328321998
S1540,1540,394,20260712,0.810682893847194
S1540,1540,395,20260712,0.8102533508332339
S1540,1540,396,20260712,0.811979477389333
S1540,1540,397,20260712,0.8099431253231516
S1540,1540,398,20260712,0.810086306327805
S1540,1540,399,20260712,0.8130056079226822
S1540,1540,400,20260712,0.810682893847194
S1540,1540,401,20260712,0.8116215248776996
S1540,1540,402,20260712,0.8117328878813188
S1540,1540,403,20260712,0.8105078948415065
S1540,1540,404,20260712,0.8118760688859723
S1540,1540,405,20260712,0.8127510639144095
S1540,1540,406,20260712,0.8113987988704611
S1540,1540,407,20260712,0.8116612973789922
S1540,1540,408,20260712,0.810269259833751
S1540,1540,409,20260712,0.8113669808694269
S1540,1540,410,20260712,0.8119237958875233
S1540,1540,411,20260712,0.8130692439247504
S1540,1540,412,20260712,0.8123215209004494
S1540,1540,413,20260712,0.8096010818120352
S1540,1540,414,20260712,0.8090044942926461
S1540,1540,415,20260712,0.8119715228890745
S1540,1540,416,20260712,0.8105238038420236
S1540,1540,417,20260712,0.8116374338782166
S1540,1540,418,20260712,0.8117169788808019
S1540,1540,419,20260712,0.8125522014079465
S1540,1540,420,20260712,0.8132203794296623
S1540,1540,421,20260712,0.8111919818637394
S1540,1540,422,20260712,0.8102215328321998
S1540,1540,423,20260712,0.8115340253748557
S1540,1540,424,20260712,0.8116453883784752
S1540,1540,425,20260712,0.8123533389014834
S1540,1540,426,20260712,0.8115578888756313
S1540,1540,427,20260712,0.8098476713200493
S1540,1540,428,20260712,0.8110567553593445
S1540,1540,429,20260712,0.8118760688859723
S1540,1540,430,20260712,0.8130692439247504
S1540,1540,431,20260712,0.811215845364515
S1540,1540,432,20260712,0.8127510639144095
S1540,1540,433,20260712,0.8101817603309073
S1540,1540,434,20260712,0.8115499343753729
S1540,1540,435,20260712,0.8124487929045857
S1540,1540,436,20260712,0.8118124328839041
S1540,1540,437,20260712,0.8118601598854552
S1540,1540,438,20260712,0.8119715228890746
S1540,1540,439,20260712,0.8112953903671002
S1540,1540,440,20260712,0.8100942608280635
S1540,1540,441,20260712,0.8118601598854552
S1540,1540,442,20260712,0.8108181203515888
S1540,1540,443,20260712,0.813244242930438
S1540,1540,444,20260712,0.8101897148311658
S1540,1540,445,20260712,0.8104919858409895
S1540,1540,446,20260712,0.8098794893210834
S1540,1540,447,20260712,0.8113828898699439
S1540,1540,448,20260712,0.8090840392952313
S1540,1540,449,20260712,0.8109135743546912
S1540,1540,450,20260712,0.811796523883387
S1540,1540,451,20260712,0.810849938352623
S1540,1540,452,20260712,0.8096726723143619
S1540,1540,453,20260712,0.8095294913097085
S1540,1540,454,20260712,0.8106192578451259
S1540,1540,455,20260712,0.8101578968301317
S1540,1540,456,20260712,0.8108101658513305
S1540,1540,457,20260712,0.8119397048880403
S1540,1540,458,20260712,0.8107863023505549
S1540,1540,459,20260712,0.8098556258203079
S1540,1540,460,20260712,0.8111919818637394
S1540,1540,461,20260712,0.8121067493934694
S1540,1540,462,20260712,0.8106033488446089
S1540,1540,463,20260712,0.8114067533707194
S1540,1540,464,20260712,0.8119953863898501
S1540,1540,465,20260712,0.8111124368611543
S1540,1540,466,20260712,0.8113749353696854
S1540,1540,467,20260712,0.8115181163743388
S1540,1540,468,20260712,0.8122658393986397
S1540,1540,469,20260712,0.8098397168197908
S1540,1540,470,20260712,0.8123294754007079
S1540,1540,471,20260712,0.8112953903671002
S1540,1540,472,20260712,0.8122022033965717
S1540,1540,473,20260712,0.8107465298492622
S1540,1540,474,20260712,0.8121703853955375
S1540,1540,475,20260712,0.8120112953903671
S1540,1540,476,20260712,0.811581752376407
S1540,1540,477,20260712,0.8114067533707194
S1540,1540,478,20260712,0.8130771984250089
S1540,1540,479,20260712,0.8120033408901085
S1540,1540,480,20260712,0.8099431253231516
S1540,1540,481,20260712,0.8096408543133278
S1540,1540,482,20260712,0.8130215169231992
S1540,1540,483,20260712,0.8104283498389213
S1540,1540,484,20260712,0.8132760609314721
S1540,1540,485,20260712,0.8098397168197908
S1540,1540,486,20260712,0.8121306128942449
S1540,1540,487,20260712,0.8119397048880405
S1540,1540,488,20260712,0.8086624507815298
S1540,1540,489,20260712,0.8113669808694269
S1540,1540,490,20260712,0.8106749393469356
S1540,1540,491,20260712,0.8115897068766654
S1540,1540,492,20260712,0.8129578809211312
S1540,1540,493,20260712,0.8108181203515888
S1540,1540,494,20260712,0.8123056118999323
S1540,1540,495,20260712,0.809505627808933
S1540,1540,496,20260712,0.8095135823091916
S1540,1540,497,20260712,0.8103169868353021
S1540,1540,498,20260712,0.8114306168714951
S1540,1540,499,20260712,0.8097999443184981
S1680,1680,0,20260713,0.8223441912261862
S1680,1680,1,20260713,0.8228771427435071
S1680,1680,2,20260713,0.8204589746649167
S1680,1680,3,20260713,0.8211589706876665
S1680,1680,4,20260713,0.8213976056954222
S1680,1680,5,20260713,0.8210157896830131
S1680,1680,6,20260713,0.8211828341884421
S1680,1680,7,20260713,0.8212703336912859
S1680,1680,8,20260713,0.8210873801853398
S1680,1680,9,20260713,0.8232350952551407
S1680,1680,10,20260713,0.8214771506980075
S1680,1680,11,20260713,0.8231873682535895
S1680,1680,12,20260713,0.8206976096726724
S1680,1680,13,20260713,0.822264646223601
S1680,1680,14,20260713,0.8222805552241181
S1680,1680,15,20260713,0.8220339657161038
S1680,1680,16,20260713,0.8234021397605695
S1680,1680,17,20260713,0.8219464662132602
S1680,1680,18,20260713,0.8229964602473849
S1680,1680,19,20260713,0.8215805592013682
S1680,1680,20,20260713,0.8223601002267033
S1680,1680,21,20260713,0.821548741200334
S1680,1680,22,20260713,0.8214771506980073
S1680,1680,23,20260713,0.8220578292168794
S1680,1680,24,20260713,0.8221294197192061
S1680,1680,25,20260713,0.8220976017181721
S1680,1680,26,20260713,0.8209601081812036
S1680,1680,27,20260713,0.8228055522411805
S1680,1680,28,20260713,0.8215089686990414
S1680,1680,29,20260713,0.8236964562701348
S1680,1680,30,20260713,0.822845324742473
S1680,1680,31,20260713,0.8217794217078312
S1680,1680,32,20260713,0.8222885097243766
S1680,1680,33,20260713,0.8218430577098994
S1680,1680,34,20260713,0.821151016187408
S1680,1680,35,20260713,0.8225510082329077
S1680,1680,36,20260713,0.8214135146959392
S1680,1680,37,20260713,0.8218510122101579
S1680,1680,38,20260713,0.8222010102215328
S1680,1680,39,20260713,0.822081692717655
S1680,1680,40,20260713,0.8216203317026607
S1680,1680,41,20260713,0.8223839637274788
S1680,1680,42,20260713,0.8202282941574195
S1680,1680,43,20260713,0.8235612297657401
S1680,1680,44,20260713,0.822097601718172
S1680,1680,45,20260713,0.8212544246907688
S1680,1680,46,20260713,0.821715785705763
S1680,1680,47,20260713,0.8220021477150699
S1680,1680,48,20260713,0.8225907807342004
S1680,1680,49,20260713,0.8208566996778427
S1680,1680,50,20260713,0.8211828341884421
S1680,1680,51,20260713,0.821151016187408
S1680,1680,52,20260713,0.8213419241936125
S1680,1680,53,20260713,0.8219544207135188
S1680,1680,54,20260713,0.8209123811796525
S1680,1680,55,20260713,0.8225669172334248
S1680,1680,56,20260713,0.8219385117130016
S1680,1680,57,20260713,0.8215089686990414
S1680,1680,58,20260713,0.822399872727996
S1680,1680,59,20260713,0.8220339657161039
S1680,1680,60,20260713,0.8208487451775842
S1680,1680,61,20260713,0.821715785705763
S1680,1680,62,20260713,0.8212703336912858
S1680,1680,63,20260713,0.820753291174482
S1680,1680,64,20260713,0.8222885097243765
S1680,1680,65,20260713,0.822081692717655
S1680,1680,66,20260713,0.822264646223601
S1680,1680,67,20260713,0.8206021556695701
S1680,1680,68,20260713,0.8213657876943881
S1680,1680,69,20260713,0.8212544246907688
S1680,1680,70,20260713,0.8215805592013682
S1680,1680,71,20260713,0.8217316947062802
S1680,1680,72,20260713,0.8212146521894763
S1680,1680,73,20260713,0.8219305572127431
S1680,1680,74,20260713,0.8231953227538479
S1680,1680,75,20260713,0.8224396452292885
S1680,1680,76,20260713,0.8209919261822376
S1680,1680,77,20260713,0.8223680547269617
S1680,1680,78,20260713,0.8225510082329077
S1680,1680,79,20260713,0.821318060692837
S1680,1680,80,20260713,0.8222010102215328
S1680,1680,81,20260713,0.8212146521894762
S1680,1680,82,20260713,0.8217794217078312
S1680,1680,83,20260713,0.821119198186374
S1680,1680,84,20260713,0.8218510122101579
S1680,1680,85,20260713,0.8217476037067971
S1680,1680,86,20260713,0.8197351151413913
S1680,1680,87,20260713,0.8216601042039534
S1680,1680,88,20260713,0.8212146521894763
S1680,1680,89,20260713,0.8222010102215328
S1680,1680,90,20260713,0.8201328401543173
S1680,1680,91,20260713,0.8213816966949051
S1680,1680,92,20260713,0.8210873801853398
S1680,1680,93,20260713,0.8212623791910273
S1680,1680,94,20260713,0.8217237402060215
S1680,1680,95,20260713,0.8216282862029193
S1680,1680,96,20260713,0.8210316986835301
S1680,1680,97,20260713,0.821683967704729
S1680,1680,98,20260713,0.8205862466690531
S1680,1680,99,20260713,0.8236487292685837
S1680,1680,100,20260713,0.8218271487093822
S1680,1680,101,20260713,0.8231555502525554
S1680,1680,102,20260713,0.8214612416974904
S1680,1680,103,20260713,0.821699876705246
S1680,1680,104,20260713,0.8221851012210158
S1680,1680,105,20260713,0.8217237402060216
S1680,1680,106,20260713,0.8212544246907688
S1680,1680,107,20260713,0.8210953346855984
S1680,1680,108,20260713,0.8198464781450107
S1680,1680,109,20260713,0.8206817006721553
S1680,1680,110,20260713,0.8227498707393708
S1680,1680,111,20260713,0.8217078312055045
S1680,1680,112,20260713,0.8213498786938711
S1680,1680,113,20260713,0.8202521576581951
S1680,1680,114,20260713,0.8221691922204987
S1680,1680,115,20260713,0.8210078351827547
S1680,1680,116,20260713,0.8221851012210158
S1680,1680,117,20260713,0.8211112436861154
S1680,1680,118,20260713,0.8211907886887007
S1680,1680,119,20260713,0.821333969693354
S1680,1680,120,20260713,0.8211987431889591
S1680,1680,121,20260713,0.8210157896830131
S1680,1680,122,20260713,0.8207294276737065
S1680,1680,123,20260713,0.8206817006721554
S1680,1680,124,20260713,0.8221930557212743
S1680,1680,125,20260713,0.821151016187408
S1680,1680,126,20260713,0.8207135186731893
S1680,1680,127,20260713,0.8210555621843058
S1680,1680,128,20260713,0.8214851051982659
S1680,1680,129,20260713,0.822813506741439
S1680,1680,130,20260713,0.8198464781450104
S1680,1680,131,20260713,0.8226862347373025
S1680,1680,132,20260713,0.8214851051982659
S1680,1680,133,20260713,0.8213498786938711
S1680,1680,134,20260713,0.82264646223601
S1680,1680,135,20260713,0.8215885137016268
S1680,1680,136,20260713,0.8220896472179136
S1680,1680,137,20260713,0.8217714672075727
S1680,1680,138,20260713,0.821151016187408
S1680,1680,139,20260713,0.823163504752814
S1680,1680,140,20260713,0.8214453326969734
S1680,1680,141,20260713,0.8225907807342004
S1680,1680,142,20260713,0.8213498786938711
S1680,1680,143,20260713,0.8222487372230839
S1680,1680,144,20260713,0.821548741200334
S1680,1680,145,20260713,0.8230998687507457
S1680,1680,146,20260713,0.8214294236964563
S1680,1680,147,20260713,0.8210476076840473
S1680,1680,148,20260713,0.8203396571610388
S1680,1680,149,20260713,0.8221055562184305
S1680,1680,150,20260713,0.8217396492065386
S1680,1680,151,20260713,0.821103289185857
S1680,1680,152,20260713,0.8222328282225669
S1680,1680,153,20260713,0.8229885057471265
S1680,1680,154,20260713,0.8219703297140358
S1680,1680,155,20260713,0.8218510122101579
S1680,1680,156,20260713,0.8213101061925785
S1680,1680,157,20260713,0.8204748836654338
S1680,1680,158,20260713,0.8215328321998171
S1680,1680,159,20260713,0.8227657797398878
S1680,1680,160,20260713,0.8205146561667264
S1680,1680,161,20260713,0.8213737421946466
S1680,1680,162,20260713,0.8221373742194646
S1680,1680,163,20260713,0.8215964682018853
S1680,1680,164,20260713,0.8219862387145528
S1680,1680,165,20260713,0.8222726007238595
S1680,1680,166,20260713,0.8223203277254106
S1680,1680,167,20260713,0.822065783717138
S1680,1680,168,20260713,0.822399872727996
S1680,1680,169,20260713,0.8218907847114505
S1680,1680,170,20260713,0.8214373781967148
S1680,1680,171,20260713,0.8214135146959392
S1680,1680,172,20260713,0.822097601718172
S1680,1680,173,20260713,0.8214771506980073
S1680,1680,174,20260713,0.8215010141987829
S1680,1680,175,20260713,0.8229089607445412
S1680,1680,176,20260713,0.8212305611899933
S1680,1680,177,20260713,0.8212941971920613
S1680,1680,178,20260713,0.8217635127073142
S1680,1680,179,20260713,0.8224873722308397
S1680,1680,180,20260713,0.8223919182277374
S1680,1680,181,20260713,0.8226941892375611
S1680,1680,182,20260713,0.8211430616871496
S1680,1680,183,20260713,0.8222010102215328
S1680,1680,184,20260713,0.8207532911744819
S1680,1680,185,20260713,0.8219941932148113
S1680,1680,186,20260713,0.8218589667104165
S1680,1680,187,20260713,0.8213657876943881
S1680,1680,188,20260713,0.821851012210158
S1680,1680,189,20260713,0.8208089726762916
S1680,1680,190,20260713,0.8217873762080897
S1680,1680,191,20260713,0.821286242691803
S1680,1680,192,20260713,0.8210794256850812
S1680,1680,193,20260713,0.8212305611899933
S1680,1680,194,20260713,0.821715785705763
S1680,1680,195,20260713,0.8206896551724138
S1680,1680,196,20260713,0.821151016187408
S1680,1680,197,20260713,0.8205782921687945
S1680,1680,198,20260713,0.820769200174999
S1680,1680,199,20260713,0.8216203317026608
S1680,1680,200,20260713,0.8212782881915444
S1680,1680,201,20260713,0.822813506741439
S1680,1680,202,20260713,0.8208726086783598
S1680,1680,203,20260713,0.8208487451775841
S1680,1680,204,20260713,0.8220578292168794
S1680,1680,205,20260713,0.8219862387145528
S1680,1680,206,20260713,0.8219623752137772
S1680,1680,207,20260713,0.8227657797398877
S1680,1680,208,20260713,0.8230760052499702
S1680,1680,209,20260713,0.8219862387145528
S1680,1680,210,20260713,0.8212862426918028
S1680,1680,211,20260713,0.8227896432406633
S1680,1680,212,20260713,0.8222566917233425
S1680,1680,213,20260713,0.8209282901801694
S1680,1680,214,20260713,0.8206657916716382
S1680,1680,215,20260713,0.8214373781967148
S1680,1680,216,20260713,0.8205623831682775
S1680,1680,217,20260713,0.8217794217078312
S1680,1680,218,20260713,0.8198782961460446
S1680,1680,219,20260713,0.8214851051982659
S1680,1680,220,20260713,0.8214135146959392
S1680,1680,221,20260713,0.8222964642246351
S1680,1680,222,20260713,0.8227021437378197
S1680,1680,223,20260713,0.8205305651672433
S1680,1680,224,20260713,0.819822614644235
S1680,1680,225,20260713,0.8210635166845643
S1680,1680,226,20260713,0.8208407906773257
S1680,1680,227,20260713,0.8212146521894763
S1680,1680,228,20260713,0.8212862426918028
S1680,1680,229,20260713,0.8213816966949051
S1680,1680,230,20260713,0.8204828381656922
S1680,1680,231,20260713,0.8222487372230839
S1680,1680,232,20260713,0.8225748717336833
S1680,1680,233,20260713,0.8216839677047288
S1680,1680,234,20260713,0.8224157817285129
S1680,1680,235,20260713,0.8213419241936125
S1680,1680,236,20260713,0.822264646223601
S1680,1680,237,20260713,0.8215885137016267
S1680,1680,238,20260713,0.8208248816768086
S1680,1680,239,20260713,0.8220101022153283
S1680,1680,240,20260713,0.8217794217078311
S1680,1680,241,20260713,0.8218430577098994
S1680,1680,242,20260713,0.8207771546752575
S1680,1680,243,20260713,0.8214055601956807
S1680,1680,244,20260713,0.8203476116612973
S1680,1680,245,20260713,0.8220737382173966
S1680,1680,246,20260713,0.8215089686990414
S1680,1680,247,20260713,0.8213578331941297
S1680,1680,248,20260713,0.821882830211192
S1680,1680,249,20260713,0.8223203277254106
S1680,1680,250,20260713,0.8213498786938711
S1680,1680,251,20260713,0.8221373742194646
S1680,1680,252,20260713,0.8221373742194646
S1680,1680,253,20260713,0.8215169231992999
S1680,1680,254,20260713,0.8218032852086067
S1680,1680,255,20260713,0.8220021477150697
S1680,1680,256,20260713,0.8213578331941296
S1680,1680,257,20260713,0.821333969693354
S1680,1680,258,20260713,0.8214771506980074
S1680,1680,259,20260713,0.8209441991806864
S1680,1680,260,20260713,0.8213816966949052
S1680,1680,261,20260713,0.8217555582070556
S1680,1680,262,20260713,0.8218430577098994
S1680,1680,263,20260713,0.8220339657161038
S1680,1680,264,20260713,0.820188521656127
S1680,1680,265,20260713,0.8210476076840473
S1680,1680,266,20260713,0.821119198186374
S1680,1680,267,20260713,0.8218748757109334
S1680,1680,268,20260713,0.8211510161874082
S1680,1680,269,20260713,0.8212464701905103
S1680,1680,270,20260713,0.8211589706876665
S1680,1680,271,20260713,0.8223282822256692
S1680,1680,272,20260713,0.8227419162391123
S1680,1680,273,20260713,0.8210873801853398
S1680,1680,274,20260713,0.8216282862029193
S1680,1680,275,20260713,0.8215726047011096
S1680,1680,276,20260713,0.8218271487093822
S1680,1680,277,20260713,0.8217237402060216
S1680,1680,278,20260713,0.821286242691803
S1680,1680,279,20260713,0.8216044227021437
S1680,1680,280,20260713,0.8214135146959392
S1680,1680,281,20260713,0.8227975977409219
S1680,1680,282,20260713,0.8211112436861154
S1680,1680,283,20260713,0.8215726047011097
S1680,1680,284,20260713,0.8227896432406634
S1680,1680,285,20260713,0.8217555582070557
S1680,1680,286,20260713,0.8209998806824961
S1680,1680,287,20260713,0.8219066937119676
S1680,1680,288,20260713,0.8206737461718968
S1680,1680,289,20260713,0.8227816887404048
S1680,1680,290,20260713,0.821119198186374
S1680,1680,291,20260713,0.8207930636757746
S1680,1680,292,20260713,0.8206419281708627
S1680,1680,293,20260713,0.8224714632303225
S1680,1680,294,20260713,0.8210794256850813
S1680,1680,295,20260713,0.821318060692837
S1680,1680,296,20260713,0.8214055601956807
S1680,1680,297,20260713,0.8217794217078312
S1680,1680,298,20260713,0.8211828341884422
S1680,1680,299,20260713,0.8210078351827548
S1680,1680,300,20260713,0.8216521497036948
S1680,1680,301,20260713,0.8206976096726724
S1680,1680,302,20260713,0.8223362367259277
S1680,1680,303,20260713,0.8206817006721554
S1680,1680,304,20260713,0.8218032852086068
S1680,1680,305,20260713,0.8213657876943881
S1680,1680,306,20260713,0.8214612416974904
S1680,1680,307,20260713,0.8220260112158454
S1680,1680,308,20260713,0.821851012210158
S1680,1680,309,20260713,0.8217794217078312
S1680,1680,310,20260713,0.8225032812313566
S1680,1680,311,20260713,0.8219544207135188
S1680,1680,312,20260713,0.8223919182277374
S1680,1680,313,20260713,0.820037386151215
S1680,1680,314,20260713,0.8220180567155868
S1680,1680,315,20260713,0.8206657916716382
S1680,1680,316,20260713,0.8206657916716382
S1680,1680,317,20260713,0.8207453366742234
S1680,1680,318,20260713,0.8226782802370441
S1680,1680,319,20260713,0.8204271566638826
S1680,1680,320,20260713,0.8218748757109334
S1680,1680,321,20260713,0.8219066937119676
S1680,1680,322,20260713,0.8207294276737064
S1680,1680,323,20260713,0.8212464701905103
S1680,1680,324,20260713,0.820769200174999
S1680,1680,325,20260713,0.8212066976892177
S1680,1680,326,20260713,0.8216441952034363
S1680,1680,327,20260713,0.8223760092272203
S1680,1680,328,20260713,0.8217794217078311
S1680,1680,329,20260713,0.8215964682018851
S1680,1680,330,20260713,0.822081692717655
S1680,1680,331,20260713,0.822264646223601
S1680,1680,332,20260713,0.8219226027124845
S1680,1680,333,20260713,0.8215805592013683
S1680,1680,334,20260713,0.8212782881915444
S1680,1680,335,20260713,0.8200214771506981
S1680,1680,336,20260713,0.8230919142504872
S1680,1680,337,20260713,0.820435111164141
S1680,1680,338,20260713,0.8222726007238595
S1680,1680,339,20260713,0.8218669212106751
S1680,1680,340,20260713,0.8211748796881835
S1680,1680,341,20260713,0.8212544246907688
S1680,1680,342,20260713,0.8227339617388537
S1680,1680,343,20260713,0.8220021477150697
S1680,1680,344,20260713,0.8227180527383368
S1680,1680,345,20260713,0.82264646223601
S1680,1680,346,20260713,0.8224873722308397
S1680,1680,347,20260713,0.8219862387145528
S1680,1680,348,20260713,0.8215726047011096
S1680,1680,349,20260713,0.821699876705246
S1680,1680,350,20260713,0.8203953386628485
S1680,1680,351,20260713,0.8220737382173966
S1680,1680,352,20260713,0.8216044227021437
S1680,1680,353,20260713,0.8212146521894763
S1680,1680,354,20260713,0.8218748757109335
S1680,1680,355,20260713,0.8211748796881836
S1680,1680,356,20260713,0.8208726086783598
S1680,1680,357,20260713,0.820705564172931
S1680,1680,358,20260713,0.8205146561667264
S1680,1680,359,20260713,0.8214453326969734
S1680,1680,360,20260713,0.8225907807342004
S1680,1680,361,20260713,0.8233703217595354
S1680,1680,362,20260713,0.822264646223601
S1680,1680,363,20260713,0.8220578292168794
S1680,1680,364,20260713,0.822113510718689
S1680,1680,365,20260713,0.8216521497036949
S1680,1680,366,20260713,0.8199896591496639
S1680,1680,367,20260713,0.8222885097243766
S1680,1680,368,20260713,0.8220021477150699
S1680,1680,369,20260713,0.8226941892375611
S1680,1680,370,20260713,0.8220101022153283
S1680,1680,371,20260713,0.8211748796881836
S1680,1680,372,20260713,0.8218351032096408
S1680,1680,373,20260713,0.8218191942091237
S1680,1680,374,20260713,0.8217396492065386
S1680,1680,375,20260713,0.8208964721791354
S1680,1680,376,20260713,0.8216203317026607
S1680,1680,377,20260713,0.8222726007238595
S1680,1680,378,20260713,0.8216680587042119
S1680,1680,379,20260713,0.8208805631786182
S1680,1680,380,20260713,0.8215646502008512
S1680,1680,381,20260713,0.821866921210675
S1680,1680,382,20260713,0.8211748796881835
S1680,1680,383,20260713,0.8203317026607803
S1680,1680,384,20260713,0.8223282822256692
S1680,1680,385,20260713,0.8227578252396293
S1680,1680,386,20260713,0.821914648212226
S1680,1680,387,20260713,0.821882830211192
S1680,1680,388,20260713,0.8210714711848228
S1680,1680,389,20260713,0.8223044187248937
S1680,1680,390,20260713,0.8226782802370441
S1680,1680,391,20260713,0.8214135146959392
S1680,1680,392,20260713,0.8214612416974904
S1680,1680,393,20260713,0.8220101022153282
S1680,1680,394,20260713,0.8217316947062802
S1680,1680,395,20260713,0.8222010102215328
S1680,1680,396,20260713,0.821333969693354
S1680,1680,397,20260713,0.8218748757109335
S1680,1680,398,20260713,0.8218032852086067
S1680,1680,399,20260713,0.8225987352344589
S1680,1680,400,20260713,0.8224316907290299
S1680,1680,401,20260713,0.8223601002267033
S1680,1680,402,20260713,0.8220896472179136
S1680,1680,403,20260713,0.8225430537326494
S1680,1680,404,20260713,0.8223680547269617
S1680,1680,405,20260713,0.8228453247424731
S1680,1680,406,20260713,0.8223601002267031
S1680,1680,407,20260713,0.8218589667104165
S1680,1680,408,20260713,0.8213657876943881
S1680,1680,409,20260713,0.8230203237481606
S1680,1680,410,20260713,0.821135107186891
S1680,1680,411,20260713,0.8200771586525077
S1680,1680,412,20260713,0.8218589667104165
S1680,1680,413,20260713,0.8219226027124845
S1680,1680,414,20260713,0.8207930636757746
S1680,1680,415,20260713,0.8227021437378197
S1680,1680,416,20260713,0.819822614644235
S1680,1680,417,20260713,0.8214135146959392
S1680,1680,418,20260713,0.8212385156902517
S1680,1680,419,20260713,0.8213816966949051
S1680,1680,420,20260713,0.8210635166845642
S1680,1680,421,20260713,0.8225191902318738
S1680,1680,422,20260713,0.8214373781967148
S1680,1680,423,20260713,0.8216760132044705
S1680,1680,424,20260713,0.8218191942091239
S1680,1680,425,20260713,0.8220737382173965
S1680,1680,426,20260713,0.8213101061925784
S1680,1680,427,20260713,0.821501014198783
S1680,1680,428,20260713,0.8205782921687945
S1680,1680,429,20260713,0.8227578252396293
S1680,1680,430,20260713,0.8208089726762916
S1680,1680,431,20260713,0.8216441952034363
S1680,1680,432,20260713,0.8216521497036949
S1680,1680,433,20260713,0.8210635166845642
S1680,1680,434,20260713,0.8227896432406634
S1680,1680,435,20260713,0.8208328361770671
S1680,1680,436,20260713,0.8221612377202402
S1680,1680,437,20260713,0.822097601718172
S1680,1680,438,20260713,0.8221612377202402
S1680,1680,439,20260713,0.8222010102215328
S1680,1680,440,20260713,0.8202760211589707
S1680,1680,441,20260713,0.8215169231992999
S1680,1680,442,20260713,0.8220896472179136
S1680,1680,443,20260713,0.8222010102215328
S1680,1680,444,20260713,0.8216839677047291
S1680,1680,445,20260713,0.821119198186374
S1680,1680,446,20260713,0.8220021477150699
S1680,1680,447,20260713,0.8213976056954221
S1680,1680,448,20260713,0.8199578411486299
S1680,1680,449,20260713,0.8220976017181721
S1680,1680,450,20260713,0.8217794217078312
S1680,1680,451,20260713,0.8214294236964563
S1680,1680,452,20260713,0.8208487451775841
S1680,1680,453,20260713,0.8205305651672433
S1680,1680,454,20260713,0.8222248737223083
S1680,1680,455,20260713,0.8225430537326494
S1680,1680,456,20260713,0.8217953307083482
S1680,1680,457,20260713,0.8206260191703456
S1680,1680,458,20260713,0.8218510122101579
S1680,1680,459,20260713,0.8211987431889591
S1680,1680,460,20260713,0.8219544207135188
S1680,1680,461,20260713,0.8229248697450583
S1680,1680,462,20260713,0.8217635127073142
S1680,1680,463,20260713,0.8201964761563855
S1680,1680,464,20260713,0.8219066937119676
S1680,1680,465,20260713,0.8217078312055045
S1680,1680,466,20260713,0.8208407906773257
S1680,1680,467,20260713,0.8212226066897348
S1680,1680,468,20260713,0.8216760132044705
S1680,1680,469,20260713,0.8214055601956806
S1680,1680,470,20260713,0.8216044227021437
S1680,1680,471,20260713,0.8210873801853399
S1680,1680,472,20260713,0.8211191981863739
S1680,1680,473,20260713,0.822845324742473
S1680,1680,474,20260713,0.8213578331941297
S1680,1680,475,20260713,0.8214373781967148
S1680,1680,476,20260713,0.8214294236964563
S1680,1680,477,20260713,0.8212941971920613
S1680,1680,478,20260713,0.8206260191703456
S1680,1680,479,20260713,0.8212623791910272
S1680,1680,480,20260713,0.8208407906773257
S1680,1680,481,20260713,0.8223839637274788
S1680,1680,482,20260713,0.8216601042039534
S1680,1680,483,20260713,0.8225430537326492
S1680,1680,484,20260713,0.8209601081812036
S1680,1680,485,20260713,0.8210396531837887
S1680,1680,486,20260713,0.8219623752137774
S1680,1680,487,20260713,0.8216203317026608
S1680,1680,488,20260713,0.8204430656643996
S1680,1680,489,20260713,0.8218510122101579
S1680,1680,490,20260713,0.8211112436861155
S1680,1680,491,20260713,0.8216044227021437
S1680,1680,492,20260713,0.8219385117130017
S1680,1680,493,20260713,0.8217237402060216
S1680,1680,494,20260713,0.8220737382173966
S1680,1680,495,20260713,0.8219305572127431
S1680,1680,496,20260713,0.8219464662132602
S1680,1680,497,20260713,0.8221851012210158
S1680,1680,498,20260713,0.8222964642246351
S1680,1680,499,20260713,0.8219226027124845
S1760,1760,0,20260714,0.829574831961182
S1760,1760,1,20260714,0.8293680149544604
S1760,1760,2,20260714,0.8298055124686791
S1760,1760,3,20260714,0.8290498349441195
S1760,1760,4,20260714,0.8293839239549774
S1760,1760,5,20260714,0.8291293799467049
S1760,1760,6,20260714,0.8300998289782444
S1760,1760,7,20260714,0.8293441514536849
S1760,1760,8,20260714,0.8300998289782444
S1760,1760,9,20260714,0.8289623354412758
S1760,1760,10,20260714,0.8299248299725569
S1760,1760,11,20260714,0.8293680149544603
S1760,1760,12,20260714,0.8290896074454123
S1760,1760,13,20260714,0.830338463986
S1760,1760,14,20260714,0.8297021039653183
S1760,1760,15,20260714,0.8308793700035795
S1760,1760,16,20260714,0.8290577894443781
S1760,1760,17,20260714,0.829725967466094
S1760,1760,18,20260714,0.8296305134629918
S1760,1760,19,20260714,0.8288907449389492
S1760,1760,20,20260714,0.8307918705007359
S1760,1760,21,20260714,0.8303702819870342
S1760,1760,22,20260714,0.8301793739808296
S1760,1760,23,20260714,0.8305850534940142
S1760,1760,24,20260714,0.8289146084397248
S1760,1760,25,20260714,0.829590740961699
S1760,1760,26,20260714,0.8299964204748836
S1760,1760,27,20260714,0.8293123334526509
S1760,1760,28,20260714,0.829177106948256
S1760,1760,29,20260714,0.8295271049596309
S1760,1760,30,20260714,0.8307839160004773
S1760,1760,31,20260714,0.8304577814898779
S1760,1760,32,20260714,0.8297339219663525
S1760,1760,33,20260714,0.8296782404645427
S1760,1760,34,20260714,0.8292964244521338
S1760,1760,35,20260714,0.8295668774609235
S1760,1760,36,20260714,0.8304020999880682
S1760,1760,37,20260714,0.8300998289782444
S1760,1760,38,20260714,0.8296543769637672
S1760,1760,39,20260714,0.8298611939704887
S1760,1760,40,20260714,0.8304975539911705
S1760,1760,41,20260714,0.8297021039653183
S1760,1760,42,20260714,0.829574831961182
S1760,1760,43,20260714,0.829725967466094
S1760,1760,44,20260714,0.8297021039653183
S1760,1760,45,20260714,0.8302509644831564
S1760,1760,46,20260714,0.8298293759694547
S1760,1760,47,20260714,0.8296225589627332
S1760,1760,48,20260714,0.8294714234578212
S1760,1760,49,20260714,0.8289941534423101
S1760,1760,50,20260714,0.8299009664717814
S1760,1760,51,20260714,0.8303464184862586
S1760,1760,52,20260714,0.8284373384242135
S1760,1760,53,20260714,0.8301873284810882
S1760,1760,54,20260714,0.8289782444417929
S1760,1760,55,20260714,0.8299805114743666
S1760,1760,56,20260714,0.827745296901722
S1760,1760,57,20260714,0.8292725609513583
S1760,1760,58,20260714,0.8297657399673866
S1760,1760,59,20260714,0.8286759734319691
S1760,1760,60,20260714,0.8299089209720399
S1760,1760,61,20260714,0.8307361889989262
S1760,1760,62,20260714,0.8301793739808297
S1760,1760,63,20260714,0.8284055204231794
S1760,1760,64,20260714,0.8299486934733326
S1760,1760,65,20260714,0.8294396054567872
S1760,1760,66,20260714,0.8302111919818638
S1760,1760,67,20260714,0.8292168794495486
S1760,1760,68,20260714,0.8301793739808296
S1760,1760,69,20260714,0.8294873324583382
S1760,1760,70,20260714,0.8302509644831563
S1760,1760,71,20260714,0.8297816489679036
S1760,1760,72,20260714,0.8289623354412758
S1760,1760,73,20260714,0.8288032454361055
S1760,1760,74,20260714,0.8294077874557532
S1760,1760,75,20260714,0.8301714194805712
S1760,1760,76,20260714,0.8298055124686792
S1760,1760,77,20260714,0.8295350594598895
S1760,1760,78,20260714,0.828827108936881
S1760,1760,79,20260714,0.8302032374816053
S1760,1760,80,20260714,0.8291293799467049
S1760,1760,81,20260714,0.8305850534940142
S1760,1760,82,20260714,0.8291611979477389
S1760,1760,83,20260714,0.8299486934733326
S1760,1760,84,20260714,0.8308475520025455
S1760,1760,85,20260714,0.8294236964562701
S1760,1760,86,20260714,0.8290975619456709
S1760,1760,87,20260714,0.8294396054567871
S1760,1760,88,20260714,0.8295827864614406
S1760,1760,89,20260714,0.83125323151573
S1760,1760,90,20260714,0.8296464224635087
S1760,1760,91,20260714,0.8295111959591138
S1760,1760,92,20260714,0.8292805154516166
S1760,1760,93,20260714,0.8290816529451538
S1760,1760,94,20260714,0.8295191504593724
S1760,1760,95,20260714,0.8288032454361055
S1760,1760,96,20260714,0.8297577854671281
S1760,1760,97,20260714,0.8299407389730741
S1760,1760,98,20260714,0.8299486934733326
S1760,1760,99,20260714,0.8288986994392077
S1760,1760,100,20260714,0.8296464224635087
S1760,1760,101,20260714,0.829543013960148
S1760,1760,102,20260714,0.8291611979477389
S1760,1760,103,20260714,0.8289384719405003
S1760,1760,104,20260714,0.8299327844728155
S1760,1760,105,20260714,0.8294714234578212
S1760,1760,106,20260714,0.8300680109772104
S1760,1760,107,20260714,0.8298930119715229
S1760,1760,108,20260714,0.8297100584655769
S1760,1760,109,20260714,0.829360060454202
S1760,1760,110,20260714,0.8288111999363641
S1760,1760,111,20260714,0.8298293759694547
S1760,1760,112,20260714,0.830139601479537
S1760,1760,113,20260714,0.8302350554826392
S1760,1760,114,20260714,0.829725967466094
S1760,1760,115,20260714,0.829025971443344
S1760,1760,116,20260714,0.8291293799467049
S1760,1760,117,20260714,0.8278566599053414
S1760,1760,118,20260714,0.8302191464821222
S1760,1760,119,20260714,0.8294396054567872
S1760,1760,120,20260714,0.8297577854671281
S1760,1760,121,20260714,0.8301793739808297
S1760,1760,122,20260714,0.8298134669689377
S1760,1760,123,20260714,0.8305930079942728
S1760,1760,124,20260714,0.8297339219663525
S1760,1760,125,20260714,0.8300202839756593
S1760,1760,126,20260714,0.829940738973074
S1760,1760,127,20260714,0.8310941415105596
S1760,1760,128,20260714,0.8301952829813467
S1760,1760,129,20260714,0.8294236964562701
S1760,1760,130,20260714,0.8298373304697132
S1760,1760,131,20260714,0.8299646024738496
S1760,1760,132,20260714,0.8286043829296424
S1760,1760,133,20260714,0.8283259754205942
S1760,1760,134,20260714,0.8294793779580798
S1760,1760,135,20260714,0.8301157379787614
S1760,1760,136,20260714,0.8298532394702303
S1760,1760,137,20260714,0.8290975619456707
S1760,1760,138,20260714,0.8296702859642843
S1760,1760,139,20260714,0.8296702859642843
S1760,1760,140,20260714,0.830290736984449
S1760,1760,141,20260714,0.8305770989937558
S1760,1760,142,20260714,0.8299168754722984
S1760,1760,143,20260714,0.8300202839756592
S1760,1760,144,20260714,0.8302509644831563
S1760,1760,145,20260714,0.8285487014278328
S1760,1760,146,20260714,0.8292407429503241
S1760,1760,147,20260714,0.8294157419560116
S1760,1760,148,20260714,0.8291373344469634
S1760,1760,149,20260714,0.8288191544366226
S1760,1760,150,20260714,0.8297339219663525
S1760,1760,151,20260714,0.8299884659746252
S1760,1760,152,20260714,0.8298134669689377
S1760,1760,153,20260714,0.8298452849699718
S1760,1760,154,20260714,0.8303146004852245
S1760,1760,155,20260714,0.8296702859642843
S1760,1760,156,20260714,0.830489599490912
S1760,1760,157,20260714,0.8301157379787614
S1760,1760,158,20260714,0.8294077874557532
S1760,1760,159,20260714,0.8296782404645427
S1760,1760,160,20260714,0.8303623274867757
S1760,1760,161,20260714,0.8286759734319691
S1760,1760,162,20260714,0.8294236964562701
S1760,1760,163,20260714,0.8298532394702304
S1760,1760,164,20260714,0.8302191464821222
S1760,1760,165,20260714,0.829773694467645
S1760,1760,166,20260714,0.8293361969534264
S1760,1760,167,20260714,0.8302032374816053
S1760,1760,168,20260714,0.8293998329554946
S1760,1760,169,20260714,0.8305532354929801
S1760,1760,170,20260714,0.8303305094857415
S1760,1760,171,20260714,0.8294952869585968
S1760,1760,172,20260714,0.8293282424531679
S1760,1760,173,20260714,0.8306964164976335
S1760,1760,174,20260714,0.8300521019766933
S1760,1760,175,20260714,0.8298850574712643
S1760,1760,176,20260714,0.829741876466611
S1760,1760,177,20260714,0.8303782364872927
S1760,1760,178,20260714,0.8303782364872927
S1760,1760,179,20260714,0.8291293799467049
S1760,1760,180,20260714,0.83012369247902
S1760,1760,181,20260714,0.829391878455236
S1760,1760,182,20260714,0.8296464224635087
S1760,1760,183,20260714,0.8295350594598895
S1760,1760,184,20260714,0.8306805074971165
S1760,1760,185,20260714,0.8294157419560116
S1760,1760,186,20260714,0.8297896034681621
S1760,1760,187,20260714,0.8291055164459293
S1760,1760,188,20260714,0.8296384679632502
S1760,1760,189,20260714,0.8288191544366225
S1760,1760,190,20260714,0.8292248339498071
S1760,1760,191,20260714,0.8283816569224038
S1760,1760,192,20260714,0.8297498309668695
S1760,1760,193,20260714,0.829773694467645
S1760,1760,194,20260714,0.8293282424531678
S1760,1760,195,20260714,0.8286918824324863
S1760,1760,196,20260714,0.8292805154516166
S1760,1760,197,20260714,0.8301475559797956
S1760,1760,198,20260714,0.8294873324583383
S1760,1760,199,20260714,0.830139601479537
S1760,1760,200,20260714,0.8300361929761763
S1760,1760,201,20260714,0.8306725529968579
S1760,1760,202,20260714,0.8293839239549775
S1760,1760,203,20260714,0.8287237004335203
S1760,1760,204,20260714,0.829391878455236
S1760,1760,205,20260714,0.8292248339498072
S1760,1760,206,20260714,0.8291134709461877
S1760,1760,207,20260714,0.8292805154516167
S1760,1760,208,20260714,0.8307441434991847
S1760,1760,209,20260714,0.8298452849699718
S1760,1760,210,20260714,0.8295668774609235
S1760,1760,211,20260714,0.8298691484707473
S1760,1760,212,20260714,0.829360060454202
S1760,1760,213,20260714,0.8292407429503241
S1760,1760,214,20260714,0.8296543769637672
S1760,1760,215,20260714,0.8292566519508411
S1760,1760,216,20260714,0.8315077755240026
S1760,1760,217,20260714,0.8302032374816053
S1760,1760,218,20260714,0.8292646064510997
S1760,1760,219,20260714,0.8285407469275743
S1760,1760,220,20260714,0.8298771029710058
S1760,1760,221,20260714,0.8287952909358469
S1760,1760,222,20260714,0.8295509684604065
S1760,1760,223,20260714,0.8295271049596309
S1760,1760,224,20260714,0.8305055084914291
S1760,1760,225,20260714,0.8303861909875512
S1760,1760,226,20260714,0.8306248259953068
S1760,1760,227,20260714,0.8293043789523923
S1760,1760,228,20260714,0.8293202879529094
S1760,1760,229,20260714,0.8307123254981506
S1760,1760,230,20260714,0.829407787455753
S1760,1760,231,20260714,0.8290816529451538
S1760,1760,232,20260714,0.8299805114743667
S1760,1760,233,20260714,0.8296066499622161
S1760,1760,234,20260714,0.8303305094857415
S1760,1760,235,20260714,0.8298055124686791
S1760,1760,236,20260714,0.8301714194805712
S1760,1760,237,20260714,0.8300998289782444
S1760,1760,238,20260714,0.8295032414588553
S1760,1760,239,20260714,0.8303384639860001
S1760,1760,240,20260714,0.8296941494650597
S1760,1760,241,20260714,0.8294952869585968
S1760,1760,242,20260714,0.8292964244521338
S1760,1760,243,20260714,0.8312930040170227
S1760,1760,244,20260714,0.8299248299725569
S1760,1760,245,20260714,0.8293282424531678
S1760,1760,246,20260714,0.8297896034681621
S1760,1760,247,20260714,0.8293680149544606
S1760,1760,248,20260714,0.8309191425048721
S1760,1760,249,20260714,0.828827108936881
S1760,1760,250,20260714,0.8299168754722984
S1760,1760,251,20260714,0.829972556974108
S1760,1760,252,20260714,0.8286998369327446
S1760,1760,253,20260714,0.830688461997375
S1760,1760,254,20260714,0.8293123334526509
S1760,1760,255,20260714,0.8302271009823807
S1760,1760,256,20260714,0.8296861949648012
S1760,1760,257,20260714,0.8298850574712643
S1760,1760,258,20260714,0.8298452849699718
S1760,1760,259,20260714,0.829574831961182
S1760,1760,260,20260714,0.8296782404645427
S1760,1760,261,20260714,0.8292884699518752
S1760,1760,262,20260714,0.828596428429384
S1760,1760,263,20260714,0.8287555184345543
S1760,1760,264,20260714,0.8302509644831563
S1760,1760,265,20260714,0.8297816489679036
S1760,1760,266,20260714,0.8296782404645429
S1760,1760,267,20260714,0.8301077834785029
S1760,1760,268,20260714,0.8296066499622161
S1760,1760,269,20260714,0.8298930119715229
S1760,1760,270,20260714,0.8306407349958239
S1760,1760,271,20260714,0.8295191504593724
S1760,1760,272,20260714,0.8298930119715229
S1760,1760,273,20260714,0.8289623354412758
S1760,1760,274,20260714,0.8306486894960825
S1760,1760,275,20260714,0.8295111959591139
S1760,1760,276,20260714,0.8297021039653183
S1760,1760,277,20260714,0.8298373304697132
S1760,1760,278,20260714,0.8293839239549774
S1760,1760,279,20260714,0.8299725569741082
S1760,1760,280,20260714,0.8300361929761763
S1760,1760,281,20260714,0.8288986994392077
S1760,1760,282,20260714,0.8294634689575628
S1760,1760,283,20260714,0.8292486974505826
S1760,1760,284,20260714,0.8290736984448952
S1760,1760,285,20260714,0.829773694467645
S1760,1760,286,20260714,0.8288191544366225
S1760,1760,287,20260714,0.8296384679632502
S1760,1760,288,20260714,0.8294157419560116
S1760,1760,289,20260714,0.8310145965079744
S1760,1760,290,20260714,0.8293839239549775
S1760,1760,291,20260714,0.8288589269379151
S1760,1760,292,20260714,0.829193015948773
S1760,1760,293,20260714,0.829543013960148
S1760,1760,294,20260714,0.830107783478503
S1760,1760,295,20260714,0.8289623354412758
S1760,1760,296,20260714,0.8297339219663525
S1760,1760,297,20260714,0.8300282384759177
S1760,1760,298,20260714,0.8296066499622161
S1760,1760,299,20260714,0.829773694467645
S1760,1760,300,20260714,0.8309827785069402
S1760,1760,301,20260714,0.8290180169430855
S1760,1760,302,20260714,0.8294157419560115
S1760,1760,303,20260714,0.8291214254464463
S1760,1760,304,20260714,0.8291134709461877
S1760,1760,305,20260714,0.8306089169947898
S1760,1760,306,20260714,0.8292168794495486
S1760,1760,307,20260714,0.8301714194805712
S1760,1760,308,20260714,0.830306645984966
S1760,1760,309,20260714,0.8295032414588553
S1760,1760,310,20260714,0.8293282424531678
S1760,1760,311,20260714,0.8294714234578213
S1760,1760,312,20260714,0.8298134669689377
S1760,1760,313,20260714,0.8296464224635087
S1760,1760,314,20260714,0.8306089169947898
S1760,1760,315,20260714,0.8297100584655769
S1760,1760,316,20260714,0.8299566479735911
S1760,1760,317,20260714,0.8288748359384323
S1760,1760,318,20260714,0.8293521059539434
S1760,1760,319,20260714,0.8301316469792784
S1760,1760,320,20260714,0.8299168754722984
S1760,1760,321,20260714,0.8293998329554946
S1760,1760,322,20260714,0.8301714194805712
S1760,1760,323,20260714,0.8292089249492901
S1760,1760,324,20260714,0.8296384679632502
S1760,1760,325,20260714,0.8307043709978921
S1760,1760,326,20260714,0.8297021039653183
S1760,1760,327,20260714,0.8297498309668695
S1760,1760,328,20260714,0.8304418724893609
S1760,1760,329,20260714,0.8294157419560116
S1760,1760,330,20260714,0.8289146084397248
S1760,1760,331,20260714,0.8293361969534264
S1760,1760,332,20260714,0.8302589189834149
S1760,1760,333,20260714,0.8287157459332618
S1760,1760,334,20260714,0.8297657399673865
S1760,1760,335,20260714,0.8307282344986676
S1760,1760,336,20260714,0.8293918784552361
S1760,1760,337,20260714,0.8306805074971165
S1760,1760,338,20260714,0.8296225589627333
S1760,1760,339,20260714,0.8299964204748836
S1760,1760,340,20260714,0.8304577814898779
S1760,1760,341,20260714,0.8301793739808296
S1760,1760,342,20260714,0.8291611979477389
S1760,1760,343,20260714,0.8293680149544604
S1760,1760,344,20260714,0.8299407389730741
S1760,1760,345,20260714,0.8288191544366225
S1760,1760,346,20260714,0.8299089209720398
S1760,1760,347,20260714,0.8304180089885853
S1760,1760,348,20260714,0.8306884619973751
S1760,1760,349,20260714,0.8291452889472218
S1760,1760,350,20260714,0.829956647973591
S1760,1760,351,20260714,0.8293202879529095
S1760,1760,352,20260714,0.829407787455753
S1760,1760,353,20260714,0.8294952869585968
S1760,1760,354,20260714,0.8304339179891024
S1760,1760,355,20260714,0.8288350634371394
S1760,1760,356,20260714,0.8301157379787615
S1760,1760,357,20260714,0.8306805074971165
S1760,1760,358,20260714,0.82856461042835
S1760,1760,359,20260714,0.8303782364872927
S1760,1760,360,20260714,0.829527104959631
S1760,1760,361,20260714,0.8303782364872927
S1760,1760,362,20260714,0.829177106948256
S1760,1760,363,20260714,0.8292009704490316
S1760,1760,364,20260714,0.8290896074454123
S1760,1760,365,20260714,0.8302191464821222
S1760,1760,366,20260714,0.8294952869585968
S1760,1760,367,20260714,0.8297339219663525
S1760,1760,368,20260714,0.8297021039653183
S1760,1760,369,20260714,0.830139601479537
S1760,1760,370,20260714,0.8299168754722984
S1760,1760,371,20260714,0.8293680149544604
S1760,1760,372,20260714,0.8288350634371395
S1760,1760,373,20260714,0.8291373344469634
S1760,1760,374,20260714,0.8297418764666109
S1760,1760,375,20260714,0.829391878455236
S1760,1760,376,20260714,0.8302430099828978
S1760,1760,377,20260714,0.8303146004852244
S1760,1760,378,20260714,0.8295191504593724
S1760,1760,379,20260714,0.8294475599570457
S1760,1760,380,20260714,0.8297339219663524
S1760,1760,381,20260714,0.8293998329554946
S1760,1760,382,20260714,0.8300998289782444
S1760,1760,383,20260714,0.829010062442827
S1760,1760,384,20260714,0.829375969454719
S1760,1760,385,20260714,0.8287555184345543
S1760,1760,386,20260714,0.8292248339498072
S1760,1760,387,20260714,0.8299248299725569
S1760,1760,388,20260714,0.82920892494929
S1760,1760,389,20260714,0.829193015948773
S1760,1760,390,20260714,0.8293441514536849
S1760,1760,391,20260714,0.8284532474247306
S1760,1760,392,20260714,0.8284214294236963
S1760,1760,393,20260714,0.8300839199777273
S1760,1760,394,20260714,0.8291214254464463
S1760,1760,395,20260714,0.8296861949648013
S1760,1760,396,20260714,0.8303464184862586
S1760,1760,397,20260714,0.8307759615002187
S1760,1760,398,20260714,0.8299486934733326
S1760,1760,399,20260714,0.8305691444934972
S1760,1760,400,20260714,0.8294714234578212
S1760,1760,401,20260714,0.830839597502287
S1760,1760,402,20260714,0.8285407469275743
S1760,1760,403,20260714,0.8296623314640258
S1760,1760,404,20260714,0.8306407349958239
S1760,1760,405,20260714,0.8298293759694548
S1760,1760,406,20260714,0.8290896074454124
S1760,1760,407,20260714,0.8298373304697132
S1760,1760,408,20260714,0.828596428429384
S1760,1760,409,20260714,0.830290736984449
S1760,1760,410,20260714,0.8287873364355884
S1760,1760,411,20260714,0.8284532474247306
S1760,1760,412,20260714,0.8293998329554946
S1760,1760,413,20260714,0.8297657399673865
S1760,1760,414,20260714,0.829375969454719
S1760,1760,415,20260714,0.829956647973591
S1760,1760,416,20260714,0.8306089169947898
S1760,1760,417,20260714,0.8292407429503241
S1760,1760,418,20260714,0.8300282384759177
S1760,1760,419,20260714,0.829725967466094
S1760,1760,420,20260714,0.8304339179891023
S1760,1760,421,20260714,0.8299089209720399
S1760,1760,422,20260714,0.8302430099828978
S1760,1760,423,20260714,0.8302271009823807
S1760,1760,424,20260714,0.8283180209203357
S1760,1760,425,20260714,0.8292407429503241
S1760,1760,426,20260714,0.8293521059539434
S1760,1760,427,20260714,0.8298214214691962
S1760,1760,428,20260714,0.8291611979477388
S1760,1760,429,20260714,0.8300521019766933
S1760,1760,430,20260714,0.8289702899415344
S1760,1760,431,20260714,0.8299805114743667
S1760,1760,432,20260714,0.8304259634888438
S1760,1760,433,20260714,0.8294555144573043
S1760,1760,434,20260714,0.8300918744779859
S1760,1760,435,20260714,0.8292248339498072
S1760,1760,436,20260714,0.8290657439446366
S1760,1760,437,20260714,0.8300521019766933
S1760,1760,438,20260714,0.8282782484190431
S1760,1760,439,20260714,0.8304577814898779
S1760,1760,440,20260714,0.8289941534423101
S1760,1760,441,20260714,0.8293282424531678
S1760,1760,442,20260714,0.829543013960148
S1760,1760,443,20260714,0.829590740961699
S1760,1760,444,20260714,0.8294316509565287
S1760,1760,445,20260714,0.8297657399673865
S1760,1760,446,20260714,0.8292964244521338
S1760,1760,447,20260714,0.8297021039653183
S1760,1760,448,20260714,0.8296941494650598
S1760,1760,449,20260714,0.829558922960665
S1760,1760,450,20260714,0.8306566439963409
S1760,1760,451,20260714,0.8289623354412758
S1760,1760,452,20260714,0.8290896074454123
S1760,1760,453,20260714,0.8293918784552361
S1760,1760,454,20260714,0.829527104959631
S1760,1760,455,20260714,0.829574831961182
S1760,1760,456,20260714,0.8304498269896193
S1760,1760,457,20260714,0.8295191504593724
S1760,1760,458,20260714,0.829725967466094
S1760,1760,459,20260714,0.8293998329554946
S1760,1760,460,20260714,0.8295350594598895
S1760,1760,461,20260714,0.8286998369327447
S1760,1760,462,20260714,0.8292566519508411
S1760,1760,463,20260714,0.829360060454202
S1760,1760,464,20260714,0.8302748279839319
S1760,1760,465,20260714,0.8281271129141312
S1760,1760,466,20260714,0.829360060454202
S1760,1760,467,20260714,0.8292327884500656
S1760,1760,468,20260714,0.8291293799467048
S1760,1760,469,20260714,0.830107783478503
S1760,1760,470,20260714,0.8299009664717815
S1760,1760,471,20260714,0.8296782404645427
S1760,1760,472,20260714,0.83012369247902
S1760,1760,473,20260714,0.8305930079942728
S1760,1760,474,20260714,0.8295350594598895
S1760,1760,475,20260714,0.8298452849699718
S1760,1760,476,20260714,0.8294077874557532
S1760,1760,477,20260714,0.8299248299725569
S1760,1760,478,20260714,0.8304100544883268
S1760,1760,479,20260714,0.8298930119715229
S1760,1760,480,20260714,0.82899415344231
S1760,1760,481,20260714,0.8299089209720398
S1760,1760,482,20260714,0.8293123334526509
S1760,1760,483,20260714,0.8293998329554946
S1760,1760,484,20260714,0.8291134709461878
S1760,1760,485,20260714,0.8306645984965993
S1760,1760,486,20260714,0.8303861909875512
S1760,1760,487,20260714,0.8300998289782444
S1760,1760,488,20260714,0.8304816449906535
S1760,1760,489,20260714,0.8294952869585968
S1760,1760,490,20260714,0.8294555144573043
S1760,1760,491,20260714,0.8283498389213698
S1760,1760,492,20260714,0.828843017937398
S1760,1760,493,20260714,0.8296305134629917
S1760,1760,494,20260714,0.829725967466094
S1760,1760,495,20260714,0.8295668774609235
S1760,1760,496,20260714,0.8289066539394663
S1760,1760,497,20260714,0.8307282344986676
S1760,1760,498,20260714,0.8302032374816051
S1760,1760,499,20260714,0.8293680149544606
