planes,sats_per_plane,total_satellites,phase_factor,inclination_deg,raan0_deg,u0_deg,C1,C2,avg_multiplicity,c_min,max_gap_s,strict_double_time_rate
3,40,120,0,52.0,0.0,4.5,0.2547908799968171,0.013217667228051205,0.26805113170129446,0,16560.0,0.0
3,40,120,0,52.0,0.0,2.25,0.2538234628278271,0.013050362922566176,0.26687382575039326,0,16560.0,0.0
3,40,120,0,52.0,0.0,6.75,0.25289257166582085,0.013463706050653532,0.2664393504220525,0,16560.0,0.0
3,40,120,0,52.0,0.0,0.0,0.25263584503115405,0.01307053551725513,0.2657688597648656,0,16380.0,0.0
3,40,120,0,50.0,0.0,4.5,0.2523922906329815,0.01319452894581719,0.26560811181701177,0,19800.0,0.0
3,40,120,0,50.0,0.0,6.75,0.2520652420866868,0.012805918565123437,0.2648711606518102,0,19800.0,0.0
3,40,120,0,50.0,0.0,2.25,0.2519800415308279,0.01265628426255401,0.2647002025080212,0,19800.0,0.0
3,40,120,0,50.0,0.0,0.0,0.2514580673272106,0.0125504819668276,0.2640298415322513,0,20520.0,0.0
3,40,120,0,52.0,15.0,4.5,0.2452958428080116,0.012451980650686144,0.257811700173337,0,19980.0,0.0
3,40,120,0,52.0,15.0,2.25,0.24491835920098287,0.01261630404036892,0.25753466324135177,0,20160.0,0.0
3,40,120,0,50.0,105.0,4.5,0.2442444208304874,0.012716107017987728,0.2569818200866882,0,19800.0,0.0
3,40,120,0,50.0,105.0,6.75,0.24401301245718923,0.012494445452404846,0.25650745790959406,0,19800.0,0.0
3,40,120,0,52.0,15.0,0.0,0.2439367659858249,0.012303011966708353,0.2563235494072027,0,20340.0,0.0
3,40,120,0,50.0,105.0,2.25,0.2437641296490777,0.012084109618231016,0.25591211598194796,0,20160.0,0.0
3,40,120,0,52.0,15.0,6.75,0.24348234900922602,0.012461824134066345,0.2560684328271137,0,19980.0,0.0
3,40,120,0,50.0,15.0,2.25,0.24332890815187172,0.0123324463718807,0.2556613545237524,0,19980.0,0.0
3,40,120,0,50.0,15.0,4.5,0.24321254512677332,0.012338547719778051,0.25555109284655136,0,20520.0,0.0
3,40,120,0,50.0,105.0,0.0,0.24313977270157225,0.012015866389272765,0.2551982235672712,0,20520.0,0.0
3,40,120,0,50.0,15.0,0.0,0.24264214986494143,0.01206133675908047,0.254724778862235,0,20520.0,0.0
3,40,120,0,50.0,15.0,6.75,0.2425918912805735,0.011815792775184906,0.2544076840557584,0,20340.0,0.0
3,40,120,0,50.0,90.0,6.75,0.22998179023285814,0.009701107750208073,0.23968289798306622,0,21780.0,0.0
3,40,120,0,50.0,90.0,4.5,0.22927741356933684,0.009706435731579751,0.2390051415391297,0,21780.0,0.0
3,40,120,0,50.0,30.0,2.25,0.2291091318113424,0.009486920049088356,0.23859605186043076,0,21780.0,0.0
3,40,120,0,50.0,90.0,0.0,0.22903712323518705,0.009414037793474167,0.2384937455050874,0,21780.0,0.0
3,40,120,0,50.0,90.0,2.25,0.22897188758283568,0.009075876893523425,0.23811164119099834,0,21780.0,0.0
3,40,120,0,50.0,30.0,4.5,0.22850820502853877,0.00958745760848007,0.23809566263701887,0,21780.0,0.0
3,40,120,0,50.0,30.0,0.0,0.22844020076074542,0.00933909324484703,0.23777929400559247,0,21780.0,0.0
3,40,120,0,50.0,30.0,6.75,0.22775620643688038,0.009116968692769262,0.23687317512964964,0,21780.0,0.0
2,60,120,0,58.0,150.0,3.0,0.2244692754849095,0.07001286331201512,0.29648929665427337,0,20700.0,0.0
2,60,120,1,58.0,150.0,0.0,0.2243254520972077,0.06958391809965096,0.2962879746621426,0,20880.0,0.0
2,60,120,0,58.0,150.0,1.5,0.2241801334411529,0.06969453723157205,0.2957083704436362,0,20700.0,0.0
2,60,120,1,58.0,150.0,4.5,0.22417498007474662,0.06931737619561137,0.29574731139404614,0,20880.0,0.0
2,60,120,1,58.0,150.0,1.5,0.22410600348263682,0.06930959771137371,0.29576955057844745,0,20880.0,0.0
2,60,120,0,58.0,150.0,4.5,0.22410085011623054,0.069750043008546,0.2958084915288574,0,20700.0,0.0
2,60,120,1,58.0,150.0,3.0,0.22409088992117518,0.06945370408178544,0.29589854338739763,0,20880.0,0.0
2,60,120,0,58.0,150.0,0.0,0.22394706653347332,0.0698421159109804,0.2956972213952668,0,20700.0,0.0
2,60,120,0,56.0,150.0,0.0,0.22297244256663112,0.06912523772471982,0.29373314224919067,0,21780.0,0.0
2,60,120,1,56.0,150.0,0.0,0.22291505294217287,0.06849604216084314,0.2935173718669005,0,21780.0,0.0
2,60,120,1,56.0,150.0,3.0,0.22265341659616547,0.06857369322077365,0.2935068446672611,0,21780.0,0.0
2,60,120,0,56.0,150.0,3.0,0.22244809648662509,0.06905883748070259,0.293291074284971,0,21780.0,0.0
2,60,120,0,56.0,150.0,1.5,0.22214726848648295,0.06905440217605735,0.2928123528937461,0,21780.0,0.0
2,60,120,1,56.0,150.0,1.5,0.22206617197992404,0.06870449059539752,0.2930008379723757,0,21780.0,0.0
2,60,120,1,56.0,150.0,4.5,0.22199639379421193,0.06857547412701716,0.29267814468511355,0,21780.0,0.0
2,60,120,0,56.0,150.0,4.5,0.22174271172172375,0.06936455745100994,0.2928666297637431,0,21780.0,0.0
2,60,120,1,54.0,150.0,1.5,0.21957180981805471,0.06718687137265099,0.2888153985013224,0,21780.0,0.0
2,60,120,0,54.0,150.0,1.5,0.2191889854032909,0.0675174412215253,0.2881932102228524,0,21780.0,0.0
2,60,120,0,54.0,150.0,4.5,0.21900617975883646,0.06749710543673502,0.2879900687936076,0,21780.0,0.0
2,60,120,1,54.0,150.0,4.5,0.2188945612333899,0.06661483978420256,0.28736788051513756,0,21780.0,0.0
2,60,120,1,54.0,150.0,3.0,0.21876222704397552,0.06709008972690553,0.2879338138081317,0,21780.0,0.0
2,60,120,0,54.0,150.0,0.0,0.21857519529592617,0.0673185249839512,0.2873309444246457,0,21780.0,0.0
2,60,120,1,54.0,150.0,0.0,0.21851476859078958,0.06660378181961205,0.2870018096345808,0,21780.0,0.0
2,60,120,0,54.0,150.0,3.0,0.21828266396443957,0.06781045172895707,0.28760467901806674,0,21780.0,0.0
2,60,120,0,56.0,135.0,0.0,0.21539832692936065,0.06677240384221116,0.28388053190931334,0,21780.0,0.0
2,60,120,0,56.0,135.0,4.5,0.2153126777821222,0.06651290675643061,0.28356016540292833,0,21780.0,0.0
2,60,120,1,56.0,135.0,4.5,0.21524666527196026,0.06610863529283723,0.28341201787541415,0,21780.0,0.0
2,60,120,1,56.0,135.0,0.0,0.2152204711465349,0.06614531599051947,0.28337294499440313,0,21780.0,0.0
3,40,120,0,50.0,75.0,6.75,0.21520668246506522,0.007328524622877893,0.22253520708794314,0,21780.0,0.0
2,60,120,1,56.0,135.0,1.5,0.2151958947132031,0.06591639686056702,0.2833176872441904,0,21780.0,0.0
2,60,120,1,56.0,135.0,3.0,0.21517530591028255,0.06623875873591883,0.28369379949652346,0,21780.0,0.0
2,60,120,0,56.0,165.0,1.5,0.21516929592966363,0.06647413734869766,0.28315499660303134,0,21780.0,0.0
2,60,120,1,56.0,165.0,1.5,0.21503333081106152,0.06589874031465218,0.28306312761623215,0,21780.0,0.0
2,60,120,0,56.0,135.0,1.5,0.21495729663711205,0.06660156084835842,0.2831695397166763,0,21780.0,0.0
3,40,120,0,50.0,75.0,0.0,0.21491164422840464,0.007107676636468397,0.22204061310308615,0,21780.0,0.0
2,60,120,1,56.0,165.0,4.5,0.2148762256396242,0.06596398212869854,0.2828473656256714,0,21780.0,0.0
2,60,120,0,58.0,135.0,3.0,0.21485365871309603,0.06641545077506199,0.2831523687123371,0,20700.0,0.0
2,60,120,0,56.0,135.0,3.0,0.21484951964237467,0.0666764512547649,0.28318621258161325,0,21780.0,0.0
3,40,120,0,50.0,75.0,4.5,0.21474124302037298,0.007420525868729296,0.22218306112731534,0,21780.0,0.0
2,60,120,1,58.0,135.0,3.0,0.21466484068093283,0.06599470605288531,0.28301349611825505,0,20880.0,0.0
2,60,120,1,58.0,135.0,0.0,0.2146484140636579,0.06623117894685697,0.2830602089543013,0,20880.0,0.0
2,60,120,0,58.0,135.0,1.5,0.2145875504334398,0.06673693913108256,0.28313340960879957,0,20700.0,0.0
2,60,120,0,56.0,165.0,4.5,0.2145430198742459,0.0665522350801527,0.2827554966388723,0,21780.0,0.0
2,60,120,1,58.0,135.0,4.5,0.21449419833275776,0.06628260129904495,0.2829821953022229,0,20880.0,0.0
2,60,120,0,58.0,135.0,0.0,0.21443494095064766,0.06660313618539239,0.28292133636021916,0,20700.0,0.0
3,40,120,0,50.0,75.0,2.25,0.21439784737073747,0.00668900297256629,0.221150727057943,0,21780.0,0.0
2,60,120,1,58.0,135.0,1.5,0.21436911356131885,0.06636710295845849,0.2830653861775804,0,20880.0,0.0
2,60,120,1,58.0,165.0,0.0,0.21433513401594356,0.06592064564926478,0.2825106101431095,0,20880.0,0.0
2,60,120,0,58.0,135.0,4.5,0.21425110637978975,0.06673024681376695,0.2829141718710037,0,20700.0,0.0
2,60,120,1,56.0,165.0,0.0,0.21419845383375344,0.06586789639344974,0.2821230675378198,0,21780.0,0.0
2,60,120,1,52.0,150.0,0.0,0.21417994133844698,0.06454278074233583,0.28045730294515825,0,21780.0,0.0
2,60,120,1,52.0,150.0,1.5,0.21414966441998742,0.06501057110541274,0.2809195961164097,0,21780.0,0.0
3,40,120,0,50.0,45.0,0.0,0.21414942247104524,0.007384626746059762,0.221534049217105,0,21780.0,0.0
2,60,120,0,52.0,150.0,3.0,0.21409463623706565,0.0649613964269238,0.28036935817558795,0,21780.0,0.0
2,60,120,0,58.0,165.0,3.0,0.21408854093730526,0.06622336689208427,0.2821703873269347,0,20700.0,0.0
2,60,120,0,56.0,165.0,0.0,0.21406357631800496,0.06614826046679158,0.28179773928936835,0,21780.0,0.0
2,60,120,0,52.0,150.0,0.0,0.2140530244329761,0.06528777909729094,0.2806293493152317,0,21780.0,0.0
2,60,120,0,52.0,150.0,1.5,0.2140452629424954,0.06500032435742378,0.2805075911713214,0,21780.0,0.0
2,60,120,0,56.0,165.0,3.0,0.21402807343734118,0.06650423447557259,0.28224210905065533,0,21780.0,0.0
2,60,120,0,52.0,150.0,4.5,0.2140183881090218,0.06544961330611132,0.28078132692673174,0,21780.0,0.0
2,60,120,1,52.0,150.0,4.5,0.21398795187407077,0.06469634869646505,0.28036932198164344,0,21780.0,0.0
2,60,120,1,56.0,165.0,3.0,0.21396716116413372,0.06581856314755169,0.2819167808022039,0,21780.0,0.0
2,60,120,1,52.0,150.0,3.0,0.21394306425074774,0.06483897970390427,0.28054140454566145,0,21780.0,0.0
3,40,120,0,50.0,45.0,2.25,0.21392526858332406,0.0071770440059038786,0.22110231258922794,0,21780.0,0.0
3,40,120,0,50.0,45.0,6.75,0.21390337508512153,0.006983402027045141,0.22088677711216667,0,21780.0,0.0
2,60,120,0,58.0,165.0,0.0,0.21380619748268676,0.06645690586735621,0.2820720233943203,0,20700.0,0.0
3,40,120,0,50.0,45.0,4.5,0.2135784449166872,0.007284090896884293,0.2208625358135715,0,21780.0,0.0
2,60,120,1,58.0,165.0,3.0,0.21355960440404842,0.06599158023031061,0.28173180057814534,0,20880.0,0.0
2,60,120,0,58.0,165.0,4.5,0.2135104329864651,0.0661677214339494,0.28158619337122753,0,20700.0,0.0
2,60,120,1,58.0,165.0,4.5,0.21344258459792748,0.06580274722398584,0.2814259477656996,0,20880.0,0.0
2,60,120,1,58.0,165.0,1.5,0.21321514595277682,0.06574346454495573,0.28121319168406,0,20880.0,0.0
2,60,120,0,58.0,165.0,1.5,0.2131472975642391,0.06614628792328343,0.281052946078532,0,20700.0,0.0
2,60,120,1,54.0,165.0,3.0,0.21312791685618554,0.06523981614163996,0.28035011112854036,0,21780.0,0.0
2,60,120,1,54.0,135.0,1.5,0.21284617932399724,0.0655951582360282,0.2805476143239099,0,21780.0,0.0
2,60,120,1,54.0,135.0,3.0,0.21282245121917379,0.06548856560615986,0.280442073315852,0,21780.0,0.0
2,60,120,0,54.0,165.0,0.0,0.21281242479242857,0.06574063075512371,0.28001505941895455,0,21780.0,0.0
2,60,120,1,54.0,135.0,0.0,0.21275151133271758,0.0654204040610106,0.2799312759847376,0,21780.0,0.0
2,60,120,0,54.0,135.0,0.0,0.2127502052369718,0.06581813396134556,0.2800799025229875,0,21780.0,0.0
2,60,120,0,54.0,165.0,3.0,0.21273916914792848,0.06590066158950109,0.28015139406209966,0,21780.0,0.0
2,60,120,1,54.0,165.0,0.0,0.2126948829734887,0.06523820015484594,0.27981634235251374,0,21780.0,0.0
2,60,120,0,54.0,135.0,1.5,0.21254420507563312,0.06600742731882582,0.28008797544576297,0,21780.0,0.0
2,60,120,0,54.0,135.0,3.0,0.21247858618306123,0.06635285672313879,0.2802934467776022,0,21780.0,0.0
2,60,120,1,54.0,135.0,4.5,0.2124627166363484,0.06503178957294327,0.27932820598020286,0,21780.0,0.0
2,60,120,0,54.0,135.0,4.5,0.21244417483370118,0.0659064458798804,0.2797878448583498,0,21780.0,0.0
2,60,120,1,54.0,165.0,1.5,0.21175502053853482,0.06561257621360407,0.27932519515621973,0,21780.0,0.0
2,60,120,0,54.0,165.0,1.5,0.21143953234945065,0.06565896839412948,0.27851094516171443,0,21780.0,0.0
2,60,120,1,54.0,165.0,4.5,0.21133519898381586,0.06458017527118778,0.27777385375254876,0,21780.0,0.0
2,60,120,0,54.0,165.0,4.5,0.21128086096019474,0.06589479836872511,0.27858810374705417,0,21780.0,0.0
2,60,120,1,52.0,135.0,0.0,0.2097108189776594,0.06369983956409367,0.27504612049959287,0,21780.0,0.0
2,60,120,0,52.0,135.0,0.0,0.20954805175744756,0.0643257988990623,0.2752615153480103,0,21780.0,0.0
2,60,120,1,52.0,135.0,1.5,0.2095333126142916,0.06368471255361274,0.2750021654855477,0,21780.0,0.0
2,60,120,0,52.0,135.0,1.5,0.2094582454475309,0.06384627290202999,0.27476652222096304,0,21780.0,0.0
2,60,120,0,52.0,135.0,3.0,0.20933667314049545,0.06400859601744378,0.274584255489636,0,21780.0,0.0
2,60,120,0,52.0,135.0,4.5,0.20931573068513837,0.06433420236647243,0.2748889193833076,0,21780.0,0.0
2,60,120,0,52.0,165.0,4.5,0.20927123111664764,0.06416864736198788,0.2746293053570644,0,21780.0,0.0
2,60,120,1,52.0,135.0,4.5,0.2092653185992247,0.06372771583502457,0.2746532761187229,0,21780.0,0.0
2,60,120,1,52.0,135.0,3.0,0.20919856100113063,0.0637673895660116,0.2747996503380534,0,21780.0,0.0
2,60,120,1,52.0,165.0,0.0,0.2090736981200984,0.06334733571059885,0.27418039442170666,0,21780.0,0.0
2,60,120,1,52.0,165.0,4.5,0.20905009755234882,0.06355659668740934,0.2742421561975979,0,21780.0,0.0
2,60,120,1,52.0,165.0,1.5,0.20904154284459653,0.0635261439627238,0.274227928491794,0,21780.0,0.0
2,60,120,0,50.0,150.0,3.0,0.20903674524084492,0.06406149647228444,0.27428766859155823,0,21780.0,0.0
2,60,120,1,50.0,150.0,0.0,0.2089911244968812,0.06350042902996589,0.274052676304785,0,21780.0,0.0
2,60,120,0,52.0,165.0,0.0,0.20892614133642476,0.06422056467990025,0.27448481125455754,0,21780.0,0.0
2,60,120,0,52.0,165.0,3.0,0.20891231280664957,0.06343873576183594,0.27373871325998594,0,21780.0,0.0
2,60,120,1,50.0,150.0,3.0,0.20886416372922445,0.06342454404400279,0.2738002710978973,0,21780.0,0.0
2,60,120,0,50.0,150.0,0.0,0.20881854298526076,0.0636068684007023,0.2735652788111241,0,21780.0,0.0
2,60,120,1,52.0,165.0,3.0,0.20881406618467,0.06346970331715736,0.2740431300928367,0,21780.0,0.0
2,60,120,0,52.0,165.0,1.5,0.20877109911860364,0.06380591415539312,0.27384077933232753,0,21780.0,0.0
2,60,120,1,50.0,150.0,4.5,0.2087058076863606,0.06357571793693283,0.27386742812786535,0,21780.0,0.0
2,60,120,0,50.0,150.0,1.5,0.20862928692984017,0.06392882444399346,0.27374753825226256,0,21780.0,0.0
2,60,120,0,50.0,150.0,4.5,0.20847939472359406,0.06423092274122796,0.2739245240698848,0,21780.0,0.0
2,60,120,1,50.0,150.0,1.5,0.2084028739670736,0.06389019690253842,0.273804634194282,0,21780.0,0.0
3,40,120,0,50.0,60.0,0.0,0.20628411119887086,0.007368086016191979,0.2136734894532759,0,21780.0,0.0
3,40,120,0,50.0,60.0,2.25,0.20612954545890794,0.007185759955085333,0.21333659765220636,0,21780.0,0.0
3,40,120,0,50.0,60.0,6.75,0.2061117594410139,0.007184722107784609,0.2132964815487985,0,21780.0,0.0
3,40,120,0,50.0,60.0,4.5,0.20599363236889012,0.007285040482123827,0.21329996508922705,0,21780.0,0.0
2,60,120,1,50.0,135.0,3.0,0.20562207015397696,0.06167454309622265,0.26885773602813756,0,21780.0,0.0
2,60,120,0,50.0,135.0,3.0,0.20554401260058827,0.062199683615517684,0.268908343367901,0,21780.0,0.0
2,60,120,0,50.0,135.0,1.5,0.20553076251789934,0.0622762746817076,0.26899646407803585,0,21780.0,0.0
2,60,120,0,50.0,135.0,0.0,0.20547108079675153,0.06232471443970486,0.26896044238825134,0,21780.0,0.0
2,60,120,1,50.0,135.0,4.5,0.20545663059996558,0.06243183020820762,0.2694248038594772,0,21780.0,0.0
2,60,120,1,50.0,135.0,0.0,0.20541767832420985,0.06215614725903661,0.26901104972801465,0,21780.0,0.0
2,60,120,1,50.0,165.0,0.0,0.20540757781419666,0.061993839440304475,0.26898731975907303,0,21780.0,0.0
2,60,120,1,50.0,165.0,4.5,0.2053566641189734,0.06201578982751796,0.2688840172711614,0,21780.0,0.0
2,60,120,1,50.0,135.0,1.5,0.2053056285434909,0.06200372945450553,0.2687961415960326,0,21780.0,0.0
2,60,120,0,50.0,135.0,4.5,0.20523149662555715,0.06287789705338968,0.2692244813774739,0,21780.0,0.0
2,60,120,0,50.0,165.0,4.5,0.20522590211840092,0.0625030426243842,0.26881925271467827,0,21780.0,0.0
2,60,120,0,50.0,165.0,0.0,0.20517584507356762,0.061865169094073295,0.2682056613194359,0,21780.0,0.0
2,60,120,0,50.0,165.0,1.5,0.2051754137845841,0.0622992971486873,0.2685154594518967,0,21780.0,0.0
2,60,120,0,50.0,165.0,3.0,0.20516742659563228,0.0624043778434104,0.2687612313174716,0,21780.0,0.0
2,60,120,1,50.0,165.0,1.5,0.2050446517840116,0.06196881896663368,0.2684506948954135,0,21780.0,0.0
2,60,120,1,50.0,165.0,3.0,0.20493569385500324,0.061631434604696896,0.2679795728778344,0,21780.0,0.0
2,60,120,1,52.0,120.0,0.0,0.19870946486489655,0.06066669518365515,0.2605903666536145,0,21780.0,0.0
2,60,120,1,54.0,120.0,3.0,0.1986975388810443,0.06184035097176326,0.26217335181064727,0,21780.0,0.0
2,60,120,0,52.0,120.0,0.0,0.1986832158205714,0.06101305726692259,0.2607865810593872,0,21780.0,0.0
2,60,120,1,52.0,120.0,4.5,0.19863977845612593,0.06065003424267167,0.26057835848376226,0,21780.0,0.0
2,60,120,1,52.0,120.0,1.5,0.19863551770343169,0.06076487645653148,0.2608128385780975,0,21780.0,0.0
2,60,120,0,52.0,120.0,4.5,0.19862247315494047,0.061280067113389104,0.26084416988041914,0,21780.0,0.0
2,60,120,0,52.0,120.0,1.5,0.19860351284292316,0.06085320636662434,0.2605470271814406,0,21780.0,0.0
2,60,120,0,52.0,120.0,3.0,0.19855245495729884,0.06087552234121968,0.2603696069106081,0,21780.0,0.0
2,60,120,1,52.0,120.0,3.0,0.1985262059129737,0.0606519507119066,0.26056582131638073,0,21780.0,0.0
2,60,120,1,54.0,120.0,0.0,0.1985099565965989,0.06147968598420367,0.2613277478190351,0,21780.0,0.0
2,60,120,0,54.0,120.0,0.0,0.1985065918638236,0.06172713173232911,0.2614231504745816,0,21780.0,0.0
2,60,120,0,54.0,120.0,3.0,0.19850366296704344,0.062434418762896314,0.26207794915510074,0,21780.0,0.0
2,60,120,1,56.0,120.0,1.5,0.19814027611165,0.05942584749496916,0.2592511450177268,0,21780.0,0.0
2,60,120,0,52.0,0.0,4.5,0.19812429617381735,0.061045574159760266,0.26006194049239933,0,21780.0,0.0
2,60,120,1,52.0,0.0,1.5,0.1981200358891692,0.0605585019534484,0.25984318499441256,0,21780.0,0.0
2,60,120,1,52.0,0.0,3.0,0.1980588846694908,0.060362829935449315,0.2597350401165387,0,21780.0,0.0
2,60,120,0,52.0,0.0,0.0,0.19795912646264205,0.061071958382538025,0.26002227391053745,0,21780.0,0.0
2,60,120,1,52.0,0.0,4.5,0.1979178760930026,0.06072103542449481,0.2599026775758281,0,21780.0,0.0
2,60,120,0,56.0,120.0,4.5,0.19790129685329982,0.06042483799470865,0.25963946035960705,0,21780.0,0.0
2,60,120,0,52.0,0.0,1.5,0.19788896072750733,0.06085333173824442,0.25968392207784136,0,21780.0,0.0
2,60,120,0,56.0,120.0,1.5,0.1977610469989862,0.0598233042799563,0.25882333761063925,0,21780.0,0.0
2,60,120,0,52.0,0.0,3.0,0.19774444798438026,0.06059135075739051,0.25937654726039605,0,21780.0,0.0
2,60,120,1,52.0,0.0,0.0,0.19769399993922557,0.0606316758769368,0.25966378105439486,0,21780.0,0.0
2,60,120,1,56.0,120.0,4.5,0.19766999822571812,0.05995575222222955,0.2592116529525195,0,21780.0,0.0
2,60,120,0,50.0,120.0,1.5,0.19763695598797246,0.05879179074505588,0.25732081689185005,0,21780.0,0.0
2,60,120,1,50.0,120.0,4.5,0.19763675840333497,0.05862214115366115,0.2574235467087911,0,21780.0,0.0
2,60,120,1,50.0,120.0,3.0,0.19760729867768523,0.058419086809803115,0.25721581236591723,0,21780.0,0.0
2,60,120,1,50.0,120.0,1.5,0.19760142813221562,0.058581605116916506,0.25737246012756104,0,21780.0,0.0
2,60,120,0,50.0,120.0,4.5,0.19760123054757814,0.05905622841800409,0.2574751899445021,0,21780.0,0.0
2,60,120,1,54.0,120.0,1.5,0.19756300993865397,0.06151185616131126,0.2607103280578049,0,21780.0,0.0
2,60,120,0,50.0,120.0,0.0,0.19753845702474682,0.0585534242410432,0.2569839514246117,0,21780.0,0.0
2,60,120,1,54.0,120.0,4.5,0.19750435082615794,0.06122109963485925,0.2601378948791515,0,21780.0,0.0
2,60,120,0,54.0,120.0,1.5,0.19749412317123316,0.06182781941507762,0.26048658973810573,0,21780.0,0.0
2,60,120,0,50.0,120.0,3.0,0.19741125477085744,0.05880852963568046,0.2571118545653596,0,21780.0,0.0
2,60,120,1,50.0,120.0,0.0,0.19734241311791903,0.05847205226087576,0.25687999362405406,0,21780.0,0.0
2,60,120,1,50.0,0.0,3.0,0.19731793268184492,0.05844229095196316,0.256949650512237,0,21780.0,0.0
2,60,120,0,54.0,120.0,4.5,0.19727737662341452,0.06199394860354307,0.26036163319885075,0,21780.0,0.0
2,60,120,0,50.0,0.0,0.0,0.1972014495162045,0.05831875430781302,0.2564122739828392,0,21780.0,0.0
2,60,120,1,54.0,0.0,0.0,0.19719258101733028,0.061032420732397716,0.2597365650743981,0,21780.0,0.0
2,60,120,0,54.0,0.0,0.0,0.19713883676475813,0.061791036788893125,0.2600201815255444,0,21780.0,0.0
2,60,120,1,54.0,0.0,3.0,0.19712196523856973,0.06128579772431718,0.25982020738102124,0,21780.0,0.0
2,60,120,0,50.0,0.0,4.5,0.19707685629126961,0.058732160127524725,0.25665152712434813,0,21780.0,0.0
2,60,120,1,50.0,0.0,1.5,0.1970376704335709,0.05792807328217402,0.25605605168763806,0,21780.0,0.0
2,60,120,0,50.0,0.0,3.0,0.19698344270255136,0.058984801516730835,0.2568603143781039,0,21780.0,0.0
2,60,120,1,54.0,0.0,1.5,0.1969318874616928,0.0607567118170178,0.25900192479030915,0,21780.0,0.0
2,60,120,0,54.0,0.0,3.0,0.19692915868267172,0.061467564822042166,0.2595365909298749,0,21780.0,0.0
2,60,120,1,54.0,0.0,4.5,0.19690756044209295,0.061599664151934796,0.2599940081920639,0,21780.0,0.0
2,60,120,1,50.0,0.0,0.0,0.19686695953691097,0.05831611088663411,0.2563229378487061,0,21780.0,0.0
2,60,120,1,50.0,0.0,4.5,0.19685004138912562,0.05869548551517885,0.2566606146028315,0,21780.0,0.0
2,60,120,0,54.0,0.0,1.5,0.19684404167883493,0.06159204361720989,0.2594768338146701,0,21780.0,0.0
2,60,120,0,50.0,0.0,1.5,0.1968108555314269,0.05846133238240865,0.2560651391661215,0,21780.0,0.0
2,60,120,0,54.0,0.0,4.5,0.19677351049732764,0.06163050097184821,0.25951909916770294,0,21780.0,0.0
2,60,120,1,56.0,120.0,0.0,0.19677095379163798,0.05970386297978469,0.25801115982272665,0,21780.0,0.0
2,60,120,0,56.0,120.0,3.0,0.1967155274630595,0.06025870388639847,0.25828755686105653,0,21780.0,0.0
2,60,120,1,56.0,120.0,3.0,0.19669146849964603,0.06001441310013746,0.2584900219174268,0,21780.0,0.0
2,60,120,0,56.0,120.0,0.0,0.19667292958568341,0.060177810328547056,0.25821362487909694,0,21780.0,0.0
2,60,120,0,56.0,0.0,3.0,0.19645195012661223,0.05962964158652573,0.25739491722473656,0,21780.0,0.0
2,60,120,1,56.0,0.0,0.0,0.19626456291378616,0.05955073605166134,0.2574507609232873,0,21780.0,0.0
2,60,120,1,56.0,0.0,3.0,0.19625672046552153,0.059422715384527515,0.2572653383546209,0,21780.0,0.0
2,60,120,0,56.0,0.0,0.0,0.1959953680101544,0.0601116074379544,0.2573211820531716,0,21780.0,0.0
2,60,120,0,56.0,0.0,1.5,0.19592679889846645,0.06011688658141405,0.2571835529050415,0,21780.0,0.0
2,60,120,1,56.0,0.0,4.5,0.19590005004361608,0.05964012877569306,0.2571756407771489,0,21780.0,0.0
2,60,120,1,56.0,0.0,1.5,0.19587663520489348,0.059365727455748314,0.2566795868054101,0,21780.0,0.0
2,60,120,0,56.0,0.0,4.5,0.19570195586496095,0.05968117302759178,0.2566716746775174,0,21780.0,0.0
2,60,120,0,58.0,120.0,3.0,0.19029341486759782,0.05813227342122492,0.24988769216022494,0,21780.0,0.0
2,60,120,1,58.0,120.0,3.0,0.1902601791043023,0.057643449833082484,0.2497372040625091,0,21780.0,0.0
2,60,120,1,58.0,120.0,0.0,0.1902185844508055,0.057984900271360974,0.24986372640664012,0,21780.0,0.0
2,60,120,0,58.0,120.0,0.0,0.19018534868750994,0.05806588575001215,0.2497132383089243,0,21780.0,0.0
2,60,120,0,58.0,120.0,4.5,0.18991503841800705,0.0582415686865735,0.2496186109759827,0,21780.0,0.0
2,60,120,1,58.0,120.0,4.5,0.18989102856333265,0.058101334056880755,0.249677384031321,0,21780.0,0.0
2,60,120,1,58.0,120.0,1.5,0.18987346451849685,0.05797087128855829,0.2496036963980646,0,21780.0,0.0
2,60,120,0,58.0,120.0,1.5,0.18982479958297543,0.058425225452293075,0.24966246945340287,0,21780.0,0.0
2,60,120,1,58.0,0.0,3.0,0.1885520336624981,0.05738442673233772,0.24764613688679046,0,21780.0,0.0
2,60,120,0,58.0,0.0,0.0,0.18844028168605112,0.05803148508167906,0.24783465173259667,0,21780.0,0.0
2,60,120,1,58.0,0.0,4.5,0.18834283955475986,0.057162577839494015,0.24723974896705553,0,21780.0,0.0
2,60,120,0,58.0,0.0,3.0,0.18826120357439977,0.057712205107848996,0.247410632827017,0,21780.0,0.0
2,60,120,0,58.0,0.0,4.5,0.18817149978383552,0.05761267192929233,0.24724617558453008,0,21780.0,0.0
2,60,120,1,58.0,0.0,0.0,0.18814945159795277,0.05776467466376281,0.24759914767282318,0,21780.0,0.0
2,60,120,0,58.0,0.0,1.5,0.18812087218575785,0.05737439614548265,0.2468085938428391,0,21780.0,0.0
2,60,120,1,58.0,0.0,1.5,0.18794953241483356,0.057279710186695136,0.24681502046031364,0,21780.0,0.0
2,60,120,1,50.0,105.0,3.0,0.18542414000593965,0.053424994431631484,0.23971642486975883,0,21780.0,0.0
2,60,120,0,50.0,105.0,4.5,0.18531162908035356,0.05418105939141901,0.24011218163762094,0,21780.0,0.0
2,60,120,1,50.0,105.0,4.5,0.18525431527597508,0.05396214222172864,0.2400341884766236,0,21780.0,0.0
2,60,120,0,50.0,105.0,0.0,0.1852409222324794,0.05343189733550179,0.23929231273382956,0,21780.0,0.0
2,60,120,0,50.0,105.0,3.0,0.18520118276652797,0.05369384754877729,0.23946496402788578,0,21780.0,0.0
2,60,120,1,50.0,105.0,1.5,0.1851228894854042,0.05324294162248859,0.23920834181344663,0,21780.0,0.0
2,60,120,0,50.0,105.0,1.5,0.1850655756810258,0.05342050007894118,0.2391303486524493,0,21780.0,0.0
2,60,120,1,50.0,105.0,0.0,0.18501796499306777,0.05325471537323676,0.2390408518919565,0,21780.0,0.0
2,60,120,0,50.0,15.0,1.5,0.1845081833229236,0.05320849272569855,0.23826183003456866,0,21780.0,0.0
2,60,120,1,50.0,15.0,1.5,0.18447485640243938,0.0528230522572907,0.23811563963864993,0,21780.0,0.0
2,60,120,1,50.0,15.0,4.5,0.1844477744013805,0.05327731765102499,0.23846848385142352,0,21780.0,0.0
2,60,120,1,50.0,15.0,3.0,0.1844177267938478,0.053546033916477165,0.2387814916892448,0,21780.0,0.0
2,60,120,0,50.0,15.0,4.5,0.18441444748089628,0.05333791226202797,0.23832229345550476,0,21780.0,0.0
2,60,120,0,50.0,15.0,3.0,0.18436638088549134,0.05379523898442747,0.2387811130357672,0,21780.0,0.0
2,60,120,0,50.0,15.0,0.0,0.1843532674982886,0.05309688416506761,0.2380696448292045,0,21780.0,0.0
2,60,120,1,50.0,15.0,0.0,0.18430192158993214,0.05297439333350888,0.23806926617572693,0,21780.0,0.0
2,60,120,0,52.0,105.0,4.5,0.18304755309607115,0.056760460155545596,0.2405018455973669,0,21780.0,0.0
2,60,120,1,52.0,105.0,1.5,0.18301610382955708,0.056464940444454874,0.24052179279263725,0,21780.0,0.0
2,60,120,1,52.0,105.0,4.5,0.1828622521020624,0.05628842755653591,0.24004274981741994,0,21780.0,0.0
2,60,120,0,52.0,105.0,0.0,0.18280073366136404,0.05665056469744593,0.24019469015782796,0,21780.0,0.0
2,60,120,0,52.0,105.0,1.5,0.1827814926738543,0.056488253086550075,0.24006269701269026,0,21780.0,0.0
2,60,120,1,52.0,105.0,0.0,0.18272004318816482,0.05650712793317351,0.2400696818268921,0,21780.0,0.0
2,60,120,1,52.0,105.0,3.0,0.18271969417074166,0.05634419395001566,0.24003029745948076,0,21780.0,0.0
2,60,120,0,52.0,105.0,3.0,0.18263900369754246,0.05664679226515407,0.23990528912854495,0,21780.0,0.0
2,60,120,0,52.0,15.0,1.5,0.18231059045492104,0.05645893422396915,0.23943857729800647,0,21780.0,0.0
2,60,120,1,52.0,15.0,1.5,0.1823105013185044,0.05611983916034408,0.23932241063767018,0,21780.0,0.0
2,60,120,1,52.0,15.0,4.5,0.18222042420604045,0.056105199271346766,0.23921769363620884,0,21780.0,0.0
2,60,120,0,52.0,15.0,4.5,0.18217102490792977,0.05633578862872839,0.2391015269758726,0,21780.0,0.0
2,60,120,1,52.0,15.0,3.0,0.1818873719241694,0.05597376629923167,0.23875320838222275,0,21780.0,0.0
2,60,120,0,52.0,15.0,0.0,0.18185699750329037,0.05640775194754773,0.2389833615232222,0,21780.0,0.0
2,60,120,0,52.0,15.0,3.0,0.18182516317376254,0.0560288793058158,0.2386469937318643,0,21780.0,0.0
2,60,120,1,52.0,15.0,0.0,0.18181944383373053,0.05611607342704367,0.23887714687286377,0,21780.0,0.0
2,60,120,1,54.0,105.0,3.0,0.1774656158584339,0.05600097162333989,0.23458167518030087,0,21780.0,0.0
1,120,120,0,50.0,90.0,1.5,0.1773867664937218,0.15604374102704852,0.4253965466691876,0,21780.0,0.0
1,120,120,0,50.0,30.0,0.0,0.1773690562907847,0.15588910711580273,0.42491896280084474,0,21780.0,0.0
1,120,120,0,50.0,30.0,0.75,0.17733746285361165,0.15607526139783215,0.4251183195794153,0,21780.0,0.0
2,60,120,1,54.0,105.0,4.5,0.17730684104604608,0.05583774774625953,0.23408621840439514,0,21780.0,0.0
2,60,120,0,54.0,105.0,1.5,0.17730025052230283,0.056364976539332284,0.2344829580405549,0,21780.0,0.0
2,60,120,1,54.0,105.0,1.5,0.17726600497077744,0.05610623708683645,0.23451210948277484,0,21780.0,0.0
1,120,120,0,50.0,90.0,2.25,0.17721133456718155,0.1556918807034514,0.4244013833437914,0,21780.0,0.0
1,120,120,0,50.0,30.0,2.25,0.17720305520508453,0.15594964269719985,0.42459030502140754,0,21780.0,0.0
2,60,120,0,54.0,105.0,4.5,0.17714932009028556,0.056173098504043575,0.23411536984661507,0,21780.0,0.0
1,120,120,0,50.0,30.0,1.5,0.17713774952397918,0.15585527164365723,0.42470660389728804,0,21780.0,0.0
1,120,120,0,50.0,90.0,0.0,0.17713138745662452,0.15591930771026305,0.4249109701942817,0,21780.0,0.0
1,120,120,0,50.0,90.0,0.75,0.17709360196730878,0.15616597584106037,0.4252143241858222,0,21780.0,0.0
2,60,120,0,54.0,105.0,3.0,0.1770896761412238,0.056336090421163956,0.2341691583614058,0,21780.0,0.0
2,60,120,0,54.0,105.0,0.0,0.17703676177131167,0.05639755236622925,0.23427682484309473,0,21780.0,0.0
2,60,120,1,54.0,105.0,0.0,0.17685806270087776,0.05606461571123239,0.23386430802419966,0,21780.0,0.0
2,60,120,1,54.0,15.0,3.0,0.1764176017854545,0.055550234717211926,0.23298380529465776,0,21780.0,0.0
2,60,120,0,54.0,15.0,0.0,0.1763399676052582,0.05630041577542547,0.2334333346329696,0,21780.0,0.0
2,60,120,1,54.0,15.0,0.0,0.17618058125055808,0.05597877713741616,0.23322488663323346,0,21780.0,0.0
2,60,120,0,54.0,15.0,3.0,0.17611028494567227,0.05582256164369556,0.23277535729492158,0,21780.0,0.0
2,60,120,1,54.0,15.0,4.5,0.17589806452999004,0.05587125178577092,0.2327605053811184,0,21780.0,0.0
2,60,120,1,54.0,15.0,1.5,0.17578531176852133,0.055378623559936516,0.23213034466718133,0,21780.0,0.0
2,60,120,0,54.0,15.0,1.5,0.1757558528065127,0.05593690929228902,0.2324361538978198,0,21780.0,0.0
2,60,120,0,54.0,15.0,4.5,0.17573028284522255,0.05598102150623935,0.23245469615047998,0,21780.0,0.0
1,120,120,0,50.0,15.0,1.5,0.17509623124527623,0.15395995626460318,0.4212278006095929,0,21780.0,0.0
1,120,120,0,50.0,15.0,2.25,0.1749873091821563,0.15402248498113447,0.42082436794963396,0,21780.0,0.0
1,120,120,0,50.0,15.0,0.0,0.17491611572240393,0.15421535533961733,0.42173439834733945,0,21780.0,0.0
1,120,120,0,50.0,15.0,0.75,0.17485725784076517,0.15412577658449153,0.4210114301640606,0,21780.0,0.0
1,120,120,0,50.0,105.0,1.5,0.17472017543672969,0.15380846624209693,0.42111838015453407,0,21780.0,0.0
1,120,120,0,50.0,105.0,2.25,0.17463985176927252,0.1537956655439249,0.42036840222209765,0,21780.0,0.0
1,120,120,0,50.0,105.0,0.0,0.1746197525161359,0.15380497027273596,0.42071166026729817,0,21780.0,0.0
1,120,120,0,50.0,105.0,0.75,0.1745096822233743,0.1536911007820407,0.420425568258784,0,21780.0,0.0
1,120,120,0,50.0,75.0,2.25,0.17446750596441504,0.15337246951734296,0.4163059820884859,0,21780.0,0.0
1,120,120,0,50.0,75.0,0.0,0.1743297087342266,0.1533567174085613,0.41665626573490117,0,21780.0,0.0
1,120,120,0,50.0,45.0,0.0,0.17431784423184896,0.15340068563255518,0.41643011078552433,0,21780.0,0.0
1,120,120,0,50.0,75.0,1.5,0.1742605846623271,0.15370417058099248,0.41679038216150044,0,21780.0,0.0
1,120,120,0,50.0,45.0,2.25,0.17424379751465285,0.15317701168146677,0.4157969934923339,0,21780.0,0.0
1,120,120,0,50.0,45.0,1.5,0.17411801147887881,0.15331470375398973,0.41598362519096294,0,21780.0,0.0
1,120,120,0,50.0,75.0,0.75,0.17411394675595726,0.15360111363571693,0.41669473057438716,0,21780.0,0.0
1,120,120,0,50.0,45.0,0.75,0.1740661854651341,0.15345470701918723,0.41634165125147793,0,21780.0,0.0
2,60,120,1,50.0,90.0,4.5,0.17273637950244208,0.04831146015246906,0.22151865446095592,0,21780.0,0.0
2,60,120,0,50.0,90.0,4.5,0.1727156788665951,0.04843761613941006,0.22145065172561237,0,21780.0,0.0
2,60,120,0,50.0,90.0,1.5,0.1725317829250755,0.04852938510807888,0.22140808420602948,0,21780.0,0.0
2,60,120,1,50.0,90.0,1.5,0.1725110822892285,0.04830862492214479,0.22134008147068593,0,21780.0,0.0
2,60,120,1,50.0,90.0,3.0,0.17243578024898565,0.04815213294158704,0.22108350772325142,0,21780.0,0.0
2,60,120,0,50.0,90.0,3.0,0.17238849156336145,0.04820299593842672,0.2209384036746633,0,21780.0,0.0
2,60,120,0,50.0,90.0,0.0,0.17228373053522825,0.04853516909036399,0.22116581579846736,0,21780.0,0.0
2,60,120,1,56.0,105.0,0.0,0.17227051062144827,0.05140365284348513,0.22476447143682657,0,21780.0,0.0
2,60,120,0,56.0,105.0,3.0,0.1722650657913673,0.051468239115856115,0.2246005953394112,0,21780.0,0.0
2,60,120,1,50.0,90.0,0.0,0.17223644184960407,0.04838779427413217,0.2210207117498792,0,21780.0,0.0
2,60,120,1,56.0,105.0,3.0,0.17213183594850615,0.05129698103110993,0.2246430235846789,0,21780.0,0.0
2,60,120,0,56.0,105.0,0.0,0.172063315536046,0.05177717480732479,0.22480689968209427,0,21780.0,0.0
2,60,120,0,50.0,30.0,3.0,0.17197527311545302,0.048139545807614564,0.22051129454921056,0,21780.0,0.0
2,60,120,1,50.0,30.0,3.0,0.17187340375177199,0.04798742765671607,0.22038120566780078,0,21780.0,0.0
2,60,120,0,50.0,30.0,4.5,0.17175540499821332,0.048236304583752616,0.22031384602820706,0,21780.0,0.0
2,60,120,1,50.0,30.0,0.0,0.1717109021536942,0.04782262161887457,0.21992999939871172,0,21780.0,0.0
2,60,120,1,50.0,30.0,1.5,0.1717081919674604,0.04774689557457806,0.21990112262144926,0,21780.0,0.0
2,60,120,1,50.0,30.0,4.5,0.1716851274008486,0.04811196123346986,0.2202183439870953,0,21780.0,0.0
2,60,120,0,50.0,30.0,1.5,0.17163791437009568,0.047895129217268594,0.2198056205803376,0,21780.0,0.0
2,60,120,0,50.0,30.0,0.0,0.17160903279001322,0.04786874128104755,0.21979991051730194,0,21780.0,0.0
2,60,120,1,56.0,105.0,1.5,0.17159517046745898,0.05099734749948457,0.22373238539210458,0,21780.0,0.0
2,60,120,0,56.0,105.0,1.5,0.17154498096967682,0.05111619802565738,0.223503689700888,0,21780.0,0.0
2,60,120,1,56.0,105.0,4.5,0.17138814116948975,0.05143373760361061,0.22388740701835955,0,21780.0,0.0
2,60,120,0,56.0,105.0,4.5,0.17136436542473088,0.0518348873993897,0.2241161027095762,0,21780.0,0.0
2,60,120,0,56.0,15.0,3.0,0.1707988531026562,0.05135474640731393,0.22312000884869365,0,21780.0,0.0
1,120,120,0,50.0,60.0,0.0,0.1707799770670217,0.1503310552415835,0.4072586492354701,0,21780.0,0.0
2,60,120,1,56.0,15.0,3.0,0.17075159615350424,0.051241643139599044,0.22310832699163036,0,21780.0,0.0
2,60,120,1,56.0,15.0,0.0,0.17074977470789302,0.050692365983943416,0.22258200811699747,0,21780.0,0.0
1,120,120,0,50.0,60.0,2.25,0.17073849027960936,0.15016573061726876,0.4068547139977583,0,21780.0,0.0
1,120,120,0,50.0,60.0,0.75,0.17071685765447067,0.1505123988902576,0.4071575173248443,0,21780.0,0.0
2,60,120,0,56.0,15.0,0.0,0.170677862677894,0.051025173149852436,0.22257032625993417,0,21780.0,0.0
1,120,120,0,50.0,60.0,1.5,0.17066118970526573,0.15032815135809136,0.4071981379263994,0,21780.0,0.0
1,120,120,0,52.0,15.0,1.5,0.17060314723674944,0.15229338124986033,0.4208472666232459,0,21780.0,0.0
1,120,120,0,52.0,105.0,0.75,0.17028556760021132,0.15199872025261424,0.4204099837424888,0,21780.0,0.0
1,120,120,0,52.0,15.0,2.25,0.17027633318636484,0.15206374566616623,0.4202552535643183,0,21780.0,0.0
2,60,120,0,56.0,15.0,4.5,0.1702571418744361,0.05141031248501578,0.22250996506500564,0,21780.0,0.0
2,60,120,1,56.0,15.0,4.5,0.17019344127280905,0.05125894712343788,0.22256747609477404,0,21780.0,0.0
2,60,120,1,56.0,15.0,1.5,0.17016272206237956,0.05064581738735976,0.22182450824173067,0,21780.0,0.0
1,120,120,0,52.0,15.0,0.75,0.17006334847193721,0.15217366396268117,0.4204649678014558,0,21780.0,0.0
1,120,120,0,52.0,105.0,1.5,0.17004863102661522,0.1520395607064989,0.4196972633574841,0,21780.0,0.0
2,60,120,0,56.0,15.0,1.5,0.16997574605651738,0.05111332196269567,0.22188201927149903,0,21780.0,0.0
1,120,120,0,52.0,105.0,0.0,0.16985413289685555,0.15203539992232604,0.41973769704794595,0,21780.0,0.0
1,120,120,0,52.0,15.0,0.0,0.169845978237395,0.1524268567595349,0.42015626323067795,0,21780.0,0.0
1,120,120,0,52.0,105.0,2.25,0.16978838021016568,0.15219083179618645,0.4197564494730099,0,21780.0,0.0
1,120,120,0,52.0,90.0,1.5,0.16915388248974486,0.15209354199832786,0.4204006300766147,0,21780.0,0.0
1,120,120,0,52.0,90.0,2.25,0.16913763639587556,0.15218043667542583,0.4203451370628419,0,21780.0,0.0
1,120,120,0,52.0,30.0,0.75,0.1690396303311704,0.1521056439015757,0.42042821643592165,0,21780.0,0.0
1,120,120,0,52.0,90.0,0.75,0.16883710565724677,0.15213470811403038,0.4206451102608391,0,21780.0,0.0
1,120,120,0,52.0,30.0,1.5,0.16879770153082252,0.15218498570213498,0.42054469500828257,0,21780.0,0.0
1,120,120,0,52.0,30.0,0.0,0.16879482249205469,0.1522649531945291,0.4203173003141649,0,21780.0,0.0
1,120,120,0,52.0,90.0,0.0,0.16874165480124928,0.15234164844953413,0.4205548652461653,0,21780.0,0.0
1,120,120,0,52.0,30.0,2.25,0.168552563983193,0.1518839487206469,0.41985671722258666,0,21780.0,0.0
2,60,120,0,52.0,90.0,4.5,0.1669587403679021,0.05222796352766799,0.21953362006844512,0,21780.0,0.0
2,60,120,1,52.0,90.0,1.5,0.1669508530837403,0.05204392161374665,0.21958948813670137,0,21780.0,0.0
2,60,120,1,52.0,90.0,4.5,0.16686063518015712,0.05202588769030681,0.2194316768564105,0,21780.0,0.0
2,60,120,0,52.0,90.0,1.5,0.16680343773430134,0.05226285183758854,0.21948754492466674,0,21780.0,0.0
2,60,120,0,52.0,90.0,3.0,0.16671587915121747,0.05237592985941043,0.21946350491013694,0,21780.0,0.0
2,60,120,1,52.0,90.0,3.0,0.16667324890234736,0.052180718695624885,0.21939912158391883,0,21780.0,0.0
2,60,120,1,52.0,90.0,0.0,0.16658921048285819,0.05223632252229582,0.2192715680845648,0,21780.0,0.0
2,60,120,0,52.0,90.0,0.0,0.16654658023398802,0.05221456944494782,0.2192071847583467,0,21780.0,0.0
2,60,120,0,52.0,30.0,3.0,0.16629640988714017,0.05171792098917772,0.21848514568236266,0,21780.0,0.0
2,60,120,1,52.0,30.0,3.0,0.16622541045109998,0.0516905667016866,0.21846113113873317,0,21780.0,0.0
2,60,120,0,52.0,30.0,4.5,0.16606496202722165,0.05200489982424433,0.21839199829770714,0,21780.0,0.0
2,60,120,1,52.0,30.0,4.5,0.16599470892663962,0.0518322294071145,0.21827297341316496,0,21780.0,0.0
2,60,120,1,52.0,30.0,0.0,0.16594265696411503,0.052004491264137746,0.21844274276093148,0,21780.0,0.0
2,60,120,1,52.0,30.0,1.5,0.16592372421151014,0.05194506129695029,0.21836438004113912,0,21780.0,0.0
2,60,120,0,52.0,30.0,1.5,0.1658534711109281,0.05209452732606164,0.2182453551565969,0,21780.0,0.0
2,60,120,0,52.0,30.0,0.0,0.1658223473663808,0.0521999052247782,0.21841872821730196,0,21780.0,0.0
1,120,120,0,50.0,0.0,1.5,0.16466315637035983,0.14490726940241908,0.39815887215961043,0,21780.0,0.0
1,120,120,0,50.0,0.0,2.25,0.1646538932511134,0.14477120181004863,0.39762455461952667,0,21780.0,0.0
1,120,120,0,50.0,0.0,0.0,0.16462853733918068,0.14512409830331263,0.3984719294383983,0,21780.0,0.0
1,120,120,0,50.0,0.0,0.75,0.1644275117549307,0.14523056049733638,0.39821151834833235,0,21780.0,0.0
2,60,120,1,50.0,75.0,4.5,0.16411393010146202,0.04472958591587347,0.2089178551972373,0,21780.0,0.0
2,60,120,0,50.0,75.0,4.5,0.164089275020615,0.044779145369141335,0.20889320011639026,0,21780.0,0.0
2,60,120,0,50.0,75.0,3.0,0.16402442275746926,0.044892915348578005,0.20899167728594906,0,21780.0,0.0
2,60,120,1,50.0,75.0,3.0,0.16402442275746926,0.04486813562194407,0.2090412367392169,0,21780.0,0.0
2,60,120,0,50.0,75.0,1.5,0.16402353535357359,0.044294278815378896,0.20841693307548828,0,21780.0,0.0
2,60,120,1,50.0,75.0,1.5,0.16399888027272658,0.04426949908874497,0.20839227799464122,0,21780.0,0.0
1,120,120,0,50.0,120.0,1.5,0.16394883927471637,0.1442517464087948,0.3965611397947216,0,21780.0,0.0
1,120,120,0,54.0,105.0,0.0,0.1638916330628507,0.14527710353262044,0.4052324206739251,0,21780.0,0.0
2,60,120,0,50.0,45.0,3.0,0.1638772315898006,0.044820616956154795,0.20877218772585723,0,21780.0,0.0
2,60,120,1,50.0,45.0,3.0,0.1638772315898006,0.044820616956154795,0.2088217471791251,0,21780.0,0.0
1,120,120,0,50.0,120.0,0.75,0.16386197642460193,0.14443263753777077,0.3966282455873047,0,21780.0,0.0
1,120,120,0,54.0,15.0,0.0,0.16384363895617612,0.14546621348693337,0.4055141074387861,0,21780.0,0.0
2,60,120,0,50.0,45.0,0.0,0.1638412982746035,0.044089201778036935,0.20795527977927433,0,21780.0,0.0
2,60,120,1,50.0,45.0,0.0,0.1638412982746035,0.044064422051403,0.2079057203260065,0,21780.0,0.0
2,60,120,0,50.0,75.0,0.0,0.16383471359703475,0.04439906068977638,0.2083081134667129,0,21780.0,0.0
2,60,120,1,50.0,75.0,0.0,0.16383471359703475,0.0443495012365085,0.20825855401344504,0,21780.0,0.0
2,60,120,1,50.0,45.0,1.5,0.16376962931055497,0.04430377697917773,0.2081477454696345,0,21780.0,0.0
2,60,120,0,50.0,45.0,1.5,0.16374497422970793,0.044328556705811664,0.20809831066215354,0,21780.0,0.0
1,120,120,0,54.0,15.0,2.25,0.16374056853154095,0.14540708955669057,0.40489480914215703,0,21780.0,0.0
2,60,120,0,50.0,45.0,4.5,0.1637123960840076,0.04434625188545241,0.2081329871493618,0,21780.0,0.0
1,120,120,0,50.0,120.0,0.0,0.16369587628207868,0.14417613222798212,0.395955091041256,0,21780.0,0.0
2,60,120,1,50.0,45.0,4.5,0.16368774100316058,0.04432147215881848,0.20808355234188086,0,21780.0,0.0
1,120,120,0,54.0,105.0,2.25,0.16366738959040297,0.14515388380831343,0.4041886280981425,0,21780.0,0.0
1,120,120,0,54.0,105.0,0.75,0.16365526464488767,0.14540520998723094,0.4052607308234533,0,21780.0,0.0
1,120,120,0,50.0,120.0,2.25,0.16365054430295867,0.14425332689779718,0.3959055661257647,0,21780.0,0.0
1,120,120,0,52.0,0.0,2.25,0.16359424971680497,0.14531136602151004,0.4011971338643589,0,21780.0,0.0
1,120,120,0,52.0,0.0,0.0,0.16350150126015547,0.14531520396951392,0.40099598558880406,0,21780.0,0.0
1,120,120,0,54.0,15.0,1.5,0.1634401917169684,0.14493043978443046,0.4047003930279754,0,21780.0,0.0
1,120,120,0,54.0,15.0,0.75,0.16339864639167,0.14550132205290447,0.4049579305479633,0,21780.0,0.0
1,120,120,0,52.0,0.0,1.5,0.16335900655038013,0.14535068967270104,0.4010343463874143,0,21780.0,0.0
1,120,120,0,54.0,105.0,1.5,0.16333072256354464,0.14533923306845284,0.40467166475814026,0,21780.0,0.0
1,120,120,0,52.0,0.0,0.75,0.16322015727927816,0.14507484620186284,0.4006822155588314,0,21780.0,0.0
1,120,120,0,52.0,75.0,2.25,0.16301542715655262,0.14771391466457717,0.40826931259096017,0,21780.0,0.0
1,120,120,0,52.0,75.0,0.0,0.16300291925784208,0.14779607780969706,0.408360550952674,0,21780.0,0.0
1,120,120,0,52.0,75.0,0.75,0.16290633766532414,0.14778194950203719,0.40850089969601105,0,21780.0,0.0
1,120,120,0,52.0,120.0,0.75,0.16288508664997267,0.1447060517802564,0.3999774520057173,0,21780.0,0.0
1,120,120,0,52.0,75.0,1.5,0.1628672759285051,0.14777326009093467,0.408070175269619,0,21780.0,0.0
1,120,120,0,52.0,45.0,2.25,0.16278909541470526,0.1473571379771082,0.40755560338892577,0,21780.0,0.0
1,120,120,0,52.0,120.0,0.0,0.16276059838759893,0.14457557688439723,0.3988846522986808,0,21780.0,0.0
1,120,120,0,52.0,120.0,2.25,0.16273781094528764,0.14461531593491433,0.39904863912089406,0,21780.0,0.0
1,120,120,0,52.0,45.0,0.0,0.16272455406253483,0.1478994990623128,0.40812444846704815,0,21780.0,0.0
1,120,120,0,52.0,45.0,1.5,0.16262243612827715,0.1475828244178066,0.4078873668759005,0,21780.0,0.0
1,120,120,0,52.0,120.0,1.5,0.16262178778600644,0.14462740852851705,0.39897915902964287,0,21780.0,0.0
1,120,120,0,52.0,45.0,0.75,0.16243024280414647,0.14764931327618336,0.40735193854878193,0,21780.0,0.0
1,120,120,0,54.0,0.0,2.25,0.1616855642724224,0.1431431054402225,0.39652297997211133,0,21780.0,0.0
1,120,120,0,54.0,0.0,0.0,0.16164912670220458,0.1426574334286029,0.3965205289411969,0,21780.0,0.0
1,120,120,0,54.0,120.0,0.0,0.16137143943805296,0.14278419707798706,0.3960802555635694,0,21780.0,0.0
1,120,120,0,54.0,0.0,1.5,0.1612905441297294,0.1426094742238976,0.39622720899323505,0,21780.0,0.0
1,120,120,0,54.0,120.0,0.75,0.1610701448203792,0.1426368442333125,0.39578981802876606,0,21780.0,0.0
1,120,120,0,54.0,0.0,0.75,0.16101276937701378,0.1424931941612687,0.3957481232988942,0,21780.0,0.0
1,120,120,0,54.0,120.0,2.25,0.16081023819181708,0.14199320889381167,0.3941166589514298,0,21780.0,0.0
2,60,120,0,50.0,60.0,3.0,0.1606959908470013,0.04280148336894206,0.2034974742159434,0,21780.0,0.0
2,60,120,1,50.0,60.0,3.0,0.1606959908470013,0.04280148336894206,0.2034974742159434,0,21780.0,0.0
2,60,120,0,50.0,60.0,4.5,0.16052482084827252,0.043259825668351036,0.20378464651662356,0,21780.0,0.0
2,60,120,1,50.0,60.0,4.5,0.16052482084827252,0.043259825668351036,0.20378464651662356,0,21780.0,0.0
1,120,120,0,54.0,120.0,1.5,0.1605038585024713,0.14183487637287123,0.3942798164815801,0,21780.0,0.0
2,60,120,0,50.0,60.0,1.5,0.16046452021508456,0.04294897119469133,0.20341349140977588,0,21780.0,0.0
2,60,120,1,50.0,60.0,1.5,0.16046452021508456,0.04294897119469133,0.20341349140977588,0,21780.0,0.0
2,60,120,0,50.0,60.0,0.0,0.16041504146160385,0.04334613355792288,0.2037611750195267,0,21780.0,0.0
2,60,120,1,50.0,60.0,0.0,0.16041504146160385,0.04334613355792288,0.2037611750195267,0,21780.0,0.0
1,120,120,0,56.0,0.0,0.75,0.1594204318470481,0.1404623556547682,0.38712172480536816,0,21780.0,0.0
1,120,120,0,56.0,120.0,1.5,0.15932923455808412,0.14059930559756326,0.38702391051589147,0,21780.0,0.0
1,120,120,0,56.0,0.0,1.5,0.15922541317570763,0.13988854732114628,0.38646700903900444,0,21780.0,0.0
1,120,120,0,56.0,120.0,2.25,0.15908343172179498,0.14027467368303334,0.3862299745858947,0,21780.0,0.0
1,120,120,0,56.0,0.0,0.0,0.1589404641814608,0.14034680955034715,0.3864178346326839,0,21780.0,0.0
1,120,120,0,56.0,120.0,0.75,0.1588708181154458,0.13962608965622045,0.38567783572846,0,21780.0,0.0
1,120,120,0,56.0,0.0,2.25,0.1588631157566212,0.13968461876174443,0.38558301819307356,0,21780.0,0.0
1,120,120,0,56.0,120.0,0.0,0.15863647625040175,0.1393333511070268,0.3851879327722653,0,21780.0,0.0
1,120,120,0,54.0,90.0,0.0,0.15857039224710787,0.14169220685035191,0.39601673859157793,0,21780.0,0.0
1,120,120,0,54.0,30.0,2.25,0.15813235675382503,0.14115088237684065,0.39461735701655537,0,21780.0,0.0
1,120,120,0,54.0,30.0,0.0,0.15812777922415347,0.14132375926419438,0.39502331543690833,0,21780.0,0.0
1,120,120,0,54.0,90.0,0.75,0.1580672646522047,0.1411637640291826,0.3950015480126855,0,21780.0,0.0
1,120,120,0,54.0,90.0,2.25,0.15801029756215854,0.14116600724010356,0.3943649674413709,0,21780.0,0.0
1,120,120,0,52.0,60.0,1.5,0.15778894985616904,0.1435722785598234,0.3965888528025067,0,21780.0,0.0
1,120,120,0,54.0,90.0,1.5,0.15772549687863632,0.14066799898892943,0.39402961656073654,0,21780.0,0.0
1,120,120,0,52.0,60.0,0.75,0.1576795795876793,0.14351963922179917,0.3967503261304146,0,21780.0,0.0
1,120,120,0,52.0,60.0,0.0,0.1576464559499544,0.14366464498530118,0.3968016763844275,0,21780.0,0.0
1,120,120,0,56.0,105.0,2.25,0.15759355539804673,0.1393883271813909,0.3822795979481607,0,21780.0,0.0
1,120,120,0,52.0,60.0,2.25,0.1575553357205403,0.14325572812362183,0.39642929437373164,0,21780.0,0.0
1,120,120,0,54.0,30.0,1.5,0.15751168573589747,0.140268431014315,0.3936381379985127,0,21780.0,0.0
1,120,120,0,56.0,105.0,0.0,0.15747770588262522,0.13909616360840563,0.3822568480582883,0,21780.0,0.0
1,120,120,0,54.0,30.0,0.75,0.15739067429789835,0.14052528930962835,0.3934512490275019,0,21780.0,0.0
1,120,120,0,56.0,15.0,0.0,0.15716871654491052,0.13922478490746834,0.3818836066215685,0,21780.0,0.0
1,120,120,0,56.0,105.0,1.5,0.1571677429470275,0.13910100784375762,0.38179095967882776,0,21780.0,0.0
1,120,120,0,56.0,15.0,2.25,0.1569741021315629,0.1390192373965742,0.3813203951592922,0,21780.0,0.0
1,120,120,0,56.0,15.0,0.75,0.15691242768509972,0.1387151040843376,0.380911501948888,0,21780.0,0.0
1,120,120,0,56.0,105.0,0.75,0.15690629701031106,0.13892093212323597,0.3811860860681088,0,21780.0,0.0
2,60,120,0,54.0,90.0,0.0,0.1567456380704554,0.050578440878321404,0.20779489375482152,0,21780.0,0.0
2,60,120,1,54.0,90.0,3.0,0.15673579162636733,0.05065172267236866,0.20800700746458434,0,21780.0,0.0
1,120,120,0,56.0,15.0,1.5,0.15665949753322525,0.13862217986685046,0.38101222284353725,0,21780.0,0.0
2,60,120,1,54.0,90.0,0.0,0.15657953732405275,0.050599357271458235,0.20767448912818967,0,21780.0,0.0
2,60,120,0,54.0,90.0,3.0,0.15654503579911766,0.05089553195942399,0.20788660283795246,0,21780.0,0.0
2,60,120,1,54.0,90.0,1.5,0.15593192706130987,0.05027727931743444,0.20682869954459274,0,21780.0,0.0
2,60,120,1,58.0,105.0,1.5,0.15584377976833647,0.04670075307189679,0.20375873944529602,0,21780.0,0.0
2,60,120,0,54.0,90.0,1.5,0.1558135810125377,0.050476374869893856,0.20676077068847634,0,21780.0,0.0
2,60,120,0,58.0,105.0,1.5,0.15573887220309127,0.04704594137346814,0.20370166346201496,0,21780.0,0.0
2,60,120,1,54.0,30.0,0.0,0.15572497170376887,0.05040178057739254,0.20667190626710802,0,21780.0,0.0
2,60,120,0,58.0,105.0,3.0,0.15569852703410775,0.04653958501713684,0.203229301116602,0,21780.0,0.0
2,60,120,0,54.0,30.0,0.0,0.15568163584283645,0.05045425560292127,0.20658192652516855,0,21780.0,0.0
2,60,120,0,58.0,105.0,4.5,0.15567506852922863,0.046723393802389296,0.2034144311236093,0,21780.0,0.0
2,60,120,1,58.0,105.0,3.0,0.15565304239380062,0.04630953711256101,0.20322622091890544,0,21780.0,0.0
2,60,120,1,58.0,105.0,0.0,0.155620164364612,0.046728866047216405,0.2035136775636234,0,21780.0,0.0
2,60,120,1,58.0,105.0,4.5,0.15559481604483047,0.04664745139697065,0.20335735514032818,0,21780.0,0.0
2,60,120,0,58.0,105.0,0.0,0.15557467972430486,0.04687038939636269,0.20351059736592683,0,21780.0,0.0
2,60,120,0,52.0,75.0,1.5,0.15554533796438302,0.048869894856154304,0.204539131453707,0,21780.0,0.0
2,60,120,1,52.0,75.0,1.5,0.155520682883536,0.04884511512952037,0.20451447637285997,0,21780.0,0.0
2,60,120,1,54.0,90.0,4.5,0.1555081530536254,0.05046062504006541,0.20653871180627129,0,21780.0,0.0
2,60,120,0,54.0,90.0,4.5,0.1555032236981625,0.05070694133808225,0.20660664066238768,0,21780.0,0.0
2,60,120,0,52.0,75.0,0.0,0.1554982258278671,0.0489835144235819,0.20460563888461863,0,21780.0,0.0
2,60,120,1,52.0,75.0,0.0,0.1554982258278671,0.04898338977779498,0.20455595478556385,0,21780.0,0.0
2,60,120,0,52.0,75.0,3.0,0.15544870172475425,0.04892483098864105,0.20444787189329705,0,21780.0,0.0
2,60,120,1,52.0,75.0,3.0,0.15544870172475425,0.04887539618116009,0.20449755599235184,0,21780.0,0.0
2,60,120,0,52.0,45.0,0.0,0.15537264565762665,0.04882378844899291,0.20422121383325348,0,21780.0,0.0
2,60,120,1,52.0,45.0,0.0,0.15537264565762665,0.04879900872235898,0.2041716543799856,0,21780.0,0.0
2,60,120,0,54.0,30.0,3.0,0.15535665796308765,0.05028399796755036,0.2061362504633167,0,21780.0,0.0
2,60,120,1,54.0,30.0,3.0,0.15533797718300224,0.0501383598257945,0.2060462707213772,0,21780.0,0.0
2,60,120,0,52.0,45.0,3.0,0.15527606254806808,0.04889949978712607,0.20424990151509595,0,21780.0,0.0
2,60,120,1,52.0,45.0,3.0,0.15527606254806808,0.04889949978712607,0.20429946096836377,0,21780.0,0.0
2,60,120,1,52.0,75.0,4.5,0.15526790826677284,0.04875798220709641,0.204125009380405,0,21780.0,0.0
2,60,120,0,52.0,75.0,4.5,0.15524325318592583,0.04880754166036428,0.20410035429955795,0,21780.0,0.0
2,60,120,1,52.0,45.0,1.5,0.1552339425791468,0.04884475255379057,0.20417781403947308,0,21780.0,0.0
2,60,120,0,52.0,45.0,1.5,0.15520928749829976,0.0488695322804245,0.2041035995053582,0,21780.0,0.0
2,60,120,0,52.0,45.0,4.5,0.15502062812863104,0.04893647268256198,0.20405621971772872,0,21780.0,0.0
2,60,120,1,52.0,45.0,4.5,0.154995973047784,0.048911692955928045,0.20398200518361384,0,21780.0,0.0
2,60,120,1,54.0,30.0,4.5,0.1549093907190054,0.050239488183004576,0.2056692531613226,0,21780.0,0.0
2,60,120,0,54.0,30.0,1.5,0.15465755748670587,0.050193660390425256,0.20522291377664015,0,21780.0,0.0
2,60,120,0,54.0,30.0,4.5,0.15464291654921258,0.05053666318890083,0.20560083509089028,0,21780.0,0.0
2,60,120,1,54.0,30.0,1.5,0.1545390138019952,0.050070327918266086,0.20515449570620786,0,21780.0,0.0
2,60,120,0,58.0,15.0,4.5,0.15392334555652507,0.045751684384795946,0.20061665955341057,0,21780.0,0.0
2,60,120,1,58.0,15.0,1.5,0.1538723940635753,0.04580771078428297,0.20077041281975147,0,21780.0,0.0
2,60,120,1,58.0,15.0,4.5,0.15381340536352256,0.04563206835688309,0.20060999622641373,0,21780.0,0.0
2,60,120,1,58.0,15.0,0.0,0.1537741486696984,0.046164119347578275,0.2011029151690717,0,21780.0,0.0
2,60,120,0,58.0,15.0,1.5,0.15373779878972585,0.04613388054420713,0.20076374949275466,0,21780.0,0.0
2,60,120,0,58.0,15.0,0.0,0.15364575368944283,0.046455823561370534,0.20106798658953684,0,21780.0,0.0
2,60,120,0,58.0,15.0,3.0,0.1535578933922638,0.04619961442276603,0.20077347660702122,0,21780.0,0.0
2,60,120,1,58.0,15.0,3.0,0.15342949841200818,0.04609496765620224,0.20073854802748634,0,21780.0,0.0
2,60,120,0,52.0,60.0,1.5,0.15081224537415597,0.047646233462805526,0.19845847883696147,0,21780.0,0.0
2,60,120,1,52.0,60.0,1.5,0.15081224537415597,0.047646233462805526,0.19845847883696147,0,21780.0,0.0
2,60,120,0,52.0,60.0,0.0,0.1506784827250197,0.04765545920431042,0.19833394192933013,0,21780.0,0.0
2,60,120,1,52.0,60.0,0.0,0.1506784827250197,0.04765545920431042,0.19833394192933013,0,21780.0,0.0
2,60,120,0,52.0,60.0,3.0,0.15063261821023594,0.04783511624486146,0.19846773445509736,0,21780.0,0.0
2,60,120,1,52.0,60.0,3.0,0.15063261821023594,0.04783511624486146,0.19846773445509736,0,21780.0,0.0
2,60,120,0,52.0,60.0,4.5,0.15054898304183648,0.047581390923708784,0.19813037396554525,0,21780.0,0.0
2,60,120,1,52.0,60.0,4.5,0.15054898304183648,0.047581390923708784,0.19813037396554525,0,21780.0,0.0
1,120,120,0,58.0,120.0,0.0,0.15004457163019122,0.131703209416365,0.363546870391049,0,21780.0,0.0
1,120,120,0,58.0,0.0,2.25,0.14981284934285738,0.13153529757158347,0.363171105784489,0,21780.0,0.0
1,120,120,0,58.0,120.0,0.75,0.14972629369130863,0.13123280878456983,0.36286168520357487,0,21780.0,0.0
1,120,120,0,58.0,120.0,2.25,0.14969683372389564,0.13147734616944914,0.3628873959941703,0,21780.0,0.0
1,120,120,0,58.0,0.0,0.0,0.14961637878574022,0.13126199826679455,0.3628961687313111,0,21780.0,0.0
1,120,120,0,58.0,120.0,1.5,0.14952950204760873,0.13153814747350992,0.3632543871835149,0,21780.0,0.0
1,120,120,0,58.0,0.0,1.5,0.1494720824539649,0.1310386894666787,0.3620385521181508,0,21780.0,0.0
1,120,120,0,58.0,0.0,0.75,0.14929065639899883,0.13110427486827617,0.3623705076791115,0,21780.0,0.0
1,120,120,0,54.0,75.0,0.0,0.14879153684472152,0.13334770155424958,0.37475673771971757,0,21780.0,0.0
1,120,120,0,54.0,75.0,0.75,0.14865529012101772,0.13354611631745394,0.37450765412942255,0,21780.0,0.0
1,120,120,0,54.0,75.0,1.5,0.14835168650764316,0.13290529770888218,0.37370404917160926,0,21780.0,0.0
1,120,120,0,54.0,45.0,2.25,0.14826752903788193,0.13269321035084397,0.3730394781647321,0,21780.0,0.0
1,120,120,0,54.0,75.0,2.25,0.1481288856061496,0.13275747968084753,0.37270381771945316,0,21780.0,0.0
1,120,120,0,54.0,45.0,1.5,0.14808029527086883,0.13269398988723102,0.37320905645507146,0,21780.0,0.0
1,120,120,0,54.0,45.0,0.0,0.1480544695815362,0.13287564948641314,0.3730503738205846,0,21780.0,0.0
1,120,120,0,54.0,45.0,0.75,0.14772839487787243,0.1325006342626231,0.37239276879784133,0,21780.0,0.0
1,120,120,0,56.0,90.0,0.75,0.14769450026284853,0.13110309302951456,0.35818390674203004,0,21780.0,0.0
1,120,120,0,56.0,90.0,0.0,0.14763991060440407,0.13066573277859678,0.35818768628637426,0,21780.0,0.0
1,120,120,0,56.0,90.0,2.25,0.1475170600993054,0.13089699854736417,0.3577670483639635,0,21780.0,0.0
1,120,120,0,56.0,90.0,1.5,0.1475094035826897,0.13177310822971042,0.3586959164745712,0,21780.0,0.0
1,120,120,0,56.0,345.0,2.25,0.14721061913660727,0.12922869000721635,0.3576742860893324,0,21780.0,0.0
1,120,120,0,56.0,30.0,1.5,0.14716140059257354,0.13097802221906013,0.35773752282164395,0,21780.0,0.0
1,120,120,0,56.0,345.0,1.5,0.14711948987592713,0.12944759615437865,0.3579743628629664,0,21780.0,0.0
1,120,120,0,56.0,30.0,2.25,0.14706479731277344,0.13063051360442127,0.3567169747377968,0,21780.0,0.0
1,120,120,0,56.0,30.0,0.75,0.14700500928796983,0.13074685605045808,0.3569982571726249,0,21780.0,0.0
1,120,120,0,56.0,30.0,0.0,0.14699546680224,0.13058654281766877,0.3568885405428207,0,21780.0,0.0
1,120,120,0,54.0,345.0,0.0,0.14697180034265162,0.12969790345400753,0.3586307452709871,0,21780.0,0.0
2,60,120,1,56.0,90.0,1.5,0.1467117647504789,0.04234018680071363,0.1896714447170409,0,21780.0,0.0
2,60,120,0,56.0,90.0,1.5,0.14670891247256873,0.04244462040449474,0.1896243476831082,0,21780.0,0.0
1,120,120,0,56.0,345.0,0.75,0.14668398926195045,0.12890531129431146,0.3568449543140557,0,21780.0,0.0
1,120,120,0,56.0,345.0,0.0,0.1466663297213958,0.1287620283938016,0.35648442577802425,0,21780.0,0.0
1,120,120,0,54.0,345.0,2.25,0.14664835539775223,0.12911421770921094,0.35710210159701217,0,21780.0,0.0
1,120,120,0,54.0,345.0,0.75,0.14650085543950117,0.12901931005953024,0.35766580605956505,0,21780.0,0.0
2,60,120,1,56.0,90.0,4.5,0.14636479346231854,0.04267243744458999,0.18963194434612296,0,21780.0,0.0
2,60,120,0,56.0,90.0,4.5,0.14629368049768762,0.04291454607632323,0.18967904138005565,0,21780.0,0.0
2,60,120,0,56.0,90.0,0.0,0.14618632661097686,0.04283297181688117,0.18956445241380457,0,21780.0,0.0
1,120,120,0,54.0,345.0,1.5,0.14618526437581641,0.12853477156813248,0.3567676396617469,0,21780.0,0.0
1,120,120,0,56.0,135.0,0.75,0.1461419216109136,0.1286519597882606,0.3555525187353668,0,21780.0,0.0
2,60,120,1,56.0,90.0,0.0,0.1460685549300713,0.04285804506909007,0.18949653371174185,0,21780.0,0.0
1,120,120,0,56.0,135.0,0.0,0.1459741459556977,0.12813506152586596,0.3550288606410306,0,21780.0,0.0
2,60,120,1,56.0,90.0,3.0,0.14588734399804323,0.04301974407590411,0.18957614069306358,0,21780.0,0.0
2,60,120,0,56.0,90.0,3.0,0.14576957231713764,0.043243055141184504,0.18950822199100087,0,21780.0,0.0
1,120,120,0,56.0,135.0,1.5,0.14569314349059645,0.12820221158399805,0.3542916842738041,0,21780.0,0.0
1,120,120,0,54.0,135.0,2.25,0.14553509707437803,0.12838564752857756,0.3548917513037571,0,21780.0,0.0
1,120,120,0,56.0,135.0,2.25,0.1454894253451912,0.12759792620977203,0.35360706330773817,0,21780.0,0.0
1,120,120,0,54.0,135.0,0.0,0.1454014937980468,0.12801351680668566,0.3545164554992869,0,21780.0,0.0
2,60,120,1,56.0,30.0,1.5,0.14536985734661317,0.042364194974041564,0.18835354548650313,0,21780.0,0.0
1,120,120,0,52.0,345.0,2.25,0.14529325066639623,0.1285201532895837,0.35427045956197084,0,21780.0,0.0
2,60,120,0,56.0,30.0,1.5,0.14526948519503435,0.04255810707977009,0.18824884762758137,0,21780.0,0.0
1,120,120,0,52.0,345.0,1.5,0.14520986232561092,0.1282445598021679,0.3539003344275963,0,21780.0,0.0
1,120,120,0,54.0,135.0,0.75,0.1451911574987215,0.12779739585569305,0.35445703366191983,0,21780.0,0.0
1,120,120,0,52.0,345.0,0.75,0.1451487249556991,0.12807762623576405,0.3537967862870658,0,21780.0,0.0
2,60,120,0,56.0,30.0,4.5,0.14505355350609897,0.042581762322284396,0.18815569008769598,0,21780.0,0.0
2,60,120,0,56.0,30.0,0.0,0.14502827579679536,0.04219156840021623,0.18766587927642242,0,21780.0,0.0
2,60,120,1,56.0,30.0,4.5,0.14502714659706123,0.04245391191913251,0.18805099222877428,0,21780.0,0.0
1,120,120,0,52.0,345.0,0.0,0.14502260659048796,0.12841973704592316,0.35379523157473397,0,21780.0,0.0
1,120,120,0,54.0,135.0,1.5,0.14497196230540615,0.12792114539733468,0.35420416054976506,0,21780.0,0.0
2,60,120,1,56.0,30.0,0.0,0.14495522088138865,0.04207032924934871,0.1876450432965858,0,21780.0,0.0
2,60,120,1,56.0,30.0,3.0,0.1447862198426912,0.04260567809007789,0.1880361708252514,0,21780.0,0.0
2,60,120,0,56.0,30.0,3.0,0.1446885098464375,0.042732111559762816,0.18801533484541474,0,21780.0,0.0
1,120,120,0,58.0,345.0,0.0,0.14403223800207263,0.1270689051523495,0.3505677915523108,0,21780.0,0.0
1,120,120,0,58.0,345.0,0.75,0.1440216008612904,0.12716173836818415,0.3506567150186494,0,21780.0,0.0
1,120,120,0,58.0,345.0,2.25,0.14374740717016285,0.12681815202867353,0.34951838924833695,0,21780.0,0.0
1,120,120,0,52.0,135.0,2.25,0.14372761873952247,0.1271493999912824,0.35025291056038965,0,21780.0,0.0
1,120,120,0,52.0,135.0,0.75,0.14370808683398556,0.1268716792066151,0.35070244195080463,0,21780.0,0.0
1,120,120,0,58.0,345.0,1.5,0.1436586786448417,0.12657387116742722,0.3494465588533308,0,21780.0,0.0
1,120,120,0,52.0,135.0,0.0,0.14365623606103928,0.12717038059733335,0.35043350281049124,0,21780.0,0.0
1,120,120,0,52.0,135.0,1.5,0.14365390653117882,0.12705326475458953,0.350182696716009,0,21780.0,0.0
1,120,120,0,50.0,345.0,1.5,0.14335402520688847,0.12615586925119518,0.3478256021295289,0,21780.0,0.0
1,120,120,0,50.0,345.0,2.25,0.14332961921590656,0.12611006017697624,0.3475297248510256,0,21780.0,0.0
1,120,120,0,58.0,135.0,2.25,0.1432643301239586,0.1261790399628586,0.3480871738619566,0,21780.0,0.0
1,120,120,0,58.0,135.0,1.5,0.1432029452645095,0.12653309836357246,0.34878632923353103,0,21780.0,0.0
1,120,120,0,50.0,345.0,0.0,0.14311013672098832,0.12625640353274814,0.3474284634037397,0,21780.0,0.0
1,120,120,0,50.0,345.0,0.75,0.1430683935374395,0.12627963749459137,0.34703218100687505,0,21780.0,0.0
1,120,120,0,58.0,135.0,0.0,0.14304582683608774,0.1260587714391567,0.3478506641475068,0,21780.0,0.0
1,120,120,0,58.0,135.0,0.75,0.14300883752522953,0.12606695667290038,0.348009437313168,0,21780.0,0.0
1,120,120,0,50.0,135.0,0.0,0.14184200713631,0.12494756223936355,0.3440560309693,0,21780.0,0.0
1,120,120,0,50.0,135.0,0.75,0.14183311574475063,0.12491050527925217,0.3437916299262548,0,21780.0,0.0
1,120,120,0,54.0,60.0,0.0,0.1418093531221897,0.12744096814494052,0.35855731741785046,0,21780.0,0.0
1,120,120,0,54.0,60.0,2.25,0.1417637944140574,0.12706224179298856,0.3580244364931636,0,21780.0,0.0
1,120,120,0,50.0,135.0,1.5,0.14173786884883943,0.12454671595702459,0.34386831696693126,0,21780.0,0.0
1,120,120,0,54.0,60.0,1.5,0.14166622969306183,0.12710087869983602,0.3582461973234855,0,21780.0,0.0
1,120,120,0,54.0,60.0,0.75,0.14159756160746415,0.12706345472883143,0.3580345566415953,0,21780.0,0.0
1,120,120,0,50.0,135.0,2.25,0.14152508299969122,0.12495195820009423,0.3436783798600406,0,21780.0,0.0
2,60,120,1,54.0,75.0,0.0,0.14133869043688652,0.046635407405836486,0.18807321674925873,0,21780.0,0.0
2,60,120,0,54.0,75.0,0.0,0.14131422757968926,0.04661087697077638,0.1880490031836353,0,21780.0,0.0
2,60,120,0,54.0,75.0,3.0,0.14099740416156123,0.046378068957905305,0.18747459202600225,0,21780.0,0.0
2,60,120,1,54.0,75.0,3.0,0.140972941304364,0.046303979069577325,0.1874503784603788,0,21780.0,0.0
2,60,120,0,54.0,75.0,1.5,0.14091194428770515,0.046528378404538204,0.187564221325413,0,21780.0,0.0
2,60,120,1,54.0,75.0,1.5,0.14086282634966088,0.046454288516210224,0.1874657932256747,0,21780.0,0.0
2,60,120,0,54.0,45.0,0.0,0.140810559687226,0.04644075573693878,0.18730087487743263,0,21780.0,0.0
2,60,120,1,54.0,45.0,0.0,0.140810559687226,0.04641597601030484,0.18725131542416473,0,21780.0,0.0
2,60,120,1,54.0,75.0,4.5,0.14059133093577778,0.04621566933279224,0.18693089890173967,0,21780.0,0.0
2,60,120,0,54.0,75.0,4.5,0.1405175579168865,0.04624057370521309,0.18683247080200138,0,21780.0,0.0
2,60,120,1,54.0,45.0,1.5,0.1405035356466711,0.04616837479306609,0.18677102934627293,0,21780.0,0.0
2,60,120,0,54.0,45.0,1.5,0.1404788805658241,0.046193154519700026,0.18669681481215802,0,21780.0,0.0
1,120,120,0,58.0,105.0,0.75,0.14032060480628072,0.12222777092656145,0.33803736786373334,0,21780.0,0.0
2,60,120,0,54.0,45.0,4.5,0.14029540459227574,0.046390170491288345,0.18678469399009978,0,21780.0,0.0
2,60,120,1,54.0,45.0,4.5,0.14029540459227574,0.046340735683807394,0.1867104794559849,0,21780.0,0.0
1,120,120,0,58.0,105.0,0.0,0.14014676423073721,0.12195667507380568,0.3374384580571731,0,21780.0,0.0
2,60,120,0,54.0,45.0,3.0,0.14014421446157035,0.04587761218298104,0.18609616582445318,0,21780.0,0.0
2,60,120,1,54.0,45.0,3.0,0.14014421446157035,0.04587761218298104,0.18614572527772108,0,21780.0,0.0
1,120,120,0,58.0,105.0,1.5,0.1401193710784396,0.12212465202432393,0.3378365102925759,0,21780.0,0.0
1,120,120,0,58.0,105.0,2.25,0.13976210608568262,0.12183242953528191,0.33664983823164535,0,21780.0,0.0
1,120,120,0,58.0,15.0,1.5,0.1394026041896761,0.12150239775018051,0.33545630637697393,0,21780.0,0.0
1,120,120,0,58.0,15.0,2.25,0.1393724393934477,0.1212588100268951,0.33546011346178417,0,21780.0,0.0
1,120,120,0,58.0,15.0,0.75,0.139277070479585,0.12127259325203703,0.33559137626667895,0,21780.0,0.0
1,120,120,0,58.0,15.0,0.0,0.1390756625436656,0.12123961220601047,0.33532910947833955,0,21780.0,0.0
1,120,120,0,56.0,75.0,2.25,0.13527317206942086,0.12070394089054667,0.3275627455138261,0,21780.0,0.0
1,120,120,0,56.0,75.0,1.5,0.13513093266843493,0.1207444275814605,0.32785745928855636,0,21780.0,0.0
2,60,120,0,54.0,60.0,0.0,0.13490968953419508,0.04473757303027665,0.1796472625644717,0,21780.0,0.0
2,60,120,1,54.0,60.0,0.0,0.13490968953419508,0.04473757303027665,0.1796472625644717,0,21780.0,0.0
1,120,120,0,56.0,75.0,0.0,0.13486997775785406,0.12007669345834572,0.32685443874348796,0,21780.0,0.0
1,120,120,0,56.0,75.0,0.75,0.1347997139440005,0.11986503353528971,0.3263291300505832,0,21780.0,0.0
1,120,120,0,56.0,45.0,0.75,0.13471525883351818,0.11986453767481259,0.32610889522755276,0,21780.0,0.0
1,120,120,0,56.0,45.0,0.0,0.13457171780581248,0.12000923805919438,0.326141871577998,0,21780.0,0.0
2,60,120,0,54.0,60.0,1.5,0.1345022884668039,0.04464165506216949,0.17914394352897342,0,21780.0,0.0
2,60,120,1,54.0,60.0,1.5,0.1345022884668039,0.04464165506216949,0.17914394352897342,0,21780.0,0.0
1,120,120,0,56.0,45.0,1.5,0.13434942729428462,0.11994124645537288,0.3256753397860588,0,21780.0,0.0
2,60,120,0,54.0,60.0,3.0,0.13434063173293515,0.04456942312044362,0.17891005485337877,0,21780.0,0.0
2,60,120,1,54.0,60.0,3.0,0.13434063173293515,0.04456942312044362,0.17891005485337877,0,21780.0,0.0
2,60,120,0,54.0,60.0,4.5,0.13426481992609393,0.04483743386841823,0.17910225379451217,0,21780.0,0.0
2,60,120,1,54.0,60.0,4.5,0.13426481992609393,0.04483743386841823,0.17910225379451217,0,21780.0,0.0
1,120,120,0,56.0,45.0,2.25,0.13413004306301599,0.11943092952008506,0.3249759088720617,0,21780.0,0.0
2,60,120,0,56.0,75.0,4.5,0.1280657063896584,0.03628993760143135,0.16447954262425935,0,21780.0,0.0
2,60,120,1,56.0,75.0,4.5,0.1280657063896584,0.03631446803649145,0.16450407305931947,0,21780.0,0.0
2,60,120,0,56.0,75.0,1.5,0.12798185497886666,0.03603870367274395,0.16414445728478028,0,21780.0,0.0
2,60,120,1,56.0,75.0,1.5,0.12798185497886666,0.03598939351104991,0.16411992684972018,0,21780.0,0.0
2,60,120,0,56.0,75.0,3.0,0.12757647723406412,0.036481576191746024,0.16415717233234586,0,21780.0,0.0
2,60,120,1,56.0,75.0,3.0,0.12755201437686686,0.03638283122257103,0.16413308341250937,0,21780.0,0.0
2,60,120,1,56.0,75.0,0.0,0.1275423951007653,0.035896133621078574,0.16353764762837958,0,21780.0,0.0
2,60,120,0,56.0,75.0,0.0,0.12751793224356803,0.03584694810517145,0.16351355870854303,0,21780.0,0.0
2,60,120,0,56.0,45.0,3.0,0.12740577309690088,0.035983503875940806,0.16346361615274352,0,21780.0,0.0
2,60,120,1,56.0,45.0,3.0,0.12740577309690088,0.03595884879509379,0.16348852052516435,0,21780.0,0.0
2,60,120,0,56.0,45.0,1.5,0.12736163746640533,0.035721358179405464,0.1631325550990787,0,21780.0,0.0
2,60,120,1,56.0,45.0,1.5,0.12736163746640533,0.03572123353361855,0.16318198990655966,0,21780.0,0.0
2,60,120,0,56.0,45.0,0.0,0.12719983784895303,0.03580018008518192,0.1630495773874028,0,21780.0,0.0
2,60,120,1,56.0,45.0,0.0,0.12719983784895303,0.035800055439395004,0.16302467301498194,0,21780.0,0.0
1,120,120,0,56.0,60.0,0.0,0.12697057281741617,0.11324003349573074,0.3072747091180395,0,21780.0,0.0
2,60,120,0,56.0,45.0,4.5,0.12695369136409917,0.03583651665185955,0.16288932692249447,0,21780.0,0.0
2,60,120,1,56.0,45.0,4.5,0.12695369136409917,0.03581186157101253,0.1628398921150135,0,21780.0,0.0
1,120,120,0,56.0,60.0,2.25,0.12679583683811782,0.1131044502027512,0.30665907737255804,0,21780.0,0.0
1,120,120,0,56.0,60.0,0.75,0.1266153588689216,0.11315607068893589,0.3064793085609895,0,21780.0,0.0
1,120,120,0,56.0,60.0,1.5,0.12643385092632856,0.11331518322168366,0.3063243043195765,0,21780.0,0.0
1,120,120,0,58.0,90.0,0.0,0.12219305855135729,0.10538119821557093,0.29166587561855384,0,21780.0,0.0
1,120,120,0,58.0,90.0,2.25,0.12218584450097421,0.10571048985502565,0.2920357936180668,0,21780.0,0.0
1,120,120,0,58.0,90.0,1.5,0.12215236935013406,0.1056393302417328,0.29226637048784876,0,21780.0,0.0
1,120,120,0,58.0,330.0,2.25,0.12211685802812135,0.10800971103922352,0.29739665117753106,0,21780.0,0.0
1,120,120,0,58.0,90.0,0.75,0.1220464517827599,0.10539041201625259,0.2918968726675811,0,21780.0,0.0
1,120,120,0,58.0,330.0,0.0,0.12203206416596664,0.10788063260298532,0.2977339547319602,0,21780.0,0.0
1,120,120,0,58.0,330.0,1.5,0.12198919558411221,0.10794860633023966,0.29768166731645185,0,21780.0,0.0
1,120,120,0,58.0,330.0,0.75,0.12186842320276056,0.10788520027526749,0.2972252084509688,0,21780.0,0.0
1,120,120,0,56.0,330.0,0.0,0.12165385715006694,0.10683486615471958,0.2954989822555434,0,21780.0,0.0
1,120,120,0,56.0,330.0,2.25,0.12157465324060021,0.10662113649531893,0.29564214759083013,0,21780.0,0.0
1,120,120,0,56.0,330.0,0.75,0.12138097499038332,0.10609530405679667,0.29468036234966266,0,21780.0,0.0
1,120,120,0,56.0,330.0,1.5,0.12136272002283345,0.10612110167090925,0.2947081270837376,0,21780.0,0.0
1,120,120,0,58.0,30.0,0.0,0.1213487475273205,0.10484414739807328,0.29025471371052436,0,21780.0,0.0
2,60,120,1,58.0,90.0,4.5,0.12120618778241396,0.03506711369621923,0.15691757437111553,0,21780.0,0.0
1,120,120,0,58.0,30.0,2.25,0.1211826626961509,0.10469359837916598,0.2897002515875813,0,21780.0,0.0
1,120,120,0,58.0,30.0,0.75,0.12111210609089046,0.10456861675168734,0.2897640725492546,0,21780.0,0.0
1,120,120,0,58.0,30.0,1.5,0.12109120848904305,0.10474607498654828,0.2894351542672294,0,21780.0,0.0
2,60,120,0,58.0,90.0,1.5,0.12107910980291217,0.035585120125004595,0.15720938391386338,0,21780.0,0.0
2,60,120,0,58.0,90.0,4.5,0.12106629306145497,0.03521631405760036,0.15682776110500188,0,21780.0,0.0
2,60,120,0,58.0,90.0,3.0,0.12106330960062223,0.03527735670243218,0.15688582028900097,0,21780.0,0.0
2,60,120,1,58.0,90.0,3.0,0.12104493337508306,0.035172788870728035,0.15693620967240826,0,21780.0,0.0
2,60,120,1,58.0,90.0,0.0,0.12097717232422582,0.0350958861655056,0.15666777192894585,0,21780.0,0.0
2,60,120,1,58.0,90.0,1.5,0.12096387016280019,0.03548664786583328,0.15711957064774976,0,21780.0,0.0
2,60,120,0,58.0,90.0,0.0,0.12095879609868662,0.035189431501086034,0.1567181613123531,0,21780.0,0.0
1,120,120,0,58.0,150.0,0.0,0.1206698939318794,0.10664760596044383,0.2944525633175801,0,21780.0,0.0
1,120,120,0,58.0,150.0,0.75,0.12057879002529427,0.1067550434659007,0.2943007315188913,0,21780.0,0.0
1,120,120,0,58.0,150.0,2.25,0.12049026283776294,0.106495923579768,0.2933752858534706,0,21780.0,0.0
1,120,120,0,58.0,150.0,1.5,0.12047784364780127,0.10655529400495294,0.29383519465604185,0,21780.0,0.0
2,60,120,0,56.0,60.0,3.0,0.12017410181715941,0.03369000450735135,0.15386410632451075,0,21780.0,0.0
2,60,120,1,56.0,60.0,3.0,0.12017410181715941,0.03369000450735135,0.15386410632451075,0,21780.0,0.0
2,60,120,0,56.0,60.0,0.0,0.12003650449598748,0.033374098297541316,0.15341060279352875,0,21780.0,0.0
2,60,120,1,56.0,60.0,0.0,0.12003650449598748,0.033374098297541316,0.15341060279352875,0,21780.0,0.0
1,120,120,0,56.0,150.0,0.0,0.11996699482780149,0.105259547762117,0.29152523427861843,0,21780.0,0.0
1,120,120,0,56.0,150.0,2.25,0.11993733577592941,0.10523864741319844,0.2915277918648805,0,21780.0,0.0
2,60,120,0,56.0,60.0,1.5,0.11989638378578303,0.033059922294122926,0.1529563060799059,0,21780.0,0.0
2,60,120,1,56.0,60.0,1.5,0.11989638378578303,0.033059922294122926,0.1529563060799059,0,21780.0,0.0
2,60,120,0,56.0,60.0,4.5,0.11985265036222915,0.03351534787744144,0.15336799823967062,0,21780.0,0.0
2,60,120,1,56.0,60.0,4.5,0.11985265036222915,0.03351534787744144,0.15336799823967062,0,21780.0,0.0
1,120,120,0,56.0,150.0,1.5,0.11977376918556792,0.10467994213294018,0.29097085557375174,0,21780.0,0.0
1,120,120,0,56.0,150.0,0.75,0.11975839334062215,0.10474125467355253,0.2907034138539114,0,21780.0,0.0
2,60,120,1,58.0,30.0,3.0,0.11965519697133606,0.034849567871691044,0.15517381746214337,0,21780.0,0.0
2,60,120,0,58.0,30.0,0.0,0.11958407784712907,0.03495588164809875,0.1550355540279065,0,21780.0,0.0
2,60,120,0,58.0,30.0,3.0,0.11956503269111544,0.03497932667078743,0.15516385252775125,0,21780.0,0.0
2,60,120,0,58.0,30.0,4.5,0.11950241885271573,0.03479378484665844,0.15489091713858863,0,21780.0,0.0
2,60,120,1,58.0,30.0,0.0,0.11949391356690847,0.03486262290748972,0.15502558909351444,0,21780.0,0.0
1,120,120,0,54.0,330.0,0.75,0.11946989408058663,0.10489862686804258,0.2903123300658748,0,21780.0,0.0
2,60,120,1,58.0,30.0,1.5,0.1193920483790369,0.03443740967260741,0.1544737309441266,0,21780.0,0.0
1,120,120,0,54.0,330.0,1.5,0.11939066312135183,0.10528544931432607,0.290321923119257,0,21780.0,0.0
1,120,120,0,54.0,330.0,0.0,0.11938872778499303,0.10459083303393832,0.28993591100588245,0,21780.0,0.0
2,60,120,1,58.0,30.0,4.5,0.11933872835929453,0.0347418436011875,0.15472459556139048,0,21780.0,0.0
1,120,120,0,54.0,330.0,2.25,0.1192563437453981,0.10455179363971051,0.28911298258604345,0,21780.0,0.0
2,60,120,0,58.0,30.0,1.5,0.11922835788561569,0.03458345694863412,0.15430740936692852,0,21780.0,0.0
1,120,120,0,54.0,150.0,1.5,0.11756920602881826,0.10345423984831933,0.285861355897203,0,21780.0,0.0
1,120,120,0,54.0,150.0,0.75,0.11753522532957673,0.10368522513396436,0.2860711185780039,0,21780.0,0.0
1,120,120,0,54.0,150.0,2.25,0.11751686724615626,0.10316314464413893,0.2850966623646537,0,21780.0,0.0
1,120,120,0,54.0,150.0,0.0,0.1173719956838425,0.10291132771017049,0.28499971243683,0,21780.0,0.0
1,120,120,0,52.0,330.0,2.25,0.11653415224011826,0.10243819265426057,0.28287630196308206,0,21780.0,0.0
1,120,120,0,52.0,330.0,1.5,0.1163577534983427,0.10256047532118963,0.2826794461609088,0,21780.0,0.0
1,120,120,0,52.0,330.0,0.0,0.11630293108588688,0.10283344919400328,0.28313820425552105,0,21780.0,0.0
1,120,120,0,52.0,330.0,0.75,0.11622152325828926,0.10266969651612906,0.2828013445353987,0,21780.0,0.0
1,120,120,0,52.0,150.0,0.75,0.11469322896019747,0.10105135632536566,0.2786833435754643,0,21780.0,0.0
1,120,120,0,52.0,150.0,2.25,0.11454046373270864,0.10095444409986838,0.27847709067409976,0,21780.0,0.0
1,120,120,0,52.0,150.0,0.0,0.11451887803357412,0.10073689346832924,0.2778605032352987,0,21780.0,0.0
1,120,120,0,52.0,150.0,1.5,0.11448431016747525,0.10115277721366615,0.2786094719371442,0,21780.0,0.0
1,120,120,0,50.0,330.0,2.25,0.1136247316126805,0.09984742056678104,0.2757732154814667,0,21780.0,0.0
1,120,120,0,50.0,330.0,0.0,0.1134950747375282,0.10015621296651005,0.27627796553474926,0,21780.0,0.0
1,120,120,0,50.0,330.0,1.5,0.113444345461763,0.0998870899382639,0.2759259692552784,0,21780.0,0.0
1,120,120,0,50.0,330.0,0.75,0.11331362011979006,0.09986398008269379,0.2754480086859723,0,21780.0,0.0
1,120,120,0,50.0,150.0,1.5,0.11166258233274932,0.09826003612587404,0.271746093066869,0,21780.0,0.0
1,120,120,0,50.0,150.0,0.0,0.11162288077369129,0.09842913523398493,0.2715749818679331,0,21780.0,0.0
1,120,120,0,50.0,150.0,0.75,0.111520718617497,0.09829866568357892,0.2711785219182817,0,21780.0,0.0
1,120,120,0,50.0,150.0,2.25,0.11151690313556449,0.09863879312866583,0.27168034785213974,0,21780.0,0.0
1,120,120,0,58.0,75.0,0.0,0.10312316057489243,0.0882380942945463,0.24435004726689338,0,21780.0,0.0
1,120,120,0,58.0,75.0,0.75,0.10308424623979356,0.08805124680584486,0.24446481477400928,0,21780.0,0.0
1,120,120,0,58.0,75.0,2.25,0.10278379532990892,0.08803935942992921,0.2437138952388211,0,21780.0,0.0
1,120,120,0,58.0,75.0,1.5,0.10264909518822987,0.08798158039151814,0.24378832349505145,0,21780.0,0.0
1,120,120,0,58.0,45.0,2.25,0.10225629214047027,0.08763024923685508,0.24254711689825922,0,21780.0,0.0
1,120,120,0,58.0,45.0,0.0,0.10212951230257841,0.08720024029199769,0.24191128605676723,0,21780.0,0.0
1,120,120,0,58.0,45.0,1.5,0.10210734659903263,0.08724382095380731,0.24182898080214124,0,21780.0,0.0
1,120,120,0,58.0,45.0,0.75,0.10179094569586941,0.08713864843191911,0.24159343455263685,0,21780.0,0.0
2,60,120,0,58.0,75.0,3.0,0.09591962611187102,0.026655973800173934,0.12267471881858069,0,21780.0,0.0
2,60,120,1,58.0,75.0,3.0,0.09589516325467376,0.026581883911845957,0.12267528497959121,0,21780.0,0.0
2,60,120,1,58.0,75.0,0.0,0.09566275559059184,0.02680276088281706,0.12256463537994464,0,21780.0,0.0
2,60,120,0,58.0,75.0,0.0,0.0956382927333946,0.026778230447756957,0.12256520154095515,0,21780.0,0.0
2,60,120,0,58.0,75.0,4.5,0.09547439512922296,0.026548303638391606,0.12214659740078423,0,21780.0,0.0
2,60,120,1,58.0,75.0,4.5,0.0954499322720257,0.026572958719238624,0.12214678962443398,0,21780.0,0.0
2,60,120,1,58.0,75.0,1.5,0.09537740728354918,0.026955886512426204,0.12248197215577897,0,21780.0,0.0
2,60,120,0,58.0,75.0,1.5,0.09535294442635192,0.026980541593273222,0.12248216437942874,0,21780.0,0.0
2,60,120,0,58.0,45.0,4.5,0.09486102391142406,0.02626955901087831,0.1212297018288381,0,21780.0,0.0
2,60,120,1,58.0,45.0,4.5,0.09486102391142406,0.02624490393003129,0.12118026702135713,0,21780.0,0.0
2,60,120,0,58.0,45.0,3.0,0.09473568559563322,0.026297389088759362,0.1211074138642944,0,21780.0,0.0
2,60,120,1,58.0,45.0,3.0,0.09473568559563322,0.02627273400791234,0.12113231823671525,0,21780.0,0.0
2,60,120,0,58.0,45.0,0.0,0.09459406699894286,0.026531567702410382,0.12117519415462115,0,21780.0,0.0
2,60,120,1,58.0,45.0,0.0,0.09459406699894286,0.026531443056623465,0.12115028978220028,0,21780.0,0.0
2,60,120,0,58.0,45.0,1.5,0.0945147987222629,0.026406242759920626,0.12099538066208532,0,21780.0,0.0
2,60,120,1,58.0,45.0,1.5,0.0945147987222629,0.026406118114133712,0.12104481546956629,0,21780.0,0.0
1,120,120,0,58.0,60.0,0.75,0.09236029113406237,0.07827107663375783,0.21736605276674037,0,21780.0,0.0
1,120,120,0,58.0,60.0,1.5,0.09235509418890205,0.07828060904042539,0.2171745869715419,0,21780.0,0.0
1,120,120,0,58.0,60.0,2.25,0.09204308648588994,0.0782430748075257,0.21652566042535693,0,21780.0,0.0
1,120,120,0,58.0,60.0,0.0,0.09201907902838195,0.07812024733962329,0.2165998721620782,0,21780.0,0.0
1,120,120,0,58.0,315.0,0.0,0.08961680425156301,0.07915815888591009,0.21822304092504954,0,21780.0,0.0
1,120,120,0,58.0,315.0,2.25,0.0894953330271546,0.07906955295804015,0.2178786304783547,0,21780.0,0.0
1,120,120,0,58.0,315.0,0.75,0.08918726371112859,0.07899179375229101,0.21747473089877942,0,21780.0,0.0
1,120,120,0,58.0,315.0,1.5,0.0890468070959393,0.0786962026456631,0.2172612522462724,0,21780.0,0.0
1,120,120,0,56.0,315.0,1.5,0.08783910526403986,0.07655791322064923,0.21243802084580055,0,21780.0,0.0
1,120,120,0,58.0,165.0,0.0,0.08775740515580056,0.07742903869145855,0.21367461916894417,0,21780.0,0.0
1,120,120,0,56.0,315.0,0.75,0.08775273868098644,0.07693504270450184,0.21241400318742631,0,21780.0,0.0
1,120,120,0,56.0,315.0,0.0,0.087560631776274,0.07665009055300179,0.21203788384989594,0,21780.0,0.0
1,120,120,0,56.0,315.0,2.25,0.0875522714366321,0.07609959134064559,0.21146096431941472,0,21780.0,0.0
1,120,120,0,58.0,165.0,2.25,0.0875485707235408,0.07746185263148792,0.21275731162506656,0,21780.0,0.0
1,120,120,0,58.0,165.0,0.75,0.0874317538469463,0.07740191518234453,0.21324303971708092,0,21780.0,0.0
1,120,120,0,58.0,165.0,1.5,0.08742587319454125,0.07731794159146847,0.21319258059642884,0,21780.0,0.0
1,120,120,0,56.0,165.0,1.5,0.08592524358028293,0.07487118801700886,0.20793613037893732,0,21780.0,0.0
1,120,120,0,56.0,165.0,0.75,0.08580298864711217,0.07476332427828679,0.2072990146637502,0,21780.0,0.0
1,120,120,0,56.0,165.0,0.0,0.0857581386021009,0.07475434338323346,0.2075554225619995,0,21780.0,0.0
1,120,120,0,56.0,165.0,2.25,0.08569622256952768,0.07509141862454224,0.20772490828312296,0,21780.0,0.0
2,60,120,0,58.0,60.0,1.5,0.08538885268699985,0.02333999857549847,0.1087288512624983,0,21780.0,0.0
2,60,120,1,58.0,60.0,1.5,0.08538885268699985,0.02333999857549847,0.1087288512624983,0,21780.0,0.0
1,120,120,0,54.0,315.0,2.25,0.08533327093651788,0.07478653503364473,0.20615551728425913,0,21780.0,0.0
2,60,120,0,58.0,60.0,4.5,0.08524685054232758,0.02319888516671602,0.1084457357090436,0,21780.0,0.0
2,60,120,1,58.0,60.0,4.5,0.08524685054232758,0.02319888516671602,0.1084457357090436,0,21780.0,0.0
2,60,120,0,58.0,60.0,0.0,0.08517533872526666,0.023195924671185447,0.10837126339645212,0,21780.0,0.0
2,60,120,1,58.0,60.0,0.0,0.08517533872526666,0.023195924671185447,0.10837126339645212,0,21780.0,0.0
1,120,120,0,54.0,315.0,1.5,0.08502921021604355,0.07439699705480049,0.20567165975434776,0,21780.0,0.0
2,60,120,0,58.0,60.0,3.0,0.08496398764273856,0.02326462112288754,0.1082286087656261,0,21780.0,0.0
2,60,120,1,58.0,60.0,3.0,0.08496398764273856,0.02326462112288754,0.1082286087656261,0,21780.0,0.0
1,120,120,0,54.0,315.0,0.0,0.08494703630629154,0.07419755492747274,0.2058568938013028,0,21780.0,0.0
1,120,120,0,54.0,315.0,0.75,0.08483275531537612,0.07364389134680857,0.20495759928208945,0,21780.0,0.0
1,120,120,0,54.0,165.0,0.0,0.08331309147963883,0.07280049017598693,0.20153570821006708,0,21780.0,0.0
1,120,120,0,54.0,165.0,0.75,0.08315817578929942,0.07301638541196391,0.2015526333484056,0,21780.0,0.0
1,120,120,0,54.0,165.0,2.25,0.08285900381672678,0.0725292629083258,0.200647093424385,0,21780.0,0.0
1,120,120,0,54.0,165.0,1.5,0.08276503338367339,0.07221959216497238,0.20033140924702175,0,21780.0,0.0
1,120,120,0,52.0,315.0,0.0,0.08207039875932454,0.07235572528780654,0.199412268027155,0,21780.0,0.0
1,120,120,0,52.0,315.0,2.25,0.08206111215250014,0.07222872042014172,0.19931819685533186,0,21780.0,0.0
1,120,120,0,52.0,315.0,0.75,0.08194032523034743,0.07207964598699543,0.19892957231591885,0,21780.0,0.0
1,120,120,0,52.0,315.0,1.5,0.08184416408708217,0.07239241875430791,0.19947274488826172,0,21780.0,0.0
1,120,120,0,52.0,165.0,0.75,0.0801896701526203,0.07090145174949065,0.19514746660079635,0,21780.0,0.0
1,120,120,0,52.0,165.0,2.25,0.0801741207533042,0.07048849592645233,0.19474585749923115,0,21780.0,0.0
1,120,120,0,52.0,165.0,0.0,0.08013438199584935,0.0705552804926858,0.19442829293980943,0,21780.0,0.0
1,120,120,0,52.0,165.0,1.5,0.08003894377961712,0.07047094505600522,0.19456975026179565,0,21780.0,0.0
1,120,120,0,50.0,315.0,1.5,0.07987651138113061,0.0705235176219725,0.19435262848857857,0,21780.0,0.0
1,120,120,0,50.0,315.0,2.25,0.0798748474467996,0.07026017442402266,0.19416601815964193,0,21780.0,0.0
1,120,120,0,50.0,315.0,0.0,0.07975791134661588,0.0703650629681401,0.19381275478685236,0,21780.0,0.0
1,120,120,0,50.0,315.0,0.75,0.0797192157090886,0.0702612507105647,0.19376348580423616,0,21780.0,0.0
1,120,120,0,50.0,165.0,0.75,0.07806996727387494,0.06889873352570934,0.18983295111794374,0,21780.0,0.0
1,120,120,0,50.0,165.0,0.0,0.07795055559013774,0.06887419131093453,0.18953842923316785,0,21780.0,0.0
1,120,120,0,50.0,165.0,1.5,0.07787608076399306,0.06864033862681168,0.1895091100370461,0,21780.0,0.0
1,120,120,0,50.0,165.0,2.25,0.07778308924013944,0.06872991232641343,0.18952641401493392,0,21780.0,0.0
1,120,120,0,58.0,300.0,2.25,0.055950166190153916,0.049171931950069865,0.13583849469635315,0,21780.0,0.0
1,120,120,0,58.0,300.0,0.0,0.05593478343523351,0.04935709292511283,0.1360540600781002,0,21780.0,0.0
1,120,120,0,58.0,300.0,0.75,0.05587494060895984,0.04948210373241183,0.13607080940760538,0,21780.0,0.0
1,120,120,0,58.0,300.0,1.5,0.0556878231481982,0.04944638956849852,0.13602669324587077,0,21780.0,0.0
1,120,120,0,56.0,300.0,2.25,0.05448611216686239,0.047491947604743553,0.131416655006941,0,21780.0,0.0
1,120,120,0,58.0,180.0,0.0,0.054395927723431776,0.047814616249841665,0.1323491158283026,0,21780.0,0.0
1,120,120,0,56.0,300.0,1.5,0.05429408947739078,0.047407265735484316,0.13143888745435497,0,21780.0,0.0
1,120,120,0,56.0,300.0,0.0,0.05427989741050007,0.04732905204518235,0.13131324896788824,0,21780.0,0.0
1,120,120,0,58.0,180.0,1.5,0.05424622777405492,0.04789802831361814,0.13201621730921836,0,21780.0,0.0
1,120,120,0,58.0,180.0,0.75,0.05423267992180284,0.048218399105575474,0.1325495276511517,0,21780.0,0.0
1,120,120,0,58.0,180.0,2.25,0.05422921285093514,0.047884477083541474,0.13155647849215174,0,21780.0,0.0
1,120,120,0,56.0,300.0,0.75,0.05412722797851964,0.047289057207062224,0.13088463189411612,0,21780.0,0.0
1,120,120,0,56.0,180.0,0.0,0.05289091235449922,0.046211903840062005,0.12829826464522429,0,21780.0,0.0
1,120,120,0,56.0,180.0,0.75,0.05268307774129628,0.04597239202611439,0.12732082106447634,0,21780.0,0.0
1,120,120,0,56.0,180.0,2.25,0.052663713299069236,0.0460150739725848,0.12741596839343297,0,21780.0,0.0
1,120,120,0,56.0,180.0,1.5,0.0525982088731356,0.04576011363071776,0.12738821854355453,0,21780.0,0.0
1,120,120,0,54.0,300.0,0.0,0.052557935280675164,0.04594334456201626,0.12742084406611295,0,21780.0,0.0
1,120,120,0,54.0,300.0,0.75,0.05252978281849025,0.045657789172655894,0.126788658358645,0,21780.0,0.0
1,120,120,0,54.0,300.0,2.25,0.05250168168117334,0.04584042540500627,0.12662621030484078,0,21780.0,0.0
1,120,120,0,54.0,300.0,1.5,0.052303953141630055,0.04555295434898174,0.12656840645537643,0,21780.0,0.0
1,120,120,0,54.0,180.0,2.25,0.0508993930977834,0.044397005746984894,0.12293108981417325,0,21780.0,0.0
1,120,120,0,54.0,180.0,0.75,0.05080789463105441,0.04451287721743694,0.12333943983397419,0,21780.0,0.0
1,120,120,0,54.0,180.0,0.0,0.05076061843466021,0.04444936524254199,0.12303624351422243,0,21780.0,0.0
1,120,120,0,54.0,180.0,1.5,0.050684176842660876,0.04435825599885869,0.1227687239891381,0,21780.0,0.0
1,120,120,0,52.0,300.0,1.5,0.05034541130767145,0.04424003359221996,0.12241203803221684,0,21780.0,0.0
1,120,120,0,52.0,300.0,0.75,0.050301312517682654,0.044335364757784254,0.12218726006368129,0,21780.0,0.0
1,120,120,0,52.0,300.0,2.25,0.0502617720011428,0.04438516422682679,0.12237131764495611,0,21780.0,0.0
1,120,120,0,52.0,300.0,0.0,0.050244394850549746,0.04453645751063584,0.12227153567131452,0,21780.0,0.0
1,120,120,0,52.0,180.0,1.5,0.048918363333658274,0.04299397720692349,0.11871151618282637,0,21780.0,0.0
1,120,120,0,52.0,180.0,0.75,0.04890832588557968,0.04311981867892879,0.11873026717942355,0,21780.0,0.0
1,120,120,0,52.0,180.0,2.25,0.04882080519643329,0.04304199930110573,0.11879904461447569,0,21780.0,0.0
1,120,120,0,52.0,180.0,0.0,0.04876986434851421,0.04289899352604056,0.11840283558212948,0,21780.0,0.0
1,120,120,0,50.0,300.0,2.25,0.048769035646654836,0.042961495109633784,0.11870141904870382,0,21780.0,0.0
1,120,120,0,50.0,300.0,0.0,0.048709155749367565,0.042903237510186126,0.11814071494871534,0,21780.0,0.0
1,120,120,0,50.0,300.0,1.5,0.04860825436031981,0.04284013783256017,0.11823486704163057,0,21780.0,0.0
1,120,120,0,50.0,300.0,0.75,0.048583512927458224,0.04270736432961777,0.1180614863830421,0,21780.0,0.0
1,120,120,0,50.0,180.0,0.0,0.047126820252143625,0.04176578711822736,0.11480065892254479,0,21780.0,0.0
1,120,120,0,50.0,180.0,2.25,0.04710972760219356,0.04170446724055803,0.11494527690757275,0,21780.0,0.0
1,120,120,0,50.0,180.0,0.75,0.04710785885091036,0.04152427095780471,0.1146746809576319,0,21780.0,0.0
1,120,120,0,50.0,180.0,1.5,0.04708941046640031,0.041564327744455995,0.11455779413085919,0,21780.0,0.0
1,120,120,0,58.0,285.0,2.25,0.02871525790522863,0.025177200934221128,0.0695209636087305,0,21780.0,0.0
1,120,120,0,58.0,285.0,0.0,0.02853805333004241,0.0251873198050771,0.06930144042535576,0,21780.0,0.0
1,120,120,0,58.0,285.0,1.5,0.028381684186189613,0.02524472021808078,0.06927958429304842,0,21780.0,0.0
1,120,120,0,58.0,285.0,0.75,0.028345845000465122,0.024914973273981473,0.06867292991973485,0,21780.0,0.0
1,120,120,0,56.0,285.0,0.0,0.027650164231770257,0.024412779248457184,0.06715064696321713,0,21780.0,0.0
1,120,120,0,56.0,285.0,0.75,0.02749552013720348,0.02409179347708326,0.06634524560615947,0,21780.0,0.0
1,120,120,0,58.0,195.0,0.0,0.027397900722601697,0.0240211729182578,0.06651235371821854,0,21780.0,0.0
1,120,120,0,56.0,285.0,2.25,0.02733587823409831,0.023794724550653804,0.06580109395003035,0,21780.0,0.0
1,120,120,0,58.0,195.0,0.75,0.027291772492688614,0.024213554345946894,0.06647539559759047,0,21780.0,0.0
1,120,120,0,56.0,285.0,1.5,0.027232038800499937,0.023518999925469953,0.06582883273163648,0,21780.0,0.0
1,120,120,0,58.0,195.0,2.25,0.02718033269220896,0.024013354621196935,0.06567492762699323,0,21780.0,0.0
1,120,120,0,58.0,195.0,1.5,0.02712509283472838,0.023914202905729313,0.06592410266919134,0,21780.0,0.0
1,120,120,0,54.0,285.0,1.5,0.02644688049568003,0.023122287618886215,0.06392666312902985,0,21780.0,0.0
1,120,120,0,54.0,285.0,2.25,0.0264405677447192,0.02315863178216589,0.06371039695817327,0,21780.0,0.0
1,120,120,0,56.0,195.0,2.25,0.026315090615666146,0.023159045527284785,0.06376137502051539,0,21780.0,0.0
1,120,120,0,54.0,285.0,0.75,0.026307921498411203,0.022665257050706496,0.06317091854810014,0,21780.0,0.0
1,120,120,0,54.0,285.0,0.0,0.02624064053696296,0.022531144349136865,0.06321356253057546,0,21780.0,0.0
1,120,120,0,56.0,195.0,0.0,0.026237916587667092,0.023079390204447457,0.06380672848705936,0,21780.0,0.0
1,120,120,0,56.0,195.0,1.5,0.02617847250678177,0.02270997235157962,0.06337976149296741,0,21780.0,0.0
1,120,120,0,56.0,195.0,0.75,0.0259954615226061,0.022485650710379432,0.06263652840709416,0,21780.0,0.0
1,120,120,0,54.0,195.0,0.75,0.025133583719740907,0.02206735307790894,0.06092178939447467,0,21780.0,0.0
1,120,120,0,54.0,195.0,0.0,0.02509662093875459,0.021857613446527972,0.06069458448910515,0,21780.0,0.0
1,120,120,0,54.0,195.0,1.5,0.02505136591695054,0.021704888361770595,0.06019045702032435,0,21780.0,0.0
1,120,120,0,52.0,285.0,1.5,0.025029324104772783,0.02205641909025908,0.060867279252573105,0,21780.0,0.0
1,120,120,0,52.0,285.0,0.75,0.024978581214178692,0.02202407233249056,0.06069513021828687,0,21780.0,0.0
1,120,120,0,52.0,285.0,2.25,0.024960710045542397,0.0218874549747823,0.060413822614662036,0,21780.0,0.0
1,120,120,0,54.0,195.0,2.25,0.02494017067313465,0.021439027644293437,0.0597236001488531,0,21780.0,0.0
1,120,120,0,52.0,285.0,0.0,0.02491694644857708,0.021953492168521348,0.06036228223842697,0,21780.0,0.0
1,120,120,0,50.0,285.0,0.75,0.024002205571125056,0.021044447710341082,0.05813323619009206,0,21780.0,0.0
1,120,120,0,50.0,285.0,1.5,0.02398435987410762,0.021036008217588886,0.05812415013553614,0,21780.0,0.0
1,120,120,0,50.0,285.0,0.0,0.023978596658018346,0.02111147165472515,0.05804561649441709,0,21780.0,0.0
1,120,120,0,50.0,285.0,2.25,0.023961896394793177,0.021019798164645158,0.05797704254826858,0,21780.0,0.0
1,120,120,0,52.0,195.0,0.75,0.023943244487113716,0.021148513970701086,0.058052947236927284,0,21780.0,0.0
1,120,120,0,52.0,195.0,1.5,0.02389295754070204,0.020962679313857736,0.0576928376506332,0,21780.0,0.0
1,120,120,0,52.0,195.0,2.25,0.023816904771500863,0.02073839172751052,0.0577013760506316,0,21780.0,0.0
1,120,120,0,52.0,195.0,0.0,0.02377284437613971,0.020907031282301994,0.05747409202440859,0,21780.0,0.0
1,120,120,0,50.0,195.0,1.5,0.02281468325481082,0.020074886688469743,0.05535632288048061,0,21780.0,0.0
1,120,120,0,50.0,195.0,0.75,0.02276443568326515,0.020029790625787084,0.05521531937284892,0,21780.0,0.0
1,120,120,0,50.0,195.0,2.25,0.022669059439249954,0.02007066562213804,0.05528871289158194,0,21780.0,0.0
1,120,120,0,50.0,195.0,0.0,0.022648105429341057,0.02003753772165955,0.055116359517632364,0,21780.0,0.0
1,120,120,0,58.0,270.0,0.0,0.009098572616919758,0.007899344534591788,0.021938105982800316,0,21780.0,0.0
1,120,120,0,58.0,270.0,2.25,0.009078711769954867,0.00785998128122504,0.02191876685222943,0,21780.0,0.0
1,120,120,0,58.0,270.0,0.75,0.00903018900917074,0.007973184015578321,0.021775121916774286,0,21780.0,0.0
1,120,120,0,58.0,270.0,1.5,0.008919813494787375,0.007860308655247929,0.021770774531016557,0,21780.0,0.0
1,120,120,0,56.0,270.0,0.75,0.008652522205025404,0.007638466285180513,0.020661820739352,0,21780.0,0.0
1,120,120,0,56.0,270.0,1.5,0.00858022832679316,0.0073684078328874105,0.02060747258859269,0,21780.0,0.0
1,120,120,0,56.0,270.0,0.0,0.008554871218556167,0.007546707576513399,0.020884988118431216,0,21780.0,0.0
1,120,120,0,56.0,270.0,2.25,0.008484079928393246,0.0072205173636965825,0.020127915258449886,0,21780.0,0.0
1,120,120,0,54.0,270.0,2.25,0.008236683302506157,0.007296490957660755,0.019791248503505915,0,21780.0,0.0
1,120,120,0,58.0,210.0,0.0,0.008211789415013425,0.007195500156219388,0.01994469284513349,0,21780.0,0.0
1,120,120,0,54.0,270.0,1.5,0.008166416788051733,0.006763302037709995,0.019337794790127476,0,21780.0,0.0
1,120,120,0,58.0,210.0,2.25,0.008164815978517629,0.007175760163201987,0.01951613838294506,0,21780.0,0.0
1,120,120,0,58.0,210.0,1.5,0.008142311824558652,0.007152820589082547,0.019763172238287812,0,21780.0,0.0
1,120,120,0,58.0,210.0,0.75,0.00812006232836238,0.0071054020796356004,0.019592345069977757,0,21780.0,0.0
1,120,120,0,54.0,270.0,0.0,0.00811303396091031,0.007119314669541004,0.01966475800119613,0,21780.0,0.0
1,120,120,0,54.0,270.0,0.75,0.008068715349186658,0.006759027726703334,0.019087945559831326,0,21780.0,0.0
1,120,120,0,56.0,210.0,2.25,0.007820540151898368,0.006878303216037171,0.018693492542753428,0,21780.0,0.0
1,120,120,0,56.0,210.0,0.0,0.007773175331022679,0.006639715147393588,0.01879267357901648,0,21780.0,0.0
1,120,120,0,56.0,210.0,1.5,0.007727885571883229,0.006659380947019909,0.018667014893633482,0,21780.0,0.0
1,120,120,0,52.0,270.0,2.25,0.007700211306527822,0.006876108739359982,0.0186759463621084,0,21780.0,0.0
1,120,120,0,52.0,270.0,1.5,0.00764960832295003,0.006673816043884119,0.01862053491649723,0,21780.0,0.0
1,120,120,0,56.0,210.0,0.75,0.007629385244099527,0.006490937960715627,0.018163967109382794,0,21780.0,0.0
1,120,120,0,52.0,270.0,0.0,0.007552677199009902,0.006583828047919259,0.018115824422318235,0,21780.0,0.0
1,120,120,0,52.0,270.0,0.75,0.007498912427586976,0.006407040875429714,0.01797800810160855,0,21780.0,0.0
1,120,120,0,54.0,210.0,0.75,0.007429034655758187,0.006458425640607262,0.0178134676361147,0,21780.0,0.0
1,120,120,0,54.0,210.0,1.5,0.007382199415622267,0.006069979381235387,0.017185610869017733,0,21780.0,0.0
1,120,120,0,54.0,210.0,0.0,0.007307906747605883,0.006408783248406625,0.017694861551577002,0,21780.0,0.0
1,120,120,0,50.0,270.0,2.25,0.007272372365497323,0.006301179353215108,0.017532320982405293,0,21780.0,0.0
1,120,120,0,54.0,210.0,2.25,0.007233240715200279,0.0061395331583941,0.017225206850829865,0,21780.0,0.0
1,120,120,0,50.0,270.0,1.5,0.007201088191741678,0.006300887490266265,0.017462189262454304,0,21780.0,0.0
1,120,120,0,50.0,270.0,0.0,0.007200175366941872,0.006255051335671501,0.017193249278848965,0,21780.0,0.0
1,120,120,0,50.0,270.0,0.75,0.007126749011839871,0.006278225311495417,0.01722022617047017,0,21780.0,0.0
1,120,120,0,52.0,210.0,0.75,0.006956729970913804,0.005910930469200914,0.016606925385838227,0,21780.0,0.0
1,120,120,0,52.0,210.0,0.0,0.006884199321510426,0.006181441519627918,0.01658657358549975,0,21780.0,0.0
1,120,120,0,52.0,210.0,1.5,0.0067843000998161224,0.005836342570696803,0.016092658446021504,0,21780.0,0.0
1,120,120,0,52.0,210.0,2.25,0.0067603577562648145,0.005860930210381572,0.016384439625489525,0,21780.0,0.0
1,120,120,0,50.0,210.0,0.75,0.006504833159091339,0.005650761712684964,0.015636013069319065,0,21780.0,0.0
1,120,120,0,50.0,210.0,0.0,0.006480494947680998,0.005679347322109078,0.015392242265667799,0,21780.0,0.0
1,120,120,0,50.0,210.0,2.25,0.0064576068561276595,0.005578269202629891,0.015636551654408127,0,21780.0,0.0
1,120,120,0,50.0,210.0,1.5,0.00633434196183134,0.0056270790167791745,0.015412862711256572,0,21780.0,0.0
1,120,120,0,58.0,255.0,0.75,0.00041999838496896874,0.0003461007202907567,0.0008650933660085522,0,21780.0,0.0
1,120,120,0,58.0,255.0,0.0,0.0003953433041219487,0.00032132099365682115,0.0008898730926424878,0,21780.0,0.0
1,120,120,0,58.0,255.0,1.5,0.0003953433041219487,0.00032132099365682115,0.0008404382851615322,0,21780.0,0.0
1,120,120,0,58.0,255.0,2.25,0.0003953433041219487,0.0002722030556125446,0.00076654062048332,0,21780.0,0.0
1,120,120,0,54.0,255.0,0.0,0.00037088044692469227,0.0002722030556125446,0.000766857489919999,0,21780.0,0.0
1,120,120,0,54.0,255.0,1.5,0.00037088044692469227,0.00019798852149765343,0.0006926429558051078,0,21780.0,0.0
1,120,120,0,54.0,255.0,2.25,0.00037088044692469227,0.0002722030556125446,0.0007420777632860634,0,21780.0,0.0
1,120,120,0,56.0,255.0,0.0,0.00037088044692469227,0.0002722030556125446,0.0008162922974009548,0,21780.0,0.0
1,120,120,0,56.0,255.0,1.5,0.00037088044692469227,0.0002718861861758655,0.00076654062048332,0,21780.0,0.0
1,120,120,0,56.0,255.0,2.25,0.00037088044692469227,0.0002722030556125446,0.0007420777632860634,0,21780.0,0.0
1,120,120,0,56.0,255.0,0.75,0.0003705635774880131,0.00032132099365682115,0.000766223751046641,0,21780.0,0.0
1,120,120,0,52.0,255.0,0.0,0.0003464175897274358,0.0002722030556125446,0.0006929598252417871,0,21780.0,0.0
1,120,120,0,52.0,255.0,2.25,0.0003464175897274358,0.0002722030556125446,0.0007176149060888071,0,21780.0,0.0
1,120,120,0,54.0,255.0,0.75,0.0003461007202907567,0.0002722030556125446,0.0006926429558051078,0,21780.0,0.0
1,120,120,0,50.0,255.0,0.0,0.0003217625088804158,0.0002722030556125446,0.0006435250177608316,0,21780.0,0.0
1,120,120,0,50.0,255.0,2.25,0.0003217625088804158,0.000222768248131589,0.0006435250177608316,0,21780.0,0.0
1,120,120,0,52.0,255.0,0.75,0.00029698278224648015,0.0002722030556125446,0.0006435250177608314,0,21780.0,0.0
1,120,120,0,50.0,255.0,0.75,0.0002722030556125446,0.0002475479747655246,0.0005940902102798759,0,21780.0,0.0
1,120,120,0,50.0,255.0,1.5,0.0002722030556125446,0.00019798852149765343,0.0005197510303780692,0,21780.0,0.0
1,120,120,0,52.0,255.0,1.5,0.0002722030556125446,0.00019798852149765343,0.0005693104836459403,0,21780.0,0.0
1,120,120,0,56.0,225.0,0.75,0.000222768248131589,0.00014855371401669784,0.00039610168878222244,0,21780.0,0.0
1,120,120,0,58.0,225.0,0.75,0.000222768248131589,0.00014855371401669784,0.00039610168878222244,0,21780.0,0.0
1,120,120,0,58.0,225.0,1.5,0.000222768248131589,0.00012377398738276229,0.00039610168878222244,0,21780.0,0.0
1,120,120,0,54.0,225.0,0.75,0.00019798852149765345,0.00012377398738276229,0.0003465422355143513,0,21780.0,0.0
1,120,120,0,56.0,225.0,0.0,0.00019798852149765345,0.00014855371401669784,0.00037132196214828686,0,21780.0,0.0
1,120,120,0,56.0,225.0,1.5,0.00019798852149765345,9.899426074882671e-05,0.0003465422355143513,0,21780.0,0.0
1,120,120,0,58.0,225.0,0.0,0.00019798852149765345,0.00014855371401669784,0.00037132196214828686,0,21780.0,0.0
1,120,120,0,58.0,225.0,2.25,0.00019798852149765345,0.00014842906822978234,0.0003711973163613713,0,21780.0,0.0
1,120,120,0,50.0,225.0,2.25,0.00017333344065063343,9.911890653574226e-05,0.0002972320738203112,0,21780.0,0.0
1,120,120,0,52.0,225.0,0.0,0.00017333344065063343,0.00014855371401669784,0.00034666688130126686,0,21780.0,0.0
1,120,120,0,52.0,225.0,0.75,0.00017333344065063343,9.911890653574226e-05,0.0002972320738203112,0,21780.0,0.0
1,120,120,0,52.0,225.0,2.25,0.00017333344065063343,9.911890653574226e-05,0.0002972320738203112,0,21780.0,0.0
1,120,120,0,54.0,225.0,0.0,0.00017333344065063343,0.00014855371401669784,0.00034666688130126686,0,21780.0,0.0
1,120,120,0,54.0,225.0,2.25,0.00017333344065063343,9.911890653574226e-05,0.0002972320738203112,0,21780.0,0.0
1,120,120,0,56.0,225.0,2.25,0.00017333344065063343,9.911890653574226e-05,0.0002972320738203112,0,21780.0,0.0
1,120,120,0,50.0,225.0,0.0,0.00014867835980361338,0.00012389863316967782,0.00029735671960722676,0,21780.0,0.0
1,120,120,0,50.0,225.0,0.75,0.00014855371401669784,7.433917990180669e-05,0.0002476726205524401,0,21780.0,0.0
1,120,120,0,50.0,225.0,1.5,0.00014855371401669784,7.433917990180669e-05,0.0002476726205524401,0,21780.0,0.0
1,120,120,0,52.0,225.0,1.5,0.00014855371401669784,7.433917990180669e-05,0.00027245234718637564,0,21780.0,0.0
1,120,120,0,54.0,225.0,1.5,0.00014855371401669784,7.433917990180669e-05,0.00027245234718637564,0,21780.0,0.0
1,120,120,0,50.0,240.0,0.0,0.0,0.0,0.0,0,21780.0,0.0
1,120,120,0,50.0,240.0,0.75,0.0,0.0,0.0,0,21780.0,0.0
1,120,120,0,50.0,240.0,1.5,0.0,0.0,0.0,0,21780.0,0.0
1,120,120,0,50.0,240.0,2.25,0.0,0.0,0.0,0,21780.0,0.0
1,120,120,0,52.0,240.0,0.0,0.0,0.0,0.0,0,21780.0,0.0
1,120,120,0,52.0,240.0,0.75,0.0,0.0,0.0,0,21780.0,0.0
1,120,120,0,52.0,240.0,1.5,0.0,0.0,0.0,0,21780.0,0.0
1,120,120,0,52.0,240.0,2.25,0.0,0.0,0.0,0,21780.0,0.0
1,120,120,0,54.0,240.0,0.0,0.0,0.0,0.0,0,21780.0,0.0
1,120,120,0,54.0,240.0,0.75,0.0,0.0,0.0,0,21780.0,0.0
1,120,120,0,54.0,240.0,1.5,0.0,0.0,0.0,0,21780.0,0.0
1,120,120,0,54.0,240.0,2.25,0.0,0.0,0.0,0,21780.0,0.0
1,120,120,0,56.0,240.0,0.0,0.0,0.0,0.0,0,21780.0,0.0
1,120,120,0,56.0,240.0,0.75,0.0,0.0,0.0,0,21780.0,0.0
1,120,120,0,56.0,240.0,1.5,0.0,0.0,0.0,0,21780.0,0.0
1,120,120,0,56.0,240.0,2.25,0.0,0.0,0.0,0,21780.0,0.0
1,120,120,0,58.0,240.0,0.0,0.0,0.0,0.0,0,21780.0,0.0
1,120,120,0,58.0,240.0,0.75,0.0,0.0,0.0,0,21780.0,0.0
1,120,120,0,58.0,240.0,1.5,0.0,0.0,0.0,0,21780.0,0.0
1,120,120,0,58.0,240.0,2.25,0.0,0.0,0.0,0,21780.0,0.0
