S,M,N,F,i,u0,C1,C2,c_min,max_gap_s,avg_mult
1300,130,10,22,50.0,0.0,0.992036,0.877062,0,300.0,2.5966
1300,130,10,22,50.0,9.0,0.992269,0.876963,0,300.0,2.5968
1300,130,10,22,50.0,18.0,0.991903,0.876815,0,300.0,2.5965
1300,130,10,22,50.0,27.0,0.992003,0.876931,0,300.0,2.5969
1300,130,10,22,50.0,0.0,0.992036,0.877062,0,300.0,2.5966
1300,130,10,22,50.0,9.0,0.992269,0.876963,0,300.0,2.5968
1300,130,10,22,50.0,18.0,0.991903,0.876815,0,300.0,2.5965
1300,130,10,22,50.0,27.0,0.992003,0.876931,0,300.0,2.5969
1300,130,10,22,51.0,0.0,0.988609,0.869422,0,300.0,2.5862
1300,130,10,22,51.0,9.0,0.988588,0.869154,0,300.0,2.5861
1300,130,10,22,51.0,18.0,0.988384,0.86893,0,300.0,2.5852
1300,130,10,22,51.0,27.0,0.988478,0.868775,0,300.0,2.5855
1300,65,20,16,51.0,0.0,0.988253,0.86172,0,1500.0,2.5863
1300,65,20,16,51.0,4.5,0.988227,0.861993,0,1500.0,2.5866
1300,65,20,16,51.0,9.0,0.988088,0.861636,0,1500.0,2.5854
1300,65,20,16,51.0,13.5,0.988185,0.861565,0,1500.0,2.5853
1300,130,10,22,51.0,0.0,0.988609,0.869422,0,300.0,2.5862
1300,130,10,22,51.0,9.0,0.988588,0.869154,0,300.0,2.5861
1300,130,10,22,51.0,18.0,0.988384,0.86893,0,300.0,2.5852
1300,130,10,22,51.0,27.0,0.988478,0.868775,0,300.0,2.5855
1300,100,13,33,51.0,0.0,0.991473,0.818048,0,300.0,2.5859
1300,100,13,33,51.0,6.923,0.9914,0.817779,0,300.0,2.5853
1300,100,13,33,51.0,13.846,0.9914,0.817601,0,300.0,2.5855
1300,100,13,33,51.0,20.769,0.991439,0.818153,0,300.0,2.586
1300,65,20,32,51.0,0.0,0.99021,0.802758,0,900.0,2.5856
1300,65,20,32,51.0,4.5,0.990188,0.80273,0,900.0,2.5858
1300,65,20,32,51.0,9.0,0.990103,0.802612,0,900.0,2.5858
1300,65,20,32,51.0,13.5,0.990052,0.802677,0,900.0,2.5854
1300,100,13,33,51.0,0.0,0.991473,0.818048,0,300.0,2.5859
1300,100,13,33,51.0,6.923,0.9914,0.817779,0,300.0,2.5853
1300,100,13,33,51.0,13.846,0.9914,0.817601,0,300.0,2.5855
1300,100,13,33,51.0,20.769,0.991439,0.818153,0,300.0,2.586
1300,65,20,32,51.0,0.0,0.99021,0.802758,0,900.0,2.5856
1300,65,20,32,51.0,4.5,0.990188,0.80273,0,900.0,2.5858
1300,65,20,32,51.0,9.0,0.990103,0.802612,0,900.0,2.5858
1300,65,20,32,51.0,13.5,0.990052,0.802677,0,900.0,2.5854
1300,65,20,16,51.0,0.0,0.988253,0.86172,0,1500.0,2.5863
1300,65,20,16,51.0,4.5,0.988227,0.861993,0,1500.0,2.5866
1300,65,20,16,51.0,9.0,0.988088,0.861636,0,1500.0,2.5854
1300,65,20,16,51.0,13.5,0.988185,0.861565,0,1500.0,2.5853
1300,100,13,33,50.0,0.0,0.99018,0.822529,0,300.0,2.5963
1300,100,13,33,50.0,6.923,0.990113,0.822972,0,300.0,2.597
1300,100,13,33,50.0,13.846,0.990137,0.822749,0,300.0,2.5968
1300,100,13,33,50.0,20.769,0.990039,0.823,0,300.0,2.5971
1300,65,20,16,50.0,0.0,0.988136,0.870542,0,1500.0,2.5968
1300,65,20,16,50.0,4.5,0.98816,0.870566,0,1500.0,2.5966
1300,65,20,16,50.0,9.0,0.988187,0.870357,0,1500.0,2.5969
1300,65,20,16,50.0,13.5,0.988166,0.870256,0,1500.0,2.5967
1300,52,25,13,50.0,0.0,0.973886,0.892265,0,600.0,2.5969
1300,52,25,13,50.0,3.6,0.973719,0.892335,0,600.0,2.5966
1300,52,25,13,50.0,7.2,0.973831,0.892024,0,600.0,2.5962
1300,52,25,13,50.0,10.8,0.973665,0.892317,0,600.0,2.5968
1300,52,25,9,50.0,0.0,0.992425,0.897803,0,600.0,2.5971
1300,52,25,9,50.0,3.6,0.992455,0.897674,0,600.0,2.5968
1300,52,25,9,50.0,7.2,0.992463,0.8978,0,600.0,2.5973
1300,52,25,9,50.0,10.8,0.992447,0.89787,0,600.0,2.5972
1300,52,25,13,50.0,0.0,0.973886,0.892265,0,600.0,2.5969
1300,52,25,13,50.0,3.6,0.973719,0.892335,0,600.0,2.5966
1300,52,25,13,50.0,7.2,0.973831,0.892024,0,600.0,2.5962
1300,52,25,13,50.0,10.8,0.973665,0.892317,0,600.0,2.5968
1300,52,25,9,50.0,0.0,0.992425,0.897803,0,600.0,2.5971
1300,52,25,9,50.0,3.6,0.992455,0.897674,0,600.0,2.5968
1300,52,25,9,50.0,7.2,0.992463,0.8978,0,600.0,2.5973
1300,52,25,9,50.0,10.8,0.992447,0.89787,0,600.0,2.5972
1300,52,25,13,51.0,0.0,0.972101,0.886196,0,600.0,2.5861
1300,52,25,13,51.0,3.6,0.971479,0.88676,0,600.0,2.5856
1300,52,25,13,51.0,7.2,0.971967,0.886293,0,600.0,2.586
1300,52,25,13,51.0,10.8,0.971492,0.887014,0,600.0,2.586
1300,52,25,13,51.0,0.0,0.972101,0.886196,0,600.0,2.5861
1300,52,25,13,51.0,3.6,0.971479,0.88676,0,600.0,2.5856
1300,52,25,13,51.0,7.2,0.971967,0.886293,0,600.0,2.586
1300,52,25,13,51.0,10.8,0.971492,0.887014,0,600.0,2.586
1300,50,26,8,50.0,0.0,0.989522,0.89447,0,300.0,2.5968
1300,50,26,8,50.0,3.462,0.989444,0.894358,0,300.0,2.5971
1300,50,26,8,50.0,6.923,0.989478,0.894447,0,300.0,2.5969
1300,50,26,8,50.0,10.385,0.989457,0.894522,0,300.0,2.5972
1300,50,26,8,50.0,0.0,0.989522,0.89447,0,300.0,2.5968
1300,50,26,8,50.0,3.462,0.989444,0.894358,0,300.0,2.5971
1300,50,26,8,50.0,6.923,0.989478,0.894447,0,300.0,2.5969
1300,50,26,8,50.0,10.385,0.989457,0.894522,0,300.0,2.5972
1300,52,25,9,51.0,0.0,0.992041,0.88502,0,600.0,2.5859
1300,52,25,9,51.0,3.6,0.992027,0.884975,0,600.0,2.5859
1300,52,25,9,51.0,7.2,0.991981,0.885056,0,600.0,2.5858
1300,52,25,9,51.0,10.8,0.992089,0.885122,0,600.0,2.5864
1300,50,26,12,50.0,0.0,0.970665,0.878534,0,600.0,2.5965
1300,50,26,12,50.0,3.462,0.97108,0.879027,0,600.0,2.5968
1300,50,26,12,50.0,6.923,0.970743,0.878579,0,600.0,2.5968
1300,50,26,12,50.0,10.385,0.971078,0.878957,0,600.0,2.5971
1300,52,25,9,51.0,0.0,0.992041,0.88502,0,600.0,2.5859
1300,52,25,9,51.0,3.6,0.992027,0.884975,0,600.0,2.5859
1300,52,25,9,51.0,7.2,0.991981,0.885056,0,600.0,2.5858
1300,52,25,9,51.0,10.8,0.992089,0.885122,0,600.0,2.5864
1300,50,26,8,51.0,0.0,0.98781,0.886647,0,600.0,2.5859
1300,50,26,8,51.0,3.462,0.987716,0.886559,0,600.0,2.5855
1300,50,26,8,51.0,6.923,0.987794,0.886409,0,600.0,2.5857
1300,50,26,8,51.0,10.385,0.987697,0.886551,0,600.0,2.5855
1320,120,11,80,50.0,0.0,0.99633,0.90699,0,300.0,2.6366
1320,120,11,80,50.0,8.182,0.996328,0.907007,0,300.0,2.6369
1320,120,11,80,50.0,16.364,0.996299,0.906574,0,300.0,2.6376
1320,120,11,80,50.0,24.545,0.996434,0.906408,0,300.0,2.6371
1320,120,11,80,50.0,0.0,0.99633,0.90699,0,300.0,2.6366
1320,120,11,80,50.0,8.182,0.996328,0.907007,0,300.0,2.6369
1320,120,11,80,50.0,16.364,0.996299,0.906574,0,300.0,2.6376
1320,120,11,80,50.0,24.545,0.996434,0.906408,0,300.0,2.6371
1320,120,11,40,50.0,0.0,0.995146,0.888857,0,600.0,2.6365
1320,120,11,40,50.0,8.182,0.994988,0.888406,0,600.0,2.637
1320,120,11,40,50.0,16.364,0.99495,0.888148,0,600.0,2.6376
1320,120,11,40,50.0,24.545,0.995088,0.88839,0,600.0,2.6372
1320,120,11,40,50.0,0.0,0.995146,0.888857,0,600.0,2.6365
1320,120,11,40,50.0,8.182,0.994988,0.888406,0,600.0,2.637
1320,120,11,40,50.0,16.364,0.99495,0.888148,0,600.0,2.6376
1320,120,11,40,50.0,24.545,0.995088,0.88839,0,600.0,2.6372
1320,55,24,18,51.0,0.0,0.9996,0.852671,0,300.0,2.625
1320,55,24,18,51.0,3.75,0.999557,0.851023,0,300.0,2.6241
1320,55,24,18,51.0,7.5,0.999501,0.853659,0,300.0,2.6265
1320,55,24,18,51.0,11.25,0.999457,0.853853,0,300.0,2.6267
1320,55,24,18,51.0,0.0,0.9996,0.852671,0,300.0,2.625
1320,55,24,18,51.0,3.75,0.999557,0.851023,0,300.0,2.6241
1320,55,24,18,51.0,7.5,0.999501,0.853659,0,300.0,2.6265
1320,55,24,18,51.0,11.25,0.999457,0.853853,0,300.0,2.6267
1320,120,11,40,51.0,0.0,0.993407,0.878002,0,600.0,2.6249
1320,120,11,40,51.0,8.182,0.993548,0.877532,0,600.0,2.6261
1320,120,11,40,51.0,16.364,0.993361,0.877855,0,600.0,2.626
1320,120,11,40,51.0,24.545,0.993346,0.878215,0,600.0,2.6252
1320,40,33,0,50.0,0.0,0.990881,0.885271,0,300.0,2.6365
1320,40,33,0,50.0,2.727,0.990973,0.885062,0,300.0,2.637
1320,40,33,0,50.0,5.455,0.990715,0.88528,0,300.0,2.6376
1320,40,33,0,50.0,8.182,0.990918,0.884852,0,300.0,2.6369
1320,40,33,0,51.0,0.0,0.99147,0.871056,0,300.0,2.6246
1320,40,33,0,51.0,2.727,0.991321,0.871087,0,300.0,2.6254
1320,40,33,0,51.0,5.455,0.991327,0.871276,0,300.0,2.626
1320,40,33,0,51.0,8.182,0.991469,0.870681,0,300.0,2.6257
1320,120,11,40,51.0,0.0,0.993407,0.878002,0,600.0,2.6249
1320,120,11,40,51.0,8.182,0.993548,0.877532,0,600.0,2.6261
1320,120,11,40,51.0,16.364,0.993361,0.877855,0,600.0,2.626
1320,120,11,40,51.0,24.545,0.993346,0.878215,0,600.0,2.6252
1320,40,33,0,51.0,0.0,0.99147,0.871056,0,300.0,2.6246
1320,40,33,0,51.0,2.727,0.991321,0.871087,0,300.0,2.6254
1320,40,33,0,51.0,5.455,0.991327,0.871276,0,300.0,2.626
1320,40,33,0,51.0,8.182,0.991469,0.870681,0,300.0,2.6257
1320,44,30,1,50.0,0.0,0.998706,0.870152,0,300.0,2.638
1320,44,30,1,50.0,3.0,0.998738,0.869768,0,300.0,2.6362
1320,44,30,1,50.0,6.0,0.998687,0.870009,0,300.0,2.6379
1320,44,30,1,50.0,9.0,0.998678,0.869639,0,300.0,2.6357
1320,220,6,183,51.0,0.0,0.986294,0.911239,0,900.0,2.6257
1320,220,6,183,51.0,15.0,0.986256,0.911209,0,900.0,2.6253
1320,220,6,183,51.0,30.0,0.986198,0.911311,0,900.0,2.6258
1320,220,6,183,51.0,45.0,0.986265,0.911173,0,900.0,2.6255
1320,220,6,183,51.0,0.0,0.986294,0.911239,0,900.0,2.6257
1320,220,6,183,51.0,15.0,0.986256,0.911209,0,900.0,2.6253
1320,220,6,183,51.0,30.0,0.986198,0.911311,0,900.0,2.6258
1320,220,6,183,51.0,45.0,0.986265,0.911173,0,900.0,2.6255
1320,220,6,183,50.0,0.0,0.990448,0.917142,0,900.0,2.637
1320,220,6,183,50.0,15.0,0.990423,0.91718,0,900.0,2.6369
1320,220,6,183,50.0,30.0,0.990438,0.917015,0,900.0,2.637
1320,220,6,183,50.0,45.0,0.990395,0.917055,0,900.0,2.6367
1320,220,6,183,50.0,0.0,0.990448,0.917142,0,900.0,2.637
1320,220,6,183,50.0,15.0,0.990423,0.91718,0,900.0,2.6369
1320,220,6,183,50.0,30.0,0.990438,0.917015,0,900.0,2.637
1320,220,6,183,50.0,45.0,0.990395,0.917055,0,900.0,2.6367
1320,88,15,22,50.0,0.0,0.995045,0.911951,0,300.0,2.6367
1320,88,15,22,50.0,6.0,0.994973,0.912036,0,300.0,2.6367
1320,88,15,22,50.0,12.0,0.994898,0.912028,0,300.0,2.6369
1320,88,15,22,50.0,18.0,0.994973,0.912056,0,300.0,2.637
1320,88,15,22,50.0,0.0,0.995045,0.911951,0,300.0,2.6367
1320,88,15,22,50.0,6.0,0.994973,0.912036,0,300.0,2.6367
1320,88,15,22,50.0,12.0,0.994898,0.912028,0,300.0,2.6369
1320,88,15,22,50.0,18.0,0.994973,0.912056,0,300.0,2.637
1320,33,40,22,50.0,0.0,0.995531,0.911898,0,600.0,2.637
1320,33,40,22,50.0,2.25,0.99552,0.911469,0,600.0,2.6368
1320,33,40,22,50.0,4.5,0.99553,0.911225,0,600.0,2.6363
1320,33,40,22,50.0,6.75,0.995505,0.911639,0,600.0,2.6369
1320,88,15,22,51.0,0.0,0.994912,0.905472,0,600.0,2.6258
1320,88,15,22,51.0,6.0,0.994834,0.905751,0,300.0,2.626
1320,88,15,22,51.0,12.0,0.99481,0.905694,0,300.0,2.6256
1320,88,15,22,51.0,18.0,0.994863,0.905409,0,300.0,2.6253
1320,88,15,22,51.0,0.0,0.994912,0.905472,0,600.0,2.6258
1320,88,15,22,51.0,6.0,0.994834,0.905751,0,300.0,2.626
1320,88,15,22,51.0,12.0,0.99481,0.905694,0,300.0,2.6256
1320,88,15,22,51.0,18.0,0.994863,0.905409,0,300.0,2.6253
1320,33,40,22,50.0,0.0,0.995531,0.911898,0,600.0,2.637
1320,33,40,22,50.0,2.25,0.99552,0.911469,0,600.0,2.6368
1320,33,40,22,50.0,4.5,0.99553,0.911225,0,600.0,2.6363
1320,33,40,22,50.0,6.75,0.995505,0.911639,0,600.0,2.6369
1320,33,40,28,50.0,0.0,0.994968,0.903232,0,600.0,2.6373
1320,33,40,28,50.0,2.25,0.994899,0.902955,0,600.0,2.6364
1320,33,40,28,50.0,4.5,0.994886,0.903281,0,600.0,2.6362
1320,33,40,28,50.0,6.75,0.994924,0.902852,0,600.0,2.6371
1320,33,40,22,51.0,0.0,0.994119,0.903218,0,600.0,2.6261
1320,33,40,22,51.0,2.25,0.994039,0.903387,0,600.0,2.6259
1320,33,40,22,51.0,4.5,0.993952,0.903002,0,600.0,2.6253
1320,33,40,22,51.0,6.75,0.994038,0.902687,0,600.0,2.6252
1320,55,24,17,50.75,0.0,0.969611,0.881948,0,600.0,2.6285
1320,55,24,17,50.75,3.75,0.96946,0.881995,0,600.0,2.6282
1320,55,24,17,50.75,7.5,0.96944,0.881734,0,600.0,2.6282
1320,55,24,17,50.75,11.25,0.969702,0.881859,0,600.0,2.6285
1320,55,24,17,51.25,0.0,0.965893,0.881487,0,600.0,2.623
1320,55,24,17,51.25,3.75,0.965729,0.881596,0,900.0,2.623
1320,55,24,17,51.25,7.5,0.965869,0.881404,0,900.0,2.623
1320,55,24,17,51.25,11.25,0.965931,0.881368,0,900.0,2.6228
1320,55,24,18,50.75,0.0,0.999347,0.855527,0,300.0,2.6292
1320,55,24,18,50.75,3.75,0.999308,0.854626,0,300.0,2.6286
1320,55,24,18,50.75,7.5,0.999281,0.854946,0,300.0,2.6276
1320,55,24,18,50.75,11.25,0.999253,0.8559,0,300.0,2.6282
1320,55,24,18,51.25,0.0,0.999705,0.84974,0,300.0,2.623
1320,55,24,18,51.25,3.75,0.999774,0.849268,0,300.0,2.6236
1320,55,24,18,51.25,7.5,0.999679,0.850741,0,300.0,2.6231
1320,55,24,18,51.25,11.25,0.999653,0.850721,0,300.0,2.6229
1320,55,24,19,50.75,0.0,0.954094,0.858192,0,600.0,2.6284
1320,55,24,19,50.75,3.75,0.954341,0.858242,0,600.0,2.6292
1320,55,24,19,50.75,7.5,0.954238,0.858026,0,600.0,2.6288
1320,55,24,19,50.75,11.25,0.953942,0.858154,0,600.0,2.6279
1320,55,24,19,51.25,0.0,0.956194,0.852178,0,600.0,2.6235
1320,55,24,19,51.25,3.75,0.956294,0.852331,0,600.0,2.6238
1320,55,24,19,51.25,7.5,0.955995,0.852253,0,600.0,2.6232
1320,55,24,19,51.25,11.25,0.955844,0.85223,0,600.0,2.6226
1340,134,10,22,50.0,0.0,0.9941,0.893253,0,300.0,2.6758
1340,134,10,22,50.0,9.0,0.994164,0.89381,0,300.0,2.6767
1340,134,10,22,50.0,18.0,0.994041,0.893358,0,300.0,2.6765
1340,134,10,22,50.0,27.0,0.994027,0.893707,0,300.0,2.6764
1340,134,10,22,50.0,0.0,0.9941,0.893253,0,300.0,2.6758
1340,134,10,22,50.0,9.0,0.994164,0.89381,0,300.0,2.6767
1340,134,10,22,50.0,18.0,0.994041,0.893358,0,300.0,2.6765
1340,134,10,22,50.0,27.0,0.994027,0.893707,0,300.0,2.6764
1340,134,10,45,50.0,0.0,0.995375,0.895077,0,300.0,2.6758
1340,134,10,45,50.0,9.0,0.995722,0.895323,0,300.0,2.6751
1340,134,10,45,50.0,18.0,0.994607,0.895235,0,300.0,2.678
1340,134,10,45,50.0,27.0,0.99426,0.895097,0,300.0,2.678
1340,134,10,45,50.0,0.0,0.995375,0.895077,0,300.0,2.6758
1340,134,10,45,50.0,9.0,0.995722,0.895323,0,300.0,2.6751
1340,134,10,45,50.0,18.0,0.994607,0.895235,0,300.0,2.678
1340,134,10,45,50.0,27.0,0.99426,0.895097,0,300.0,2.678
1340,67,20,34,51.0,0.0,0.992046,0.81538,0,600.0,2.6655
1340,67,20,34,51.0,4.5,0.991955,0.814891,0,600.0,2.6652
1340,67,20,34,51.0,9.0,0.991865,0.814881,0,600.0,2.6654
1340,67,20,34,51.0,13.5,0.991926,0.814945,0,600.0,2.6651
1340,67,20,16,51.0,0.0,0.98997,0.87839,0,1500.0,2.6652
1340,67,20,16,51.0,4.5,0.990022,0.878507,0,1500.0,2.6655
1340,67,20,16,51.0,9.0,0.990066,0.87886,0,1500.0,2.6656
1340,67,20,16,51.0,13.5,0.990012,0.878369,0,1500.0,2.665
1340,67,20,16,51.0,0.0,0.98997,0.87839,0,1500.0,2.6652
1340,67,20,16,51.0,4.5,0.990022,0.878507,0,1500.0,2.6655
1340,67,20,16,51.0,9.0,0.990066,0.87886,0,1500.0,2.6656
1340,67,20,16,51.0,13.5,0.990012,0.878369,0,1500.0,2.665
1340,67,20,34,51.0,0.0,0.992046,0.81538,0,600.0,2.6655
1340,67,20,34,51.0,4.5,0.991955,0.814891,0,600.0,2.6652
1340,67,20,34,51.0,9.0,0.991865,0.814881,0,600.0,2.6654
1340,67,20,34,51.0,13.5,0.991926,0.814945,0,600.0,2.6651
1340,67,20,16,50.0,0.0,0.991695,0.88375,0,1500.0,2.6766
1340,67,20,16,50.0,4.5,0.991741,0.884016,0,1500.0,2.6769
1340,67,20,16,50.0,9.0,0.991797,0.884186,0,1500.0,2.677
1340,67,20,16,50.0,13.5,0.991706,0.884012,0,1500.0,2.6769
1340,134,10,22,51.0,0.0,0.991364,0.882514,0,300.0,2.6654
1340,134,10,22,51.0,9.0,0.991379,0.882591,0,600.0,2.6655
1340,134,10,22,51.0,18.0,0.991024,0.882358,0,300.0,2.665
1340,134,10,22,51.0,27.0,0.990975,0.882502,0,600.0,2.6644
1340,67,20,16,50.0,0.0,0.991695,0.88375,0,1500.0,2.6766
1340,67,20,16,50.0,4.5,0.991741,0.884016,0,1500.0,2.6769
1340,67,20,16,50.0,9.0,0.991797,0.884186,0,1500.0,2.677
1340,67,20,16,50.0,13.5,0.991706,0.884012,0,1500.0,2.6769
1340,134,10,22,51.0,0.0,0.991364,0.882514,0,300.0,2.6654
1340,134,10,22,51.0,9.0,0.991379,0.882591,0,600.0,2.6655
1340,134,10,22,51.0,18.0,0.991024,0.882358,0,300.0,2.665
1340,134,10,22,51.0,27.0,0.990975,0.882502,0,600.0,2.6644
1340,134,10,45,51.0,0.0,0.991162,0.88574,0,300.0,2.665
1340,134,10,45,51.0,9.0,0.990949,0.886628,0,300.0,2.664
1340,134,10,45,51.0,18.0,0.991441,0.884374,0,300.0,2.666
1340,134,10,45,51.0,27.0,0.991454,0.883699,0,300.0,2.6666
1340,134,10,45,51.0,0.0,0.991162,0.88574,0,300.0,2.665
1340,134,10,45,51.0,9.0,0.990949,0.886628,0,300.0,2.664
1340,134,10,45,51.0,18.0,0.991441,0.884374,0,300.0,2.666
1340,134,10,45,51.0,27.0,0.991454,0.883699,0,300.0,2.6666
1340,67,20,11,50.0,0.0,0.988003,0.875455,0,1200.0,2.6775
1340,67,20,11,50.0,4.5,0.988004,0.875657,0,1200.0,2.6774
1340,67,20,11,50.0,9.0,0.987977,0.875493,0,1200.0,2.6773
1340,67,20,11,50.0,13.5,0.988179,0.875695,0,1200.0,2.6777
1340,67,20,11,50.0,0.0,0.988003,0.875455,0,1200.0,2.6775
1340,67,20,11,50.0,4.5,0.988004,0.875657,0,1200.0,2.6774
1340,67,20,11,50.0,9.0,0.987977,0.875493,0,1200.0,2.6773
1340,67,20,11,50.0,13.5,0.988179,0.875695,0,1200.0,2.6777
1360,34,40,28,50.0,0.0,0.999336,0.924041,0,300.0,2.7166
1360,34,40,28,50.0,2.25,0.999321,0.923874,0,300.0,2.7162
1360,34,40,28,50.0,4.5,0.999364,0.923827,0,300.0,2.7166
1360,34,40,28,50.0,6.75,0.999388,0.924295,0,300.0,2.7172
1360,40,34,39,51.0,0.0,0.993374,0.891749,0,300.0,2.7054
1360,40,34,39,51.0,2.647,0.993364,0.891751,0,300.0,2.7053
1360,40,34,39,51.0,5.294,0.993403,0.891697,0,300.0,2.7054
1360,40,34,39,51.0,7.941,0.993311,0.891897,0,300.0,2.7059
1360,40,34,39,50.0,0.0,0.992933,0.904115,0,300.0,2.7168
1360,40,34,39,50.0,2.647,0.992985,0.903878,0,300.0,2.7167
1360,40,34,39,50.0,5.294,0.993023,0.904024,0,300.0,2.7168
1360,40,34,39,50.0,7.941,0.992971,0.90443,0,300.0,2.7166
1360,34,40,28,50.0,0.0,0.999336,0.924041,0,300.0,2.7166
1360,34,40,28,50.0,2.25,0.999321,0.923874,0,300.0,2.7162
1360,34,40,28,50.0,4.5,0.999364,0.923827,0,300.0,2.7166
1360,34,40,28,50.0,6.75,0.999388,0.924295,0,300.0,2.7172
1360,40,34,39,51.0,0.0,0.993374,0.891749,0,300.0,2.7054
1360,40,34,39,51.0,2.647,0.993364,0.891751,0,300.0,2.7053
1360,40,34,39,51.0,5.294,0.993403,0.891697,0,300.0,2.7054
1360,40,34,39,51.0,7.941,0.993311,0.891897,0,300.0,2.7059
1360,34,40,28,51.0,0.0,0.99883,0.919283,0,600.0,2.7052
1360,34,40,28,51.0,2.25,0.998843,0.919324,0,600.0,2.7052
1360,34,40,28,51.0,4.5,0.998844,0.918942,0,600.0,2.7047
1360,34,40,28,51.0,6.75,0.998821,0.919197,0,600.0,2.7052
1360,40,34,39,50.0,0.0,0.992933,0.904115,0,300.0,2.7168
1360,40,34,39,50.0,2.647,0.992985,0.903878,0,300.0,2.7167
1360,40,34,39,50.0,5.294,0.993023,0.904024,0,300.0,2.7168
1360,40,34,39,50.0,7.941,0.992971,0.90443,0,300.0,2.7166
1360,34,40,23,50.0,0.0,0.996132,0.931568,0,600.0,2.7175
1360,34,40,23,50.0,2.25,0.99617,0.931383,0,600.0,2.7168
1360,34,40,23,50.0,4.5,0.996168,0.931518,0,600.0,2.7173
1360,34,40,23,50.0,6.75,0.996173,0.9316,0,600.0,2.7179
1360,34,40,28,51.0,0.0,0.99883,0.919283,0,600.0,2.7052
1360,34,40,28,51.0,2.25,0.998843,0.919324,0,600.0,2.7052
1360,34,40,28,51.0,4.5,0.998844,0.918942,0,600.0,2.7047
1360,34,40,28,51.0,6.75,0.998821,0.919197,0,600.0,2.7052
1360,34,40,23,51.0,0.0,0.995569,0.918937,0,600.0,2.7049
1360,34,40,23,51.0,2.25,0.995549,0.918908,0,600.0,2.7047
1360,34,40,23,51.0,4.5,0.995548,0.919226,0,600.0,2.7051
1360,34,40,23,51.0,6.75,0.995621,0.919137,0,600.0,2.7053
1360,40,34,1,50.0,0.0,0.994339,0.891191,0,300.0,2.7169
1360,40,34,1,50.0,2.647,0.994363,0.890942,0,300.0,2.7163
1360,40,34,1,50.0,5.294,0.994312,0.8911,0,300.0,2.7163
1360,40,34,1,50.0,7.941,0.994295,0.89153,0,300.0,2.7168
1360,34,40,23,50.0,0.0,0.996132,0.931568,0,600.0,2.7175
1360,34,40,23,50.0,2.25,0.99617,0.931383,0,600.0,2.7168
1360,34,40,23,50.0,4.5,0.996168,0.931518,0,600.0,2.7173
1360,34,40,23,50.0,6.75,0.996173,0.9316,0,600.0,2.7179
1360,80,17,40,50.0,0.0,0.992302,0.924439,0,600.0,2.7174
1360,80,17,40,50.0,5.294,0.992273,0.924149,0,900.0,2.7166
1360,80,17,40,50.0,10.588,0.99248,0.924114,0,600.0,2.7159
1360,80,17,40,50.0,15.882,0.992449,0.924544,0,600.0,2.7167
1360,85,16,21,50.0,0.0,0.995443,0.928858,0,300.0,2.7165
1360,85,16,21,50.0,5.625,0.995535,0.92872,0,300.0,2.717
1360,85,16,21,50.0,11.25,0.995501,0.928657,0,300.0,2.7165
1360,85,16,21,50.0,16.875,0.995547,0.92859,0,300.0,2.7168
1360,80,17,40,50.0,0.0,0.992302,0.924439,0,600.0,2.7174
1360,80,17,40,50.0,5.294,0.992273,0.924149,0,900.0,2.7166
1360,80,17,40,50.0,10.588,0.99248,0.924114,0,600.0,2.7159
1360,80,17,40,50.0,15.882,0.992449,0.924544,0,600.0,2.7167
1360,85,16,21,50.0,0.0,0.995443,0.928858,0,300.0,2.7165
1360,85,16,21,50.0,5.625,0.995535,0.92872,0,300.0,2.717
1360,85,16,21,50.0,11.25,0.995501,0.928657,0,300.0,2.7165
1360,85,16,21,50.0,16.875,0.995547,0.92859,0,300.0,2.7168
1360,85,16,21,51.0,0.0,0.994378,0.921316,0,300.0,2.7052
1360,85,16,21,51.0,5.625,0.994387,0.921372,0,300.0,2.7051
1360,85,16,21,51.0,11.25,0.994238,0.921347,0,300.0,2.7051
1360,85,16,21,51.0,16.875,0.994382,0.921365,0,300.0,2.7052
1360,85,16,21,51.0,0.0,0.994378,0.921316,0,300.0,2.7052
1360,85,16,21,51.0,5.625,0.994387,0.921372,0,300.0,2.7051
1360,85,16,21,51.0,11.25,0.994238,0.921347,0,300.0,2.7051
1360,85,16,21,51.0,16.875,0.994382,0.921365,0,300.0,2.7052
1360,80,17,40,51.0,0.0,0.99268,0.913048,0,600.0,2.7054
1360,80,17,40,51.0,5.294,0.992805,0.913254,0,900.0,2.7061
1360,80,17,40,51.0,10.588,0.992958,0.912657,0,600.0,2.7052
1360,80,17,40,51.0,15.882,0.992798,0.912163,0,600.0,2.7053
1360,80,17,40,51.0,0.0,0.99268,0.913048,0,600.0,2.7054
1360,80,17,40,51.0,5.294,0.992805,0.913254,0,900.0,2.7061
1360,80,17,40,51.0,10.588,0.992958,0.912657,0,600.0,2.7052
1360,80,17,40,51.0,15.882,0.992798,0.912163,0,600.0,2.7053
1360,34,40,27,49.75,0.0,0.996406,0.929575,0,600.0,2.7119
1360,34,40,27,49.75,2.25,0.996301,0.929866,0,600.0,2.7123
1360,34,40,27,49.75,4.5,0.99629,0.929506,0,600.0,2.712
1360,34,40,27,49.75,6.75,0.9963,0.929089,0,600.0,2.7116
1360,34,40,27,50.25,0.0,0.996132,0.931553,0,600.0,2.7187
1360,34,40,27,50.25,2.25,0.996031,0.931662,0,600.0,2.7186
1360,34,40,27,50.25,4.5,0.996011,0.931918,0,600.0,2.7189
1360,34,40,27,50.25,6.75,0.996041,0.931652,0,600.0,2.7191
1360,34,40,28,49.75,0.0,0.99938,0.922314,0,300.0,2.7118
1360,34,40,28,49.75,2.25,0.999337,0.921951,0,300.0,2.7109
1360,34,40,28,49.75,4.5,0.999333,0.922561,0,300.0,2.7122
1360,34,40,28,49.75,6.75,0.999347,0.922631,0,300.0,2.7126
1360,34,40,28,50.25,0.0,0.999277,0.924355,0,300.0,2.7185
1360,34,40,28,50.25,2.25,0.999244,0.92405,0,300.0,2.7184
1360,34,40,28,50.25,4.5,0.999296,0.924388,0,300.0,2.7191
1360,34,40,28,50.25,6.75,0.999296,0.924395,0,300.0,2.7191
1360,34,40,29,49.75,0.0,0.997575,0.91923,0,600.0,2.7116
1360,34,40,29,49.75,2.25,0.997664,0.919333,0,600.0,2.7119
1360,34,40,29,49.75,4.5,0.997552,0.919576,0,600.0,2.712
1360,34,40,29,49.75,6.75,0.997562,0.9195,0,600.0,2.7118
1360,34,40,29,50.25,0.0,0.99697,0.922736,0,600.0,2.7185
1360,34,40,29,50.25,2.25,0.99698,0.922841,0,600.0,2.7191
1360,34,40,29,50.25,4.5,0.996984,0.923189,0,600.0,2.7195
1360,34,40,29,50.25,6.75,0.996976,0.922901,0,600.0,2.7188
1380,46,30,1,50.0,0.0,0.999808,0.889054,0,300.0,2.7567
1380,46,30,1,50.0,3.0,0.999808,0.889194,0,300.0,2.7566
1380,46,30,1,50.0,6.0,0.999813,0.889275,0,300.0,2.757
1380,46,30,1,50.0,9.0,0.999827,0.889167,0,300.0,2.7563
1380,46,30,1,50.0,0.0,0.999808,0.889054,0,300.0,2.7567
1380,46,30,1,50.0,3.0,0.999808,0.889194,0,300.0,2.7566
1380,46,30,1,50.0,6.0,0.999813,0.889275,0,300.0,2.757
1380,46,30,1,50.0,9.0,0.999827,0.889167,0,300.0,2.7563
1380,115,12,38,51.0,0.0,0.998179,0.889334,0,600.0,2.7451
1380,115,12,38,51.0,7.5,0.998229,0.889048,0,600.0,2.7465
1380,115,12,38,51.0,15.0,0.998196,0.889094,0,600.0,2.7449
1380,115,12,38,51.0,22.5,0.998262,0.889381,0,600.0,2.743
1380,115,12,38,51.0,0.0,0.998179,0.889334,0,600.0,2.7451
1380,115,12,38,51.0,7.5,0.998229,0.889048,0,600.0,2.7465
1380,115,12,38,51.0,15.0,0.998196,0.889094,0,600.0,2.7449
1380,115,12,38,51.0,22.5,0.998262,0.889381,0,600.0,2.743
1380,115,12,38,50.0,0.0,0.997941,0.896495,0,600.0,2.7565
1380,115,12,38,50.0,7.5,0.997936,0.896509,0,600.0,2.7577
1380,115,12,38,50.0,15.0,0.997885,0.896456,0,600.0,2.7565
1380,115,12,38,50.0,22.5,0.997918,0.896456,0,600.0,2.7549
1380,46,30,1,51.0,0.0,0.999117,0.876108,0,300.0,2.7449
1380,46,30,1,51.0,3.0,0.999114,0.876316,0,300.0,2.7447
1380,46,30,1,51.0,6.0,0.999108,0.876423,0,300.0,2.7453
1380,46,30,1,51.0,9.0,0.999141,0.876403,0,300.0,2.7451
1380,115,12,38,50.0,0.0,0.997941,0.896495,0,600.0,2.7565
1380,115,12,38,50.0,7.5,0.997936,0.896509,0,600.0,2.7577
1380,115,12,38,50.0,15.0,0.997885,0.896456,0,600.0,2.7565
1380,115,12,38,50.0,22.5,0.997918,0.896456,0,600.0,2.7549
1380,115,12,77,51.0,0.0,0.997217,0.920841,0,300.0,2.7445
1380,115,12,77,51.0,7.5,0.997273,0.921018,0,300.0,2.7448
1380,115,12,77,51.0,15.0,0.997165,0.921407,0,300.0,2.745
1380,115,12,77,51.0,22.5,0.997218,0.921478,0,300.0,2.7454
1380,46,30,1,51.0,0.0,0.999117,0.876108,0,300.0,2.7449
1380,46,30,1,51.0,3.0,0.999114,0.876316,0,300.0,2.7447
1380,46,30,1,51.0,6.0,0.999108,0.876423,0,300.0,2.7453
1380,46,30,1,51.0,9.0,0.999141,0.876403,0,300.0,2.7451
1380,92,15,23,51.0,0.0,0.99613,0.933369,0,300.0,2.744
1380,92,15,23,51.0,6.0,0.996243,0.934046,0,300.0,2.7451
1380,92,15,23,51.0,12.0,0.996206,0.934003,0,300.0,2.7451
1380,92,15,23,51.0,18.0,0.995831,0.933048,0,300.0,2.7435
1380,92,15,23,51.0,0.0,0.99613,0.933369,0,300.0,2.744
1380,92,15,23,51.0,6.0,0.996243,0.934046,0,300.0,2.7451
1380,92,15,23,51.0,12.0,0.996206,0.934003,0,300.0,2.7451
1380,92,15,23,51.0,18.0,0.995831,0.933048,0,300.0,2.7435
1380,115,12,77,51.0,0.0,0.997217,0.920841,0,300.0,2.7445
1380,115,12,77,51.0,7.5,0.997273,0.921018,0,300.0,2.7448
1380,115,12,77,51.0,15.0,0.997165,0.921407,0,300.0,2.745
1380,115,12,77,51.0,22.5,0.997218,0.921478,0,300.0,2.7454
1380,60,23,15,50.0,0.0,0.995801,0.938268,0,300.0,2.7568
1380,60,23,15,50.0,3.913,0.995831,0.938228,0,300.0,2.7567
1380,60,23,15,50.0,7.826,0.995814,0.938266,0,300.0,2.757
1380,60,23,15,50.0,11.739,0.995824,0.938382,0,300.0,2.757
1380,60,23,15,50.0,0.0,0.995801,0.938268,0,300.0,2.7568
1380,60,23,15,50.0,3.913,0.995831,0.938228,0,300.0,2.7567
1380,60,23,15,50.0,7.826,0.995814,0.938266,0,300.0,2.757
1380,60,23,15,50.0,11.739,0.995824,0.938382,0,300.0,2.757
1380,60,23,15,51.0,0.0,0.997496,0.933555,0,300.0,2.7446
1380,60,23,15,51.0,3.913,0.997569,0.93354,0,300.0,2.7446
1380,60,23,15,51.0,7.826,0.997496,0.933584,0,300.0,2.7445
1380,60,23,15,51.0,11.739,0.997545,0.933597,0,300.0,2.7448
1380,60,23,15,51.0,0.0,0.997496,0.933555,0,300.0,2.7446
1380,60,23,15,51.0,3.913,0.997569,0.93354,0,300.0,2.7446
1380,60,23,15,51.0,7.826,0.997496,0.933584,0,300.0,2.7445
1380,60,23,15,51.0,11.739,0.997545,0.933597,0,300.0,2.7448
1380,92,15,23,50.0,0.0,0.99567,0.937944,0,300.0,2.7567
1380,92,15,23,50.0,6.0,0.995749,0.938394,0,300.0,2.7573
1380,92,15,23,50.0,12.0,0.995706,0.938256,0,300.0,2.7574
1380,92,15,23,50.0,18.0,0.995753,0.937482,0,300.0,2.7562
1380,92,15,23,50.0,0.0,0.99567,0.937944,0,300.0,2.7567
1380,92,15,23,50.0,6.0,0.995749,0.938394,0,300.0,2.7573
1380,92,15,23,50.0,12.0,0.995706,0.938256,0,300.0,2.7574
1380,92,15,23,50.0,18.0,0.995753,0.937482,0,300.0,2.7562
1380,115,12,77,50.0,0.0,0.996711,0.931767,0,300.0,2.7566
1380,115,12,77,50.0,7.5,0.996679,0.931907,0,300.0,2.7563
1380,115,12,77,50.0,15.0,0.996546,0.932119,0,300.0,2.7566
1380,115,12,77,50.0,22.5,0.996413,0.931875,0,300.0,2.7566
1380,230,6,192,50.0,0.0,0.994724,0.93061,0,300.0,2.7572
1380,230,6,192,50.0,15.0,0.994614,0.930484,0,300.0,2.7566
1380,230,6,192,50.0,30.0,0.994661,0.93051,0,300.0,2.7566
1380,230,6,192,50.0,45.0,0.994639,0.930445,0,300.0,2.7569
1380,230,6,192,50.0,0.0,0.994724,0.93061,0,300.0,2.7572
1380,230,6,192,50.0,15.0,0.994614,0.930484,0,300.0,2.7566
1380,230,6,192,50.0,30.0,0.994661,0.93051,0,300.0,2.7566
1380,230,6,192,50.0,45.0,0.994639,0.930445,0,300.0,2.7569
1380,115,12,77,50.0,0.0,0.996711,0.931767,0,300.0,2.7566
1380,115,12,77,50.0,7.5,0.996679,0.931907,0,300.0,2.7563
1380,115,12,77,50.0,15.0,0.996546,0.932119,0,300.0,2.7566
1380,115,12,77,50.0,22.5,0.996413,0.931875,0,300.0,2.7566
1380,46,30,0,49.75,0.0,0.987036,0.905263,0,300.0,2.7523
1380,46,30,0,49.75,3.0,0.987322,0.905049,0,300.0,2.7522
1380,46,30,0,49.75,6.0,0.987044,0.905253,0,300.0,2.7519
1380,46,30,0,49.75,9.0,0.986845,0.905373,0,300.0,2.7516
1380,46,30,0,50.25,0.0,0.98507,0.907798,0,300.0,2.7582
1380,46,30,0,50.25,3.0,0.98524,0.907865,0,300.0,2.7578
1380,46,30,0,50.25,6.0,0.985022,0.907759,0,300.0,2.7586
1380,46,30,0,50.25,9.0,0.984986,0.907487,0,300.0,2.7591
1380,46,30,1,49.75,0.0,0.999429,0.887808,0,300.0,2.7517
1380,46,30,1,49.75,3.0,0.999389,0.887951,0,300.0,2.7517
1380,46,30,1,49.75,6.0,0.999451,0.88789,0,300.0,2.7521
1380,46,30,1,49.75,9.0,0.999385,0.888001,0,300.0,2.7516
1380,46,30,1,50.25,0.0,0.999912,0.88717,0,300.0,2.7593
1380,46,30,1,50.25,3.0,0.999917,0.887208,0,300.0,2.7584
1380,46,30,1,50.25,6.0,0.999898,0.887113,0,300.0,2.7589
1380,46,30,1,50.25,9.0,0.999898,0.887306,0,300.0,2.759
1380,46,30,2,49.75,0.0,0.989468,0.913305,0,300.0,2.7528
1380,46,30,2,49.75,3.0,0.989323,0.913297,0,300.0,2.7511
1380,46,30,2,49.75,6.0,0.98948,0.913229,0,300.0,2.7536
1380,46,30,2,49.75,9.0,0.989371,0.913356,0,300.0,2.7506
1380,46,30,2,50.25,0.0,0.988099,0.912542,0,300.0,2.76
1380,46,30,2,50.25,3.0,0.987979,0.912431,0,300.0,2.758
1380,46,30,2,50.25,6.0,0.988035,0.912353,0,300.0,2.7599
1380,46,30,2,50.25,9.0,0.987812,0.912515,0,300.0,2.7574
1400,56,25,14,51.0,0.0,0.998818,0.931224,0,300.0,2.7818
1400,56,25,14,51.0,3.6,0.998846,0.930846,0,300.0,2.7822
1400,56,25,14,51.0,7.2,0.998824,0.931036,0,300.0,2.7884
1400,56,25,14,51.0,10.8,0.998901,0.931147,0,300.0,2.7868
1400,35,40,29,50.0,0.0,0.998992,0.943955,0,600.0,2.7968
1400,35,40,29,50.0,2.25,0.999016,0.944068,0,600.0,2.7964
1400,35,40,29,50.0,4.5,0.999069,0.944013,0,600.0,2.7961
1400,35,40,29,50.0,6.75,0.999109,0.94384,0,600.0,2.797
1400,40,35,0,51.0,0.0,0.994042,0.907447,0,300.0,2.7841
1400,40,35,0,51.0,2.571,0.993994,0.90764,0,300.0,2.7848
1400,40,35,0,51.0,5.143,0.994135,0.907438,0,300.0,2.785
1400,40,35,0,51.0,7.714,0.994076,0.907633,0,300.0,2.7853
1400,35,40,29,50.0,0.0,0.998992,0.943955,0,600.0,2.7968
1400,35,40,29,50.0,2.25,0.999016,0.944068,0,600.0,2.7964
1400,35,40,29,50.0,4.5,0.999069,0.944013,0,600.0,2.7961
1400,35,40,29,50.0,6.75,0.999109,0.94384,0,600.0,2.797
1400,56,25,14,51.0,0.0,0.998818,0.931224,0,300.0,2.7818
1400,56,25,14,51.0,3.6,0.998846,0.930846,0,300.0,2.7822
1400,56,25,14,51.0,7.2,0.998824,0.931036,0,300.0,2.7884
1400,56,25,14,51.0,10.8,0.998901,0.931147,0,300.0,2.7868
1400,40,35,0,51.0,0.0,0.994042,0.907447,0,300.0,2.7841
1400,40,35,0,51.0,2.571,0.993994,0.90764,0,300.0,2.7848
1400,40,35,0,51.0,5.143,0.994135,0.907438,0,300.0,2.785
1400,40,35,0,51.0,7.714,0.994076,0.907633,0,300.0,2.7853
1400,40,35,0,50.0,0.0,0.995423,0.912252,0,300.0,2.7971
1400,40,35,0,50.0,2.571,0.995417,0.912158,0,300.0,2.797
1400,40,35,0,50.0,5.143,0.995717,0.912066,0,300.0,2.7972
1400,40,35,0,50.0,7.714,0.995418,0.912235,0,300.0,2.7953
1400,40,35,0,50.0,0.0,0.995423,0.912252,0,300.0,2.7971
1400,40,35,0,50.0,2.571,0.995417,0.912158,0,300.0,2.797
1400,40,35,0,50.0,5.143,0.995717,0.912066,0,300.0,2.7972
1400,40,35,0,50.0,7.714,0.995418,0.912235,0,300.0,2.7953
1400,56,25,14,50.0,0.0,0.997772,0.932488,0,300.0,2.7965
1400,56,25,14,50.0,3.6,0.998079,0.932732,0,300.0,2.7963
1400,56,25,14,50.0,7.2,0.998612,0.933401,0,300.0,2.7974
1400,56,25,14,50.0,10.8,0.998588,0.932883,0,300.0,2.7968
1400,70,20,12,50.0,0.0,0.994086,0.895358,0,600.0,2.7967
1400,70,20,12,50.0,4.5,0.994099,0.895525,0,600.0,2.7967
1400,70,20,12,50.0,9.0,0.993995,0.895572,0,600.0,2.7968
1400,70,20,12,50.0,13.5,0.99396,0.895706,0,600.0,2.7967
1400,70,20,12,50.0,0.0,0.994086,0.895358,0,600.0,2.7967
1400,70,20,12,50.0,4.5,0.994099,0.895525,0,600.0,2.7967
1400,70,20,12,50.0,9.0,0.993995,0.895572,0,600.0,2.7968
1400,70,20,12,50.0,13.5,0.99396,0.895706,0,600.0,2.7967
1400,35,40,29,51.0,0.0,0.998004,0.940427,0,900.0,2.7845
1400,35,40,29,51.0,2.25,0.997986,0.940985,0,600.0,2.7854
1400,35,40,29,51.0,4.5,0.997982,0.940758,0,600.0,2.785
1400,35,40,29,51.0,6.75,0.998022,0.940052,0,900.0,2.7841
1400,35,40,23,50.0,0.0,0.996982,0.940773,0,600.0,2.796
1400,35,40,23,50.0,2.25,0.996996,0.942692,0,600.0,2.7977
1400,35,40,23,50.0,4.5,0.997016,0.942077,0,600.0,2.797
1400,35,40,23,50.0,6.75,0.99705,0.940441,0,600.0,2.7957
1400,35,40,29,51.0,0.0,0.998004,0.940427,0,900.0,2.7845
1400,35,40,29,51.0,2.25,0.997986,0.940985,0,600.0,2.7854
1400,35,40,29,51.0,4.5,0.997982,0.940758,0,600.0,2.785
1400,35,40,29,51.0,6.75,0.998022,0.940052,0,900.0,2.7841
1400,35,40,23,50.0,0.0,0.996982,0.940773,0,600.0,2.796
1400,35,40,23,50.0,2.25,0.996996,0.942692,0,600.0,2.7977
1400,35,40,23,50.0,4.5,0.997016,0.942077,0,600.0,2.797
1400,35,40,23,50.0,6.75,0.99705,0.940441,0,600.0,2.7957
1400,50,28,8,50.0,0.0,0.984955,0.932035,0,300.0,2.7964
1400,50,28,8,50.0,3.214,0.984842,0.932,0,300.0,2.7963
1400,50,28,8,50.0,6.429,0.985091,0.932127,0,300.0,2.7965
1400,50,28,8,50.0,9.643,0.985029,0.932394,0,300.0,2.7972
1400,50,28,8,50.0,0.0,0.984955,0.932035,0,300.0,2.7964
1400,50,28,8,50.0,3.214,0.984842,0.932,0,300.0,2.7963
1400,50,28,8,50.0,6.429,0.985091,0.932127,0,300.0,2.7965
1400,50,28,8,50.0,9.643,0.985029,0.932394,0,300.0,2.7972
1400,35,40,23,51.0,0.0,0.996239,0.932071,0,900.0,2.7846
1400,35,40,23,51.0,2.25,0.996092,0.932928,0,900.0,2.7856
1400,35,40,23,51.0,4.5,0.99609,0.932731,0,900.0,2.7854
1400,35,40,23,51.0,6.75,0.996282,0.931739,0,900.0,2.7836
1400,56,25,9,50.0,0.0,0.995403,0.932259,0,300.0,2.7969
1400,56,25,9,50.0,3.6,0.995446,0.932266,0,300.0,2.7967
1400,56,25,9,50.0,7.2,0.995398,0.93202,0,300.0,2.7966
1400,56,25,9,50.0,10.8,0.995436,0.931931,0,300.0,2.7962
1400,35,40,23,51.0,0.0,0.996239,0.932071,0,900.0,2.7846
1400,35,40,23,51.0,2.25,0.996092,0.932928,0,900.0,2.7856
1400,35,40,23,51.0,4.5,0.99609,0.932731,0,900.0,2.7854
1400,35,40,23,51.0,6.75,0.996282,0.931739,0,900.0,2.7836
1400,56,25,9,50.0,0.0,0.995403,0.932259,0,300.0,2.7969
1400,56,25,9,50.0,3.6,0.995446,0.932266,0,300.0,2.7967
1400,56,25,9,50.0,7.2,0.995398,0.93202,0,300.0,2.7966
1400,56,25,9,50.0,10.8,0.995436,0.931931,0,300.0,2.7962
1400,35,40,28,49.75,0.0,0.999252,0.943882,0,300.0,2.7914
1400,35,40,28,49.75,2.25,0.999096,0.945464,0,600.0,2.792
1400,35,40,28,49.75,4.5,0.999125,0.944848,0,600.0,2.7912
1400,35,40,28,49.75,6.75,0.999251,0.943433,0,300.0,2.7915
1400,35,40,28,50.25,0.0,0.998804,0.946478,0,600.0,2.7979
1400,35,40,28,50.25,2.25,0.998678,0.947882,0,600.0,2.7986
1400,35,40,28,50.25,4.5,0.998746,0.947555,0,600.0,2.7986
1400,35,40,28,50.25,6.75,0.998847,0.946115,0,600.0,2.7981
1400,35,40,29,49.75,0.0,0.99919,0.941708,0,600.0,2.7921
1400,35,40,29,49.75,2.25,0.999164,0.941137,0,600.0,2.7916
1400,35,40,29,49.75,4.5,0.999218,0.940709,0,600.0,2.791
1400,35,40,29,49.75,6.75,0.999262,0.941403,0,600.0,2.7921
1400,35,40,29,50.25,0.0,0.998716,0.944679,0,600.0,2.7982
1400,35,40,29,50.25,2.25,0.998791,0.94555,0,600.0,2.7989
1400,35,40,29,50.25,4.5,0.99885,0.945459,0,600.0,2.7993
1400,35,40,29,50.25,6.75,0.998827,0.944233,0,600.0,2.7984
1400,35,40,30,49.75,0.0,0.997335,0.941021,0,600.0,2.7917
1400,35,40,30,49.75,2.25,0.997325,0.940949,0,600.0,2.7915
1400,35,40,30,49.75,4.5,0.997331,0.940966,0,600.0,2.7914
1400,35,40,30,49.75,6.75,0.997379,0.941033,0,600.0,2.792
1400,35,40,30,50.25,0.0,0.996802,0.944319,0,600.0,2.799
1400,35,40,30,50.25,2.25,0.996888,0.944429,0,600.0,2.7989
1400,35,40,30,50.25,4.5,0.996859,0.944358,0,600.0,2.7986
1400,35,40,30,50.25,6.75,0.996854,0.944327,0,600.0,2.7989
1420,142,10,24,51.0,0.0,0.996617,0.927092,0,300.0,2.824
1420,142,10,24,51.0,9.0,0.996691,0.927043,0,300.0,2.8245
1420,142,10,24,51.0,18.0,0.996664,0.927022,0,300.0,2.8243
1420,142,10,24,51.0,27.0,0.996655,0.926969,0,300.0,2.824
1420,142,10,24,51.0,0.0,0.996617,0.927092,0,300.0,2.824
1420,142,10,24,51.0,9.0,0.996691,0.927043,0,300.0,2.8245
1420,142,10,24,51.0,18.0,0.996664,0.927022,0,300.0,2.8243
1420,142,10,24,51.0,27.0,0.996655,0.926969,0,300.0,2.824
1420,142,10,24,50.0,0.0,0.996817,0.94052,0,300.0,2.8363
1420,142,10,24,50.0,9.0,0.996725,0.940657,0,300.0,2.8368
1420,142,10,24,50.0,18.0,0.996764,0.940685,0,300.0,2.8364
1420,142,10,24,50.0,27.0,0.996755,0.940511,0,300.0,2.8362
1420,142,10,24,50.0,0.0,0.996817,0.94052,0,300.0,2.8363
1420,142,10,24,50.0,9.0,0.996725,0.940657,0,300.0,2.8368
1420,142,10,24,50.0,18.0,0.996764,0.940685,0,300.0,2.8364
1420,142,10,24,50.0,27.0,0.996755,0.940511,0,300.0,2.8362
1420,71,20,12,50.0,0.0,0.993677,0.904062,0,900.0,2.8367
1420,71,20,12,50.0,4.5,0.993641,0.904363,0,900.0,2.8369
1420,71,20,12,50.0,9.0,0.993566,0.904084,0,900.0,2.8364
1420,71,20,12,50.0,13.5,0.993575,0.904154,0,900.0,2.8368
1420,142,10,95,50.0,0.0,0.996606,0.908386,0,300.0,2.8362
1420,142,10,95,50.0,9.0,0.996564,0.908658,0,300.0,2.8361
1420,142,10,95,50.0,18.0,0.996741,0.908974,0,300.0,2.8365
1420,142,10,95,50.0,27.0,0.996708,0.908958,0,300.0,2.8369
1420,142,10,95,50.0,0.0,0.996606,0.908386,0,300.0,2.8362
1420,142,10,95,50.0,9.0,0.996564,0.908658,0,300.0,2.8361
1420,142,10,95,50.0,18.0,0.996741,0.908974,0,300.0,2.8365
1420,142,10,95,50.0,27.0,0.996708,0.908958,0,300.0,2.8369
1420,71,20,12,50.0,0.0,0.993677,0.904062,0,900.0,2.8367
1420,71,20,12,50.0,4.5,0.993641,0.904363,0,900.0,2.8369
1420,71,20,12,50.0,9.0,0.993566,0.904084,0,900.0,2.8364
1420,71,20,12,50.0,13.5,0.993575,0.904154,0,900.0,2.8368
1420,71,20,17,50.0,0.0,0.995417,0.905305,0,900.0,2.8363
1420,71,20,17,50.0,4.5,0.995472,0.905459,0,900.0,2.837
1420,71,20,17,50.0,9.0,0.995491,0.905192,0,900.0,2.8361
1420,71,20,17,50.0,13.5,0.995478,0.905731,0,900.0,2.8369
1420,71,20,17,50.0,0.0,0.995417,0.905305,0,900.0,2.8363
1420,71,20,17,50.0,4.5,0.995472,0.905459,0,900.0,2.837
1420,71,20,17,50.0,9.0,0.995491,0.905192,0,900.0,2.8361
1420,71,20,17,50.0,13.5,0.995478,0.905731,0,900.0,2.8369
1420,71,20,17,51.0,0.0,0.994497,0.907091,0,900.0,2.8243
1420,71,20,17,51.0,4.5,0.994623,0.907302,0,900.0,2.8255
1420,71,20,17,51.0,9.0,0.994529,0.906726,0,900.0,2.8236
1420,71,20,17,51.0,13.5,0.99454,0.907476,0,900.0,2.8245
1420,71,20,17,51.0,0.0,0.994497,0.907091,0,900.0,2.8243
1420,71,20,17,51.0,4.5,0.994623,0.907302,0,900.0,2.8255
1420,71,20,17,51.0,9.0,0.994529,0.906726,0,900.0,2.8236
1420,71,20,17,51.0,13.5,0.99454,0.907476,0,900.0,2.8245
1420,142,10,24,49.0,0.0,0.990732,0.926603,0,300.0,2.8072
1420,142,10,24,49.0,9.0,0.990761,0.926557,0,300.0,2.8076
1420,142,10,24,49.0,18.0,0.990784,0.926835,0,300.0,2.8075
1420,142,10,24,49.0,27.0,0.990722,0.926646,0,300.0,2.8071
1420,142,10,24,49.0,0.0,0.990732,0.926603,0,300.0,2.8072
1420,142,10,24,49.0,9.0,0.990761,0.926557,0,300.0,2.8076
1420,142,10,24,49.0,18.0,0.990784,0.926835,0,300.0,2.8075
1420,142,10,24,49.0,27.0,0.990722,0.926646,0,300.0,2.8071
1440,160,9,40,50.0,0.0,0.999906,0.920073,0,300.0,2.877
1440,160,9,40,50.0,10.0,0.99994,0.920207,0,300.0,2.8764
1440,160,9,40,50.0,20.0,0.999923,0.920215,0,300.0,2.876
1440,160,9,40,50.0,30.0,0.999911,0.920732,0,300.0,2.8765
1440,160,9,40,50.0,0.0,0.999906,0.920073,0,300.0,2.877
1440,160,9,40,50.0,10.0,0.99994,0.920207,0,300.0,2.8764
1440,160,9,40,50.0,20.0,0.999923,0.920215,0,300.0,2.876
1440,160,9,40,50.0,30.0,0.999911,0.920732,0,300.0,2.8765
1440,160,9,40,51.0,0.0,0.99998,0.911306,0,300.0,2.8639
1440,160,9,40,51.0,10.0,0.999966,0.911791,0,300.0,2.8649
1440,160,9,40,51.0,20.0,1.0,0.911985,1,0.0,2.8654
1440,160,9,40,51.0,30.0,1.0,0.911705,1,0.0,2.864
1440,160,9,40,51.0,0.0,0.99998,0.911306,0,300.0,2.8639
1440,160,9,40,51.0,10.0,0.999966,0.911791,0,300.0,2.8649
1440,160,9,40,51.0,20.0,1.0,0.911985,1,0.0,2.8654
1440,160,9,40,51.0,30.0,1.0,0.911705,1,0.0,2.864
1440,45,32,1,50.0,0.0,0.996621,0.916502,0,300.0,2.8764
1440,45,32,1,50.0,2.812,0.996616,0.916438,0,300.0,2.8769
1440,45,32,1,50.0,5.625,0.996649,0.916278,0,300.0,2.8763
1440,45,32,1,50.0,8.438,0.996587,0.916453,0,300.0,2.8761
1440,45,32,1,50.0,0.0,0.996621,0.916502,0,300.0,2.8764
1440,45,32,1,50.0,2.812,0.996616,0.916438,0,300.0,2.8769
1440,45,32,1,50.0,5.625,0.996649,0.916278,0,300.0,2.8763
1440,45,32,1,50.0,8.438,0.996587,0.916453,0,300.0,2.8761
1440,45,32,0,50.0,0.0,1.0,0.90763,1,0.0,2.8775
1440,45,32,0,50.0,2.812,1.0,0.90747,1,0.0,2.8764
1440,45,32,0,50.0,5.625,1.0,0.90782,1,0.0,2.8774
1440,45,32,0,50.0,8.438,1.0,0.907661,1,0.0,2.8776
1440,45,32,0,50.0,0.0,1.0,0.90763,1,0.0,2.8775
1440,45,32,0,50.0,2.812,1.0,0.90747,1,0.0,2.8764
1440,45,32,0,50.0,5.625,1.0,0.90782,1,0.0,2.8774
1440,45,32,0,50.0,8.438,1.0,0.907661,1,0.0,2.8776
1440,45,32,1,51.0,0.0,0.996969,0.905374,0,300.0,2.8644
1440,45,32,1,51.0,2.812,0.996984,0.905457,0,300.0,2.8642
1440,45,32,1,51.0,5.625,0.997008,0.905466,0,300.0,2.8643
1440,45,32,1,51.0,8.438,0.996926,0.905415,0,300.0,2.8645
1440,45,32,1,51.0,0.0,0.996969,0.905374,0,300.0,2.8644
1440,45,32,1,51.0,2.812,0.996984,0.905457,0,300.0,2.8642
1440,45,32,1,51.0,5.625,0.997008,0.905466,0,300.0,2.8643
1440,45,32,1,51.0,8.438,0.996926,0.905415,0,300.0,2.8645
1440,32,45,1,51.0,0.0,0.997789,0.913911,0,600.0,2.8646
1440,32,45,1,51.0,2.0,0.997819,0.913928,0,600.0,2.8649
1440,32,45,1,51.0,4.0,0.99779,0.913514,0,600.0,2.8635
1440,32,45,1,51.0,6.0,0.997794,0.913836,0,600.0,2.8642
1440,32,45,1,51.0,0.0,0.997789,0.913911,0,600.0,2.8646
1440,32,45,1,51.0,2.0,0.997819,0.913928,0,600.0,2.8649
1440,32,45,1,51.0,4.0,0.99779,0.913514,0,600.0,2.8635
1440,32,45,1,51.0,6.0,0.997794,0.913836,0,600.0,2.8642
1440,90,16,22,50.0,0.0,0.999178,0.962746,0,300.0,2.8762
1440,90,16,22,50.0,5.625,0.999193,0.96261,0,300.0,2.8761
1440,90,16,22,50.0,11.25,0.999198,0.962686,0,300.0,2.8759
1440,90,16,22,50.0,16.875,0.999207,0.962643,0,300.0,2.876
1440,90,16,22,50.0,0.0,0.999178,0.962746,0,300.0,2.8762
1440,90,16,22,50.0,5.625,0.999193,0.96261,0,300.0,2.8761
1440,90,16,22,50.0,11.25,0.999198,0.962686,0,300.0,2.8759
1440,90,16,22,50.0,16.875,0.999207,0.962643,0,300.0,2.876
1440,120,12,80,50.0,0.0,0.999567,0.959629,0,300.0,2.8781
1440,120,12,80,50.0,7.5,0.999581,0.960568,0,300.0,2.8775
1440,120,12,80,50.0,15.0,0.999587,0.959669,0,300.0,2.8747
1440,120,12,80,50.0,22.5,0.999585,0.959347,0,300.0,2.8757
1440,120,12,80,50.0,0.0,0.999567,0.959629,0,300.0,2.8781
1440,120,12,80,50.0,7.5,0.999581,0.960568,0,300.0,2.8775
1440,120,12,80,50.0,15.0,0.999587,0.959669,0,300.0,2.8747
1440,120,12,80,50.0,22.5,0.999585,0.959347,0,300.0,2.8757
1440,36,40,30,50.0,0.0,0.998992,0.959289,0,600.0,2.8767
1440,36,40,30,50.0,2.25,0.998987,0.959335,0,600.0,2.8766
1440,36,40,30,50.0,4.5,0.998997,0.959265,0,600.0,2.8767
1440,36,40,30,50.0,6.75,0.999001,0.959301,0,600.0,2.8766
1440,36,40,30,50.0,0.0,0.998992,0.959289,0,600.0,2.8767
1440,36,40,30,50.0,2.25,0.998987,0.959335,0,600.0,2.8766
1440,36,40,30,50.0,4.5,0.998997,0.959265,0,600.0,2.8767
1440,36,40,30,50.0,6.75,0.999001,0.959301,0,600.0,2.8766
1440,90,16,22,51.0,0.0,0.998706,0.955991,0,300.0,2.8645
1440,90,16,22,51.0,5.625,0.998719,0.955946,0,300.0,2.8646
1440,90,16,22,51.0,11.25,0.998749,0.955717,0,300.0,2.8643
1440,90,16,22,51.0,16.875,0.99871,0.955815,0,300.0,2.8646
1440,240,6,200,50.0,0.0,0.998835,0.956275,0,300.0,2.8779
1440,240,6,200,50.0,15.0,0.998803,0.955335,0,600.0,2.8751
1440,240,6,200,50.0,30.0,0.999001,0.95716,0,300.0,2.878
1440,240,6,200,50.0,45.0,0.9989,0.957438,0,600.0,2.8747
1440,240,6,200,50.0,0.0,0.998835,0.956275,0,300.0,2.8779
1440,240,6,200,50.0,15.0,0.998803,0.955335,0,600.0,2.8751
1440,240,6,200,50.0,30.0,0.999001,0.95716,0,300.0,2.878
1440,240,6,200,50.0,45.0,0.9989,0.957438,0,600.0,2.8747
1440,90,16,22,51.0,0.0,0.998706,0.955991,0,300.0,2.8645
1440,90,16,22,51.0,5.625,0.998719,0.955946,0,300.0,2.8646
1440,90,16,22,51.0,11.25,0.998749,0.955717,0,300.0,2.8643
1440,90,16,22,51.0,16.875,0.99871,0.955815,0,300.0,2.8646
1440,60,24,15,51.0,0.0,0.998668,0.956522,0,300.0,2.8645
1440,60,24,15,51.0,3.75,0.998654,0.956583,0,300.0,2.8644
1440,60,24,15,51.0,7.5,0.998635,0.956621,0,300.0,2.8646
1440,60,24,15,51.0,11.25,0.998649,0.956544,0,300.0,2.8645
1440,36,40,30,51.0,0.0,0.998915,0.954527,0,600.0,2.8642
1440,36,40,30,51.0,2.25,0.998902,0.954488,0,600.0,2.8643
1440,36,40,30,51.0,4.5,0.998944,0.954403,0,600.0,2.8642
1440,36,40,30,51.0,6.75,0.998916,0.954492,0,600.0,2.8641
1440,160,9,39,50.75,0.0,0.987504,0.92471,0,600.0,2.8676
1440,160,9,39,50.75,10.0,0.987503,0.924648,0,600.0,2.8673
1440,160,9,39,50.75,20.0,0.987452,0.924755,0,600.0,2.8676
1440,160,9,39,50.75,30.0,0.987499,0.924728,0,600.0,2.8673
1440,160,9,39,51.25,0.0,0.987395,0.920417,0,600.0,2.8615
1440,160,9,39,51.25,10.0,0.987443,0.920486,0,600.0,2.8615
1440,160,9,39,51.25,20.0,0.987318,0.920265,0,600.0,2.8612
1440,160,9,39,51.25,30.0,0.987394,0.920328,0,600.0,2.8615
1440,160,9,40,50.75,0.0,1.0,0.913987,1,0.0,2.8669
1440,160,9,40,50.75,10.0,0.99998,0.913843,0,300.0,2.8679
1440,160,9,40,50.75,20.0,1.0,0.914269,1,0.0,2.869
1440,160,9,40,50.75,30.0,1.0,0.913554,1,0.0,2.8682
1440,160,9,40,51.25,0.0,0.999946,0.908826,0,300.0,2.861
1440,160,9,40,51.25,10.0,0.999932,0.909359,0,300.0,2.862
1440,160,9,40,51.25,20.0,0.999951,0.909445,0,300.0,2.8624
1440,160,9,40,51.25,30.0,0.999937,0.909295,0,300.0,2.8607
1440,160,9,41,50.75,0.0,0.993961,0.885477,0,300.0,2.8663
1440,160,9,41,50.75,10.0,0.993952,0.885186,0,600.0,2.8686
1440,160,9,41,50.75,20.0,0.99397,0.885655,0,600.0,2.8666
1440,160,9,41,50.75,30.0,0.99398,0.884981,0,300.0,2.8682
1440,160,9,41,51.25,0.0,0.994573,0.884638,0,600.0,2.8612
1440,160,9,41,51.25,10.0,0.994637,0.883873,0,600.0,2.8622
1440,160,9,41,51.25,20.0,0.994588,0.884923,0,600.0,2.8615
1440,160,9,41,51.25,30.0,0.994642,0.88407,0,600.0,2.8625
1440,90,16,21,49.75,0.0,0.995126,0.955257,0,300.0,2.871
1440,90,16,21,49.75,5.625,0.995184,0.955386,0,300.0,2.8711
1440,90,16,21,49.75,11.25,0.995192,0.955179,0,300.0,2.8716
1440,90,16,21,49.75,16.875,0.995133,0.955302,0,300.0,2.8715
1440,90,16,21,50.25,0.0,0.998268,0.955349,0,300.0,2.8783
1440,90,16,21,50.25,5.625,0.998268,0.955253,0,300.0,2.8785
1440,90,16,21,50.25,11.25,0.998264,0.955538,0,300.0,2.8789
1440,90,16,21,50.25,16.875,0.998244,0.955482,0,300.0,2.8788
1440,90,16,22,49.75,0.0,0.998406,0.960754,0,300.0,2.8712
1440,90,16,22,49.75,5.625,0.998422,0.960695,0,300.0,2.871
1440,90,16,22,49.75,11.25,0.998434,0.960824,0,300.0,2.8712
1440,90,16,22,49.75,16.875,0.998458,0.960691,0,300.0,2.8712
1440,90,16,22,50.25,0.0,0.99913,0.962074,0,300.0,2.8786
1440,90,16,22,50.25,5.625,0.999096,0.9621,0,300.0,2.879
1440,90,16,22,50.25,11.25,0.999096,0.962153,0,300.0,2.8784
1440,90,16,22,50.25,16.875,0.999111,0.962073,0,300.0,2.8788
1440,90,16,23,49.75,0.0,0.998402,0.95689,0,300.0,2.8718
1440,90,16,23,49.75,5.625,0.998359,0.956434,0,300.0,2.8711
1440,90,16,23,49.75,11.25,0.998373,0.956668,0,300.0,2.8717
1440,90,16,23,49.75,16.875,0.998377,0.956855,0,300.0,2.8716
1440,90,16,23,50.25,0.0,0.998351,0.955007,0,300.0,2.8782
1440,90,16,23,50.25,5.625,0.998371,0.95519,0,300.0,2.879
1440,90,16,23,50.25,11.25,0.998414,0.955221,0,300.0,2.8786
1440,90,16,23,50.25,16.875,0.998336,0.955216,0,300.0,2.8782
1460,146,10,24,50.0,0.0,0.997675,0.945518,0,300.0,2.9164
1460,146,10,24,50.0,9.0,0.99765,0.945364,0,300.0,2.916
1460,146,10,24,50.0,18.0,0.997669,0.945494,0,300.0,2.9168
1460,146,10,24,50.0,27.0,0.997661,0.94575,0,300.0,2.9165
1460,146,10,24,50.0,0.0,0.997675,0.945518,0,300.0,2.9164
1460,146,10,24,50.0,9.0,0.99765,0.945364,0,300.0,2.916
1460,146,10,24,50.0,18.0,0.997669,0.945494,0,300.0,2.9168
1460,146,10,24,50.0,27.0,0.997661,0.94575,0,300.0,2.9165
1460,146,10,36,51.0,0.0,0.999068,0.89974,0,300.0,2.904
1460,146,10,36,51.0,9.0,0.999044,0.89999,0,300.0,2.9042
1460,146,10,36,51.0,18.0,0.999058,0.89979,0,300.0,2.904
1460,146,10,36,51.0,27.0,0.999063,0.899878,0,300.0,2.9042
1460,146,10,24,51.0,0.0,0.996978,0.93606,0,300.0,2.9042
1460,146,10,24,51.0,9.0,0.996989,0.936004,0,300.0,2.9034
1460,146,10,24,51.0,18.0,0.996959,0.936112,0,300.0,2.9038
1460,146,10,24,51.0,27.0,0.996868,0.936093,0,300.0,2.9041
1460,146,10,36,50.0,0.0,0.998834,0.908704,0,300.0,2.9166
1460,146,10,36,50.0,9.0,0.998834,0.908742,0,300.0,2.9166
1460,146,10,36,50.0,18.0,0.998839,0.908587,0,300.0,2.9165
1460,146,10,36,50.0,27.0,0.998839,0.908618,0,300.0,2.9165
1460,146,10,24,51.0,0.0,0.996978,0.93606,0,300.0,2.9042
1460,146,10,24,51.0,9.0,0.996989,0.936004,0,300.0,2.9034
1460,146,10,24,51.0,18.0,0.996959,0.936112,0,300.0,2.9038
1460,146,10,24,51.0,27.0,0.996868,0.936093,0,300.0,2.9041
1460,146,10,36,51.0,0.0,0.999068,0.89974,0,300.0,2.904
1460,146,10,36,51.0,9.0,0.999044,0.89999,0,300.0,2.9042
1460,146,10,36,51.0,18.0,0.999058,0.89979,0,300.0,2.904
1460,146,10,36,51.0,27.0,0.999063,0.899878,0,300.0,2.9042
1460,146,10,36,50.0,0.0,0.998834,0.908704,0,300.0,2.9166
1460,146,10,36,50.0,9.0,0.998834,0.908742,0,300.0,2.9166
1460,146,10,36,50.0,18.0,0.998839,0.908587,0,300.0,2.9165
1460,146,10,36,50.0,27.0,0.998839,0.908618,0,300.0,2.9165
1460,73,20,12,50.0,0.0,0.994275,0.913712,0,900.0,2.9165
1460,73,20,12,50.0,4.5,0.99431,0.913648,0,900.0,2.9167
1460,73,20,12,50.0,9.0,0.994338,0.91377,0,900.0,2.9169
1460,73,20,12,50.0,13.5,0.994314,0.913848,0,900.0,2.9164
1460,73,20,12,50.0,0.0,0.994275,0.913712,0,900.0,2.9165
1460,73,20,12,50.0,4.5,0.99431,0.913648,0,900.0,2.9167
1460,73,20,12,50.0,9.0,0.994338,0.91377,0,900.0,2.9169
1460,73,20,12,50.0,13.5,0.994314,0.913848,0,900.0,2.9164
1460,73,20,12,51.0,0.0,0.992503,0.900188,0,900.0,2.9041
1460,73,20,12,51.0,4.5,0.992485,0.900015,0,900.0,2.9046
1460,73,20,12,51.0,9.0,0.992424,0.900161,0,900.0,2.9045
1460,73,20,12,51.0,13.5,0.992401,0.899998,0,900.0,2.9036
1460,146,10,49,50.0,0.0,0.997371,0.925653,0,300.0,2.9162
1460,146,10,49,50.0,9.0,0.997287,0.925745,0,300.0,2.9166
1460,146,10,49,50.0,18.0,0.997365,0.925406,0,300.0,2.9165
1460,146,10,49,50.0,27.0,0.997264,0.925382,0,300.0,2.9157
1460,73,20,18,50.0,0.0,0.995733,0.916806,0,1200.0,2.9167
1460,73,20,18,50.0,4.5,0.995801,0.916858,0,1200.0,2.9169
1460,73,20,18,50.0,9.0,0.995784,0.916636,0,1200.0,2.9167
1460,73,20,18,50.0,13.5,0.99578,0.916554,0,1200.0,2.9161
1460,73,20,18,50.0,0.0,0.995733,0.916806,0,1200.0,2.9167
1460,73,20,18,50.0,4.5,0.995801,0.916858,0,1200.0,2.9169
1460,73,20,18,50.0,9.0,0.995784,0.916636,0,1200.0,2.9167
1460,73,20,18,50.0,13.5,0.99578,0.916554,0,1200.0,2.9161
1460,146,10,49,50.0,0.0,0.997371,0.925653,0,300.0,2.9162
1460,146,10,49,50.0,9.0,0.997287,0.925745,0,300.0,2.9166
1460,146,10,49,50.0,18.0,0.997365,0.925406,0,300.0,2.9165
1460,146,10,49,50.0,27.0,0.997264,0.925382,0,300.0,2.9157
1460,146,10,24,49.0,0.0,0.9886,0.937012,0,300.0,2.8863
1460,146,10,24,49.0,9.0,0.988424,0.937507,0,300.0,2.8868
1460,146,10,24,49.0,18.0,0.988525,0.937109,0,300.0,2.8862
1460,146,10,24,49.0,27.0,0.988466,0.937663,0,300.0,2.887
1460,146,10,24,49.0,0.0,0.9886,0.937012,0,300.0,2.8863
1460,146,10,24,49.0,9.0,0.988424,0.937507,0,300.0,2.8868
1460,146,10,24,49.0,18.0,0.988525,0.937109,0,300.0,2.8862
1460,146,10,24,49.0,27.0,0.988466,0.937663,0,300.0,2.887
1460,146,10,35,50.75,0.0,0.99647,0.919439,0,300.0,2.9073
1460,146,10,35,50.75,9.0,0.996366,0.919438,0,300.0,2.9066
1460,146,10,35,50.75,18.0,0.996394,0.919341,0,300.0,2.9067
1460,146,10,35,50.75,27.0,0.996419,0.919458,0,300.0,2.9071
1460,146,10,35,51.25,0.0,0.995405,0.919641,0,300.0,2.9012
1460,146,10,35,51.25,9.0,0.995212,0.919679,0,300.0,2.9007
1460,146,10,35,51.25,18.0,0.995284,0.919713,0,300.0,2.901
1460,146,10,35,51.25,27.0,0.995349,0.919529,0,300.0,2.9009
1460,146,10,36,50.75,0.0,0.999025,0.902463,0,300.0,2.9073
1460,146,10,36,50.75,9.0,0.99905,0.902447,0,300.0,2.9075
1460,146,10,36,50.75,18.0,0.999035,0.902348,0,300.0,2.9072
1460,146,10,36,50.75,27.0,0.99901,0.902503,0,300.0,2.9073
1460,146,10,36,51.25,0.0,0.998895,0.897953,0,300.0,2.9015
1460,146,10,36,51.25,9.0,0.99889,0.897873,0,300.0,2.9015
1460,146,10,36,51.25,18.0,0.998867,0.897839,0,300.0,2.9017
1460,146,10,36,51.25,27.0,0.998878,0.897732,0,300.0,2.9014
1460,146,10,37,50.75,0.0,0.987916,0.877352,0,300.0,2.9075
1460,146,10,37,50.75,9.0,0.987567,0.87752,0,300.0,2.907
1460,146,10,37,50.75,18.0,0.987794,0.877429,0,300.0,2.9078
1460,146,10,37,50.75,27.0,0.987815,0.87762,0,300.0,2.907
1460,146,10,37,51.25,0.0,0.988074,0.872867,0,300.0,2.9016
1460,146,10,37,51.25,9.0,0.98821,0.873123,0,300.0,2.9012
1460,146,10,37,51.25,18.0,0.988146,0.87276,0,300.0,2.9011
1460,146,10,37,51.25,27.0,0.988224,0.873214,0,300.0,2.9017
1480,37,40,31,50.0,0.0,0.999761,0.969157,0,300.0,2.9565
1480,37,40,31,50.0,2.25,0.99978,0.969119,0,300.0,2.9567
1480,37,40,31,50.0,4.5,0.999761,0.969059,0,300.0,2.9567
1480,37,40,31,50.0,6.75,0.999771,0.969027,0,300.0,2.9564
1480,37,40,31,50.0,0.0,0.999761,0.969157,0,300.0,2.9565
1480,37,40,31,50.0,2.25,0.99978,0.969119,0,300.0,2.9567
1480,37,40,31,50.0,4.5,0.999761,0.969059,0,300.0,2.9567
1480,37,40,31,50.0,6.75,0.999771,0.969027,0,300.0,2.9564
1480,37,40,31,51.0,0.0,0.999635,0.964373,0,300.0,2.944
1480,37,40,31,51.0,2.25,0.99963,0.96463,0,300.0,2.9445
1480,37,40,31,51.0,4.5,0.999606,0.964548,0,300.0,2.9442
1480,37,40,31,51.0,6.75,0.999649,0.964304,0,300.0,2.9439
1480,37,40,31,51.0,0.0,0.999635,0.964373,0,300.0,2.944
1480,37,40,31,51.0,2.25,0.99963,0.96463,0,300.0,2.9445
1480,37,40,31,51.0,4.5,0.999606,0.964548,0,300.0,2.9442
1480,37,40,31,51.0,6.75,0.999649,0.964304,0,300.0,2.9439
1480,185,8,46,50.0,0.0,0.998707,0.932454,0,300.0,2.956
1480,185,8,46,50.0,11.25,0.998674,0.932417,0,300.0,2.956
1480,185,8,46,50.0,22.5,0.998649,0.932354,0,300.0,2.9561
1480,185,8,46,50.0,33.75,0.998644,0.932524,0,300.0,2.9564
1480,40,37,1,51.0,0.0,0.998638,0.93186,0,300.0,2.9441
1480,40,37,1,51.0,2.432,0.998622,0.93207,0,300.0,2.944
1480,40,37,1,51.0,4.865,0.998661,0.931874,0,300.0,2.9438
1480,40,37,1,51.0,7.297,0.99864,0.931995,0,300.0,2.9435
1480,74,20,12,50.0,0.0,0.995752,0.916894,0,600.0,2.9557
1480,74,20,12,50.0,4.5,0.995773,0.916558,0,600.0,2.9567
1480,74,20,12,50.0,9.0,0.995699,0.916458,0,600.0,2.9567
1480,74,20,12,50.0,13.5,0.995741,0.916634,0,600.0,2.9559
1480,185,8,46,50.0,0.0,0.998707,0.932454,0,300.0,2.956
1480,185,8,46,50.0,11.25,0.998674,0.932417,0,300.0,2.956
1480,185,8,46,50.0,22.5,0.998649,0.932354,0,300.0,2.9561
1480,185,8,46,50.0,33.75,0.998644,0.932524,0,300.0,2.9564
1480,40,37,1,51.0,0.0,0.998638,0.93186,0,300.0,2.9441
1480,40,37,1,51.0,2.432,0.998622,0.93207,0,300.0,2.944
1480,40,37,1,51.0,4.865,0.998661,0.931874,0,300.0,2.9438
1480,40,37,1,51.0,7.297,0.99864,0.931995,0,300.0,2.9435
1480,40,37,1,50.0,0.0,0.99826,0.935641,0,300.0,2.9562
1480,40,37,1,50.0,2.432,0.998248,0.935606,0,300.0,2.9565
1480,40,37,1,50.0,4.865,0.998251,0.93551,0,300.0,2.9558
1480,40,37,1,50.0,7.297,0.998268,0.935589,0,300.0,2.9562
1480,185,8,46,51.0,0.0,0.998629,0.92317,0,300.0,2.9439
1480,185,8,46,51.0,11.25,0.998568,0.923125,0,300.0,2.9439
1480,185,8,46,51.0,22.5,0.99863,0.92328,0,300.0,2.9442
1480,185,8,46,51.0,33.75,0.998573,0.923341,0,300.0,2.9441
1480,185,8,46,51.0,0.0,0.998629,0.92317,0,300.0,2.9439
1480,185,8,46,51.0,11.25,0.998568,0.923125,0,300.0,2.9439
1480,185,8,46,51.0,22.5,0.99863,0.92328,0,300.0,2.9442
1480,185,8,46,51.0,33.75,0.998573,0.923341,0,300.0,2.9441
1480,148,10,25,50.0,0.0,0.99879,0.960533,0,300.0,2.9559
1480,148,10,25,50.0,9.0,0.998728,0.960813,0,300.0,2.956
1480,148,10,25,50.0,18.0,0.998761,0.960514,0,300.0,2.956
1480,148,10,25,50.0,27.0,0.998814,0.960409,0,300.0,2.9556
1480,37,40,25,50.0,0.0,0.998682,0.960193,0,300.0,2.9569
1480,37,40,25,50.0,2.25,0.998659,0.960367,0,300.0,2.9565
1480,37,40,25,50.0,4.5,0.998663,0.960357,0,300.0,2.957
1480,37,40,25,50.0,6.75,0.998686,0.960103,0,300.0,2.9572
1480,37,40,25,50.0,0.0,0.998682,0.960193,0,300.0,2.9569
1480,37,40,25,50.0,2.25,0.998659,0.960367,0,300.0,2.9565
1480,37,40,25,50.0,4.5,0.998663,0.960357,0,300.0,2.957
1480,37,40,25,50.0,6.75,0.998686,0.960103,0,300.0,2.9572
1480,148,10,25,50.0,0.0,0.99879,0.960533,0,300.0,2.9559
1480,148,10,25,50.0,9.0,0.998728,0.960813,0,300.0,2.956
1480,148,10,25,50.0,18.0,0.998761,0.960514,0,300.0,2.956
1480,148,10,25,50.0,27.0,0.998814,0.960409,0,300.0,2.9556
1480,37,40,25,51.0,0.0,0.997826,0.952206,0,300.0,2.9431
1480,37,40,25,51.0,2.25,0.997817,0.952299,0,300.0,2.9437
1480,37,40,25,51.0,4.5,0.997803,0.952079,0,300.0,2.9433
1480,37,40,25,51.0,6.75,0.997808,0.952296,0,300.0,2.9429
1480,37,40,36,51.0,0.0,0.998269,0.949484,0,300.0,2.9437
1480,37,40,36,51.0,2.25,0.99824,0.949674,0,300.0,2.9441
1480,37,40,36,51.0,4.5,0.998279,0.94952,0,300.0,2.9438
1480,37,40,36,51.0,6.75,0.998284,0.949716,0,300.0,2.9441
1480,37,40,25,51.0,0.0,0.997826,0.952206,0,300.0,2.9431
1480,37,40,25,51.0,2.25,0.997817,0.952299,0,300.0,2.9437
1480,37,40,25,51.0,4.5,0.997803,0.952079,0,300.0,2.9433
1480,37,40,25,51.0,6.75,0.997808,0.952296,0,300.0,2.9429
1480,37,40,36,51.0,0.0,0.998269,0.949484,0,300.0,2.9437
1480,37,40,36,51.0,2.25,0.99824,0.949674,0,300.0,2.9441
1480,37,40,36,51.0,4.5,0.998279,0.94952,0,300.0,2.9438
1480,37,40,36,51.0,6.75,0.998284,0.949716,0,300.0,2.9441
1480,37,40,30,49.75,0.0,0.999659,0.966867,0,300.0,2.9511
1480,37,40,30,49.75,2.25,0.999692,0.967242,0,300.0,2.9512
1480,37,40,30,49.75,4.5,0.999678,0.967371,0,300.0,2.9517
1480,37,40,30,49.75,6.75,0.999659,0.9669,0,300.0,2.9512
1480,37,40,30,50.25,0.0,0.999688,0.968563,0,300.0,2.959
1480,37,40,30,50.25,2.25,0.999679,0.968519,0,300.0,2.9586
1480,37,40,30,50.25,4.5,0.999712,0.968418,0,300.0,2.9583
1480,37,40,30,50.25,6.75,0.999731,0.968316,0,300.0,2.9589
1480,37,40,31,49.75,0.0,0.999704,0.966811,0,300.0,2.9511
1480,37,40,31,49.75,2.25,0.999704,0.966745,0,300.0,2.9522
1480,37,40,31,49.75,4.5,0.999709,0.966809,0,300.0,2.9511
1480,37,40,31,49.75,6.75,0.999714,0.966915,0,300.0,2.9509
1480,37,40,31,50.25,0.0,0.999789,0.968237,0,300.0,2.9586
1480,37,40,31,50.25,2.25,0.999794,0.968162,0,300.0,2.9593
1480,37,40,31,50.25,4.5,0.999794,0.968234,0,300.0,2.9594
1480,37,40,31,50.25,6.75,0.999809,0.96815,0,300.0,2.9584
1480,37,40,32,49.75,0.0,0.999905,0.96498,0,300.0,2.9506
1480,37,40,32,49.75,2.25,0.999892,0.965197,0,300.0,2.9509
1480,37,40,32,49.75,4.5,0.999883,0.965295,0,300.0,2.9514
1480,37,40,32,49.75,6.75,0.999869,0.965164,0,300.0,2.9513
1480,37,40,32,50.25,0.0,0.999719,0.967722,0,300.0,2.9586
1480,37,40,32,50.25,2.25,0.9997,0.967629,0,300.0,2.9587
1480,37,40,32,50.25,4.5,0.999692,0.967501,0,300.0,2.9585
1480,37,40,32,50.25,6.75,0.999695,0.967535,0,300.0,2.9587
1480,37,40,30,49.75,0.0,0.999659,0.966867,0,300.0,2.9511
1480,37,40,30,49.75,2.25,0.999692,0.967242,0,300.0,2.9512
1480,37,40,30,49.75,4.5,0.999678,0.967371,0,300.0,2.9517
1480,37,40,30,49.75,6.75,0.999659,0.9669,0,300.0,2.9512
1480,37,40,30,50.25,0.0,0.999688,0.968563,0,300.0,2.959
1480,37,40,30,50.25,2.25,0.999679,0.968519,0,300.0,2.9586
1480,37,40,30,50.25,4.5,0.999712,0.968418,0,300.0,2.9583
1480,37,40,30,50.25,6.75,0.999731,0.968316,0,300.0,2.9589
1480,37,40,31,49.75,0.0,0.999704,0.966811,0,300.0,2.9511
1480,37,40,31,49.75,2.25,0.999704,0.966745,0,300.0,2.9522
1480,37,40,31,49.75,4.5,0.999709,0.966809,0,300.0,2.9511
1480,37,40,31,49.75,6.75,0.999714,0.966915,0,300.0,2.9509
1480,37,40,31,50.25,0.0,0.999789,0.968237,0,300.0,2.9586
1480,37,40,31,50.25,2.25,0.999794,0.968162,0,300.0,2.9593
1480,37,40,31,50.25,4.5,0.999794,0.968234,0,300.0,2.9594
1480,37,40,31,50.25,6.75,0.999809,0.96815,0,300.0,2.9584
1480,37,40,32,49.75,0.0,0.999905,0.96498,0,300.0,2.9506
1480,37,40,32,49.75,2.25,0.999892,0.965197,0,300.0,2.9509
1480,37,40,32,49.75,4.5,0.999883,0.965295,0,300.0,2.9514
1480,37,40,32,49.75,6.75,0.999869,0.965164,0,300.0,2.9513
1480,37,40,32,50.25,0.0,0.999719,0.967722,0,300.0,2.9586
1480,37,40,32,50.25,2.25,0.9997,0.967629,0,300.0,2.9587
1480,37,40,32,50.25,4.5,0.999692,0.967501,0,300.0,2.9585
1480,37,40,32,50.25,6.75,0.999695,0.967535,0,300.0,2.9587
1500,125,12,83,51.0,0.0,0.999129,0.968634,0,300.0,2.9841
1500,125,12,83,51.0,7.5,0.999152,0.968453,0,300.0,2.9835
1500,125,12,83,51.0,15.0,0.999172,0.968556,0,300.0,2.9833
1500,125,12,83,51.0,22.5,0.999099,0.968636,0,300.0,2.9835
1500,125,12,83,51.0,0.0,0.999129,0.968634,0,300.0,2.9841
1500,125,12,83,51.0,7.5,0.999152,0.968453,0,300.0,2.9835
1500,125,12,83,51.0,15.0,0.999172,0.968556,0,300.0,2.9833
1500,125,12,83,51.0,22.5,0.999099,0.968636,0,300.0,2.9835
1500,60,25,20,50.0,0.0,0.999363,0.939682,0,300.0,2.9956
1500,60,25,20,50.0,3.6,0.999408,0.940392,0,300.0,2.9964
1500,60,25,20,50.0,7.2,0.999456,0.940134,0,300.0,2.9961
1500,60,25,20,50.0,10.8,0.999421,0.940352,0,300.0,2.9966
1500,60,25,20,50.0,0.0,0.999363,0.939682,0,300.0,2.9956
1500,60,25,20,50.0,3.6,0.999408,0.940392,0,300.0,2.9964
1500,60,25,20,50.0,7.2,0.999456,0.940134,0,300.0,2.9961
1500,60,25,20,50.0,10.8,0.999421,0.940352,0,300.0,2.9966
1500,60,25,20,51.0,0.0,0.999925,0.936628,0,300.0,2.984
1500,60,25,20,51.0,3.6,0.999947,0.936773,0,300.0,2.9838
1500,60,25,20,51.0,7.2,0.999951,0.936434,0,300.0,2.984
1500,60,25,20,51.0,10.8,0.999969,0.936937,0,300.0,2.9841
1500,60,25,20,51.0,0.0,0.999925,0.936628,0,300.0,2.984
1500,60,25,20,51.0,3.6,0.999947,0.936773,0,300.0,2.9838
1500,60,25,20,51.0,7.2,0.999951,0.936434,0,300.0,2.984
1500,60,25,20,51.0,10.8,0.999969,0.936937,0,300.0,2.9841
1500,125,12,83,50.0,0.0,0.999728,0.974484,0,300.0,2.9961
1500,125,12,83,50.0,7.5,0.999744,0.974272,0,300.0,2.9961
1500,125,12,83,50.0,15.0,0.999729,0.974503,0,300.0,2.9971
1500,125,12,83,50.0,22.5,0.999724,0.974415,0,300.0,2.9962
1500,125,12,42,51.0,0.0,0.999204,0.931131,0,600.0,2.9837
1500,125,12,42,51.0,7.5,0.999158,0.931141,0,300.0,2.9868
1500,125,12,42,51.0,15.0,0.999172,0.931118,0,600.0,2.9835
1500,125,12,42,51.0,22.5,0.99912,0.930887,0,600.0,2.9803
1500,125,12,83,50.0,0.0,0.999728,0.974484,0,300.0,2.9961
1500,125,12,83,50.0,7.5,0.999744,0.974272,0,300.0,2.9961
1500,125,12,83,50.0,15.0,0.999729,0.974503,0,300.0,2.9971
1500,125,12,83,50.0,22.5,0.999724,0.974415,0,300.0,2.9962
1500,100,15,25,51.0,0.0,0.999626,0.962423,0,300.0,2.9832
1500,100,15,25,51.0,6.0,0.999641,0.962542,0,300.0,2.9832
1500,100,15,25,51.0,12.0,0.999651,0.962442,0,300.0,2.9832
1500,100,15,25,51.0,18.0,0.999622,0.96235,0,300.0,2.9833
1500,100,15,25,51.0,0.0,0.999626,0.962423,0,300.0,2.9832
1500,100,15,25,51.0,6.0,0.999641,0.962542,0,300.0,2.9832
1500,100,15,25,51.0,12.0,0.999651,0.962442,0,300.0,2.9832
1500,100,15,25,51.0,18.0,0.999622,0.96235,0,300.0,2.9833
1500,125,12,42,51.0,0.0,0.999204,0.931131,0,600.0,2.9837
1500,125,12,42,51.0,7.5,0.999158,0.931141,0,300.0,2.9868
1500,125,12,42,51.0,15.0,0.999172,0.931118,0,600.0,2.9835
1500,125,12,42,51.0,22.5,0.99912,0.930887,0,600.0,2.9803
1500,250,6,208,50.0,0.0,0.999718,0.965603,0,300.0,2.9953
1500,250,6,208,50.0,15.0,0.999727,0.96404,0,300.0,2.9966
1500,250,6,208,50.0,30.0,0.99968,0.96552,0,300.0,2.9958
1500,250,6,208,50.0,45.0,0.999797,0.963868,0,300.0,2.9967
1500,250,6,208,50.0,0.0,0.999718,0.965603,0,300.0,2.9953
1500,250,6,208,50.0,15.0,0.999727,0.96404,0,300.0,2.9966
1500,250,6,208,50.0,30.0,0.99968,0.96552,0,300.0,2.9958
1500,250,6,208,50.0,45.0,0.999797,0.963868,0,300.0,2.9967
1500,60,25,15,51.0,0.0,0.999191,0.970295,0,300.0,2.984
1500,60,25,15,51.0,3.6,0.99921,0.970285,0,300.0,2.984
1500,60,25,15,51.0,7.2,0.99922,0.970335,0,300.0,2.9839
1500,60,25,15,51.0,10.8,0.999186,0.97043,0,300.0,2.984
1500,60,25,15,51.0,0.0,0.999191,0.970295,0,300.0,2.984
1500,60,25,15,51.0,3.6,0.99921,0.970285,0,300.0,2.984
1500,60,25,15,51.0,7.2,0.99922,0.970335,0,300.0,2.9839
1500,60,25,15,51.0,10.8,0.999186,0.97043,0,300.0,2.984
1500,60,25,15,50.0,0.0,0.997833,0.971823,0,300.0,2.9956
1500,60,25,15,50.0,3.6,0.997853,0.971827,0,300.0,2.9959
1500,60,25,15,50.0,7.2,0.997861,0.971874,0,300.0,2.9959
1500,60,25,15,50.0,10.8,0.997849,0.971863,0,300.0,2.9959
1500,60,25,15,50.0,0.0,0.997833,0.971823,0,300.0,2.9956
1500,60,25,15,50.0,3.6,0.997853,0.971827,0,300.0,2.9959
1500,60,25,15,50.0,7.2,0.997861,0.971874,0,300.0,2.9959
1500,60,25,15,50.0,10.8,0.997849,0.971863,0,300.0,2.9959
1500,100,15,25,50.0,0.0,0.996585,0.967188,0,300.0,2.9962
1500,100,15,25,50.0,6.0,0.996598,0.967163,0,300.0,2.9965
1500,100,15,25,50.0,12.0,0.996594,0.96722,0,300.0,2.9964
1500,100,15,25,50.0,18.0,0.996578,0.967243,0,300.0,2.9962
1500,100,15,25,50.0,0.0,0.996585,0.967188,0,300.0,2.9962
1500,100,15,25,50.0,6.0,0.996598,0.967163,0,300.0,2.9965
1500,100,15,25,50.0,12.0,0.996594,0.96722,0,300.0,2.9964
1500,100,15,25,50.0,18.0,0.996578,0.967243,0,300.0,2.9962
1500,60,25,19,50.75,0.0,0.993423,0.944095,0,600.0,2.9868
1500,60,25,19,50.75,3.6,0.993276,0.944565,0,600.0,2.987
1500,60,25,19,50.75,7.2,0.993594,0.944027,0,600.0,2.9869
1500,60,25,19,50.75,10.8,0.993643,0.943809,0,600.0,2.9873
1500,60,25,19,51.25,0.0,0.992044,0.943019,0,600.0,2.9809
1500,60,25,19,51.25,3.6,0.992092,0.94323,0,600.0,2.9809
1500,60,25,19,51.25,7.2,0.992237,0.942733,0,600.0,2.9814
1500,60,25,19,51.25,10.8,0.992231,0.942786,0,600.0,2.981
1500,60,25,20,50.75,0.0,0.999717,0.937691,0,300.0,2.9866
1500,60,25,20,50.75,3.6,0.999673,0.937721,0,300.0,2.9874
1500,60,25,20,50.75,7.2,0.999748,0.937951,0,300.0,2.9869
1500,60,25,20,50.75,10.8,0.999797,0.937704,0,300.0,2.9872
1500,60,25,20,51.25,0.0,0.999982,0.935793,0,300.0,2.9808
1500,60,25,20,51.25,3.6,0.999982,0.93573,0,300.0,2.9804
1500,60,25,20,51.25,7.2,0.999982,0.935605,0,300.0,2.9814
1500,60,25,20,51.25,10.8,1.0,0.935647,1,0.0,2.9813
1500,60,25,21,50.75,0.0,0.983078,0.922926,0,600.0,2.987
1500,60,25,21,50.75,3.6,0.983161,0.923104,0,600.0,2.9875
1500,60,25,21,50.75,7.2,0.983037,0.923326,0,600.0,2.9873
1500,60,25,21,50.75,10.8,0.982911,0.923183,0,600.0,2.9871
1500,60,25,21,51.25,0.0,0.982168,0.921144,0,600.0,2.9811
1500,60,25,21,51.25,3.6,0.982169,0.921096,0,600.0,2.9812
1500,60,25,21,51.25,7.2,0.981984,0.921182,0,600.0,2.9807
1500,60,25,21,51.25,10.8,0.98191,0.921331,0,600.0,2.9809
1500,125,12,82,49.75,0.0,0.997385,0.966784,0,300.0,2.991
1500,125,12,82,49.75,7.5,0.99739,0.966867,0,300.0,2.9909
1500,125,12,82,49.75,15.0,0.99741,0.966906,0,300.0,2.9912
1500,125,12,82,49.75,22.5,0.997428,0.966948,0,300.0,2.9912
1500,125,12,82,50.25,0.0,0.997677,0.966606,0,300.0,2.9987
1500,125,12,82,50.25,7.5,0.997667,0.966612,0,300.0,2.9985
1500,125,12,82,50.25,15.0,0.997706,0.966542,0,300.0,2.9985
1500,125,12,82,50.25,22.5,0.997691,0.966681,0,300.0,2.9985
1500,125,12,83,49.75,0.0,0.999829,0.973216,0,300.0,2.9907
1500,125,12,83,49.75,7.5,0.999886,0.973004,0,300.0,2.9914
1500,125,12,83,49.75,15.0,0.999876,0.97305,0,300.0,2.9913
1500,125,12,83,49.75,22.5,0.999838,0.973315,0,300.0,2.9908
1500,125,12,83,50.25,0.0,0.999609,0.974159,0,300.0,2.9987
1500,125,12,83,50.25,7.5,0.999576,0.973966,0,300.0,2.9977
1500,125,12,83,50.25,15.0,0.99959,0.974179,0,300.0,2.9985
1500,125,12,83,50.25,22.5,0.99958,0.973952,0,300.0,2.9993
1500,125,12,84,49.75,0.0,0.999755,0.978326,0,300.0,2.9916
1500,125,12,84,49.75,7.5,0.999745,0.978335,0,300.0,2.991
1500,125,12,84,49.75,15.0,0.99977,0.977805,0,300.0,2.991
1500,125,12,84,49.75,22.5,0.999779,0.977621,0,300.0,2.9911
1500,125,12,84,50.25,0.0,0.999564,0.976667,0,300.0,2.9992
1500,125,12,84,50.25,7.5,0.999543,0.976713,0,300.0,2.9994
1500,125,12,84,50.25,15.0,0.999568,0.976559,0,300.0,2.9987
1500,125,12,84,50.25,22.5,0.999597,0.976444,0,300.0,2.9987
1520,38,40,32,50.0,0.0,0.999976,0.977852,0,300.0,3.037
1520,38,40,32,50.0,2.25,0.999981,0.977613,0,300.0,3.0363
1520,38,40,32,50.0,4.5,0.999981,0.977676,0,300.0,3.036
1520,38,40,32,50.0,6.75,0.999971,0.977414,0,300.0,3.0366
1520,38,40,32,50.0,0.0,0.999976,0.977852,0,300.0,3.037
1520,38,40,32,50.0,2.25,0.999981,0.977613,0,300.0,3.0363
1520,38,40,32,50.0,4.5,0.999981,0.977676,0,300.0,3.036
1520,38,40,32,50.0,6.75,0.999971,0.977414,0,300.0,3.0366
1520,38,40,25,50.0,0.0,0.999594,0.965477,0,300.0,3.0363
1520,38,40,25,50.0,2.25,0.999589,0.965521,0,300.0,3.0361
1520,38,40,25,50.0,4.5,0.999628,0.965319,0,300.0,3.0363
1520,38,40,25,50.0,6.75,0.999609,0.96549,0,300.0,3.0364
1520,38,40,25,50.0,0.0,0.999594,0.965477,0,300.0,3.0363
1520,38,40,25,50.0,2.25,0.999589,0.965521,0,300.0,3.0361
1520,38,40,25,50.0,4.5,0.999628,0.965319,0,300.0,3.0363
1520,38,40,25,50.0,6.75,0.999609,0.96549,0,300.0,3.0364
1520,95,16,48,50.0,0.0,0.998535,0.964601,0,300.0,3.0359
1520,95,16,48,50.0,5.625,0.998549,0.96419,0,300.0,3.0359
1520,95,16,48,50.0,11.25,0.998525,0.964497,0,300.0,3.0358
1520,95,16,48,50.0,16.875,0.99853,0.964514,0,300.0,3.0366
1520,95,16,48,50.0,0.0,0.998535,0.964601,0,300.0,3.0359
1520,95,16,48,50.0,5.625,0.998549,0.96419,0,300.0,3.0359
1520,95,16,48,50.0,11.25,0.998525,0.964497,0,300.0,3.0358
1520,95,16,48,50.0,16.875,0.99853,0.964514,0,300.0,3.0366
1520,40,38,33,50.0,0.0,0.998264,0.960376,0,300.0,3.0357
1520,40,38,33,50.0,2.368,0.998283,0.960461,0,300.0,3.0363
1520,40,38,33,50.0,4.737,0.998254,0.960258,0,300.0,3.0363
1520,40,38,33,50.0,7.105,0.998249,0.960245,0,300.0,3.0359
1520,38,40,0,51.0,0.0,0.999882,0.957078,0,300.0,3.0237
1520,38,40,0,51.0,2.25,0.999886,0.957293,0,300.0,3.0232
1520,38,40,0,51.0,4.5,0.999877,0.95738,0,300.0,3.0238
1520,38,40,0,51.0,6.75,0.999873,0.956948,0,300.0,3.0232
1520,40,38,33,50.0,0.0,0.998264,0.960376,0,300.0,3.0357
1520,40,38,33,50.0,2.368,0.998283,0.960461,0,300.0,3.0363
1520,40,38,33,50.0,4.737,0.998254,0.960258,0,300.0,3.0363
1520,40,38,33,50.0,7.105,0.998249,0.960245,0,300.0,3.0359
1520,38,40,25,51.0,0.0,0.999556,0.954955,0,300.0,3.0233
1520,38,40,25,51.0,2.25,0.999586,0.955085,0,300.0,3.0237
1520,38,40,25,51.0,4.5,0.99962,0.955249,0,300.0,3.0237
1520,38,40,25,51.0,6.75,0.999591,0.955192,0,300.0,3.0233
1520,40,38,33,51.0,0.0,0.998058,0.954055,0,300.0,3.0236
1520,40,38,33,51.0,2.368,0.998077,0.953921,0,300.0,3.0234
1520,40,38,33,51.0,4.737,0.998034,0.954079,0,300.0,3.0238
1520,40,38,33,51.0,7.105,0.998054,0.954174,0,300.0,3.0238
1520,40,38,33,51.0,0.0,0.998058,0.954055,0,300.0,3.0236
1520,40,38,33,51.0,2.368,0.998077,0.953921,0,300.0,3.0234
1520,40,38,33,51.0,4.737,0.998034,0.954079,0,300.0,3.0238
1520,40,38,33,51.0,7.105,0.998054,0.954174,0,300.0,3.0238
1520,38,40,32,51.0,0.0,0.999851,0.973597,0,300.0,3.0232
1520,38,40,32,51.0,2.25,0.999865,0.973591,0,300.0,3.0233
1520,38,40,32,51.0,4.5,0.999885,0.973519,0,300.0,3.0233
1520,38,40,32,51.0,6.75,0.999856,0.973578,0,300.0,3.0236
1520,38,40,32,51.0,0.0,0.999851,0.973597,0,300.0,3.0232
1520,38,40,32,51.0,2.25,0.999865,0.973591,0,300.0,3.0233
1520,38,40,32,51.0,4.5,0.999885,0.973519,0,300.0,3.0233
1520,38,40,32,51.0,6.75,0.999856,0.973578,0,300.0,3.0236
1520,95,16,23,51.0,0.0,0.999382,0.974904,0,300.0,3.0233
1520,95,16,23,51.0,5.625,0.999343,0.974942,0,300.0,3.0234
1520,95,16,23,51.0,11.25,0.999363,0.975018,0,300.0,3.0239
1520,95,16,23,51.0,16.875,0.999407,0.974927,0,300.0,3.0236
1520,95,16,23,51.0,0.0,0.999382,0.974904,0,300.0,3.0233
1520,95,16,23,51.0,5.625,0.999343,0.974942,0,300.0,3.0234
1520,95,16,23,51.0,11.25,0.999363,0.975018,0,300.0,3.0239
1520,95,16,23,51.0,16.875,0.999407,0.974927,0,300.0,3.0236
1520,95,16,23,50.0,0.0,0.998631,0.976586,0,300.0,3.037
1520,95,16,23,50.0,5.625,0.998615,0.976369,0,300.0,3.0367
1520,95,16,23,50.0,11.25,0.998636,0.97652,0,300.0,3.0372
1520,95,16,23,50.0,16.875,0.998657,0.97645,0,300.0,3.0371
1520,95,16,23,50.0,0.0,0.998631,0.976586,0,300.0,3.037
1520,95,16,23,50.0,5.625,0.998615,0.976369,0,300.0,3.0367
1520,95,16,23,50.0,11.25,0.998636,0.97652,0,300.0,3.0372
1520,95,16,23,50.0,16.875,0.998657,0.97645,0,300.0,3.0371
1520,38,40,37,50.0,0.0,0.999684,0.968095,0,300.0,3.0367
1520,38,40,37,50.0,2.25,0.999636,0.967902,0,300.0,3.0361
1520,38,40,37,50.0,4.5,0.999689,0.968301,0,300.0,3.0364
1520,38,40,37,50.0,6.75,0.999659,0.968218,0,300.0,3.0366
1520,38,40,37,50.0,0.0,0.999684,0.968095,0,300.0,3.0367
1520,38,40,37,50.0,2.25,0.999636,0.967902,0,300.0,3.0361
1520,38,40,37,50.0,4.5,0.999689,0.968301,0,300.0,3.0364
1520,38,40,37,50.0,6.75,0.999659,0.968218,0,300.0,3.0366
1520,38,40,37,51.0,0.0,0.999829,0.965268,0,300.0,3.0233
1520,38,40,37,51.0,2.25,0.999804,0.965259,0,300.0,3.0233
1520,38,40,37,51.0,4.5,0.999804,0.965152,0,300.0,3.0231
1520,38,40,37,51.0,6.75,0.999819,0.965383,0,300.0,3.0237
1520,38,40,31,49.75,0.0,0.999212,0.977262,0,600.0,3.0333
1520,38,40,31,49.75,2.25,0.999198,0.977182,0,600.0,3.0331
1520,38,40,31,49.75,4.5,0.999233,0.977193,0,600.0,3.0333
1520,38,40,31,49.75,6.75,0.999194,0.977163,0,600.0,3.033
1520,38,40,31,50.25,0.0,0.999024,0.977497,0,600.0,3.0401
1520,38,40,31,50.25,2.25,0.999029,0.977364,0,600.0,3.04
1520,38,40,31,50.25,4.5,0.999035,0.977376,0,600.0,3.04
1520,38,40,31,50.25,6.75,0.999035,0.977406,0,600.0,3.0397
1520,38,40,32,49.75,0.0,0.999995,0.975208,0,300.0,3.0308
1520,38,40,32,49.75,2.25,0.99999,0.97536,0,300.0,3.0312
1520,38,40,32,49.75,4.5,0.999986,0.975486,0,300.0,3.031
1520,38,40,32,49.75,6.75,1.0,0.975188,1,0.0,3.0308
1520,38,40,32,50.25,0.0,0.999971,0.976853,0,300.0,3.0389
1520,38,40,32,50.25,2.25,0.999962,0.976619,0,300.0,3.0388
1520,38,40,32,50.25,4.5,0.999947,0.976964,0,300.0,3.039
1520,38,40,32,50.25,6.75,0.999966,0.976596,0,300.0,3.0383
1520,38,40,33,49.75,0.0,0.999135,0.975388,0,300.0,3.0306
1520,38,40,33,49.75,2.25,0.999106,0.9752,0,600.0,3.0311
1520,38,40,33,49.75,4.5,0.99913,0.975173,0,600.0,3.0305
1520,38,40,33,49.75,6.75,0.99913,0.975376,0,300.0,3.0311
1520,38,40,33,50.25,0.0,0.998975,0.97702,0,600.0,3.0391
1520,38,40,33,50.25,2.25,0.998956,0.976862,0,600.0,3.0386
1520,38,40,33,50.25,4.5,0.99898,0.977015,0,600.0,3.0384
1520,38,40,33,50.25,6.75,0.998975,0.976813,0,600.0,3.0384
1520,38,40,31,49.75,0.0,0.999212,0.977262,0,600.0,3.0333
1520,38,40,31,49.75,2.25,0.999198,0.977182,0,600.0,3.0331
1520,38,40,31,49.75,4.5,0.999233,0.977193,0,600.0,3.0333
1520,38,40,31,49.75,6.75,0.999194,0.977163,0,600.0,3.033
1520,38,40,31,50.25,0.0,0.999024,0.977497,0,600.0,3.0401
1520,38,40,31,50.25,2.25,0.999029,0.977364,0,600.0,3.04
1520,38,40,31,50.25,4.5,0.999035,0.977376,0,600.0,3.04
1520,38,40,31,50.25,6.75,0.999035,0.977406,0,600.0,3.0397
1520,38,40,32,49.75,0.0,0.999995,0.975208,0,300.0,3.0308
1520,38,40,32,49.75,2.25,0.99999,0.97536,0,300.0,3.0312
1520,38,40,32,49.75,4.5,0.999986,0.975486,0,300.0,3.031
1520,38,40,32,49.75,6.75,1.0,0.975188,1,0.0,3.0308
1520,38,40,32,50.25,0.0,0.999971,0.976853,0,300.0,3.0389
1520,38,40,32,50.25,2.25,0.999962,0.976619,0,300.0,3.0388
1520,38,40,32,50.25,4.5,0.999947,0.976964,0,300.0,3.039
1520,38,40,32,50.25,6.75,0.999966,0.976596,0,300.0,3.0383
1520,38,40,33,49.75,0.0,0.999135,0.975388,0,300.0,3.0306
1520,38,40,33,49.75,2.25,0.999106,0.9752,0,600.0,3.0311
1520,38,40,33,49.75,4.5,0.99913,0.975173,0,600.0,3.0305
1520,38,40,33,49.75,6.75,0.99913,0.975376,0,300.0,3.0311
1520,38,40,33,50.25,0.0,0.998975,0.97702,0,600.0,3.0391
1520,38,40,33,50.25,2.25,0.998956,0.976862,0,600.0,3.0386
1520,38,40,33,50.25,4.5,0.99898,0.977015,0,600.0,3.0384
1520,38,40,33,50.25,6.75,0.998975,0.976813,0,600.0,3.0384
1540,35,44,23,50.0,0.0,0.999995,0.982898,0,300.0,3.0759
1540,35,44,23,50.0,2.045,1.0,0.983032,1,0.0,3.076
1540,35,44,23,50.0,4.091,0.99999,0.983125,0,300.0,3.0765
1540,35,44,23,50.0,6.136,0.999995,0.9831,0,300.0,3.0768
1540,35,44,23,50.0,0.0,0.999995,0.982898,0,300.0,3.0759
1540,35,44,23,50.0,2.045,1.0,0.983032,1,0.0,3.076
1540,35,44,23,50.0,4.091,0.99999,0.983125,0,300.0,3.0765
1540,35,44,23,50.0,6.136,0.999995,0.9831,0,300.0,3.0768
1540,154,10,26,50.0,0.0,0.99938,0.97772,0,300.0,3.0766
1540,154,10,26,50.0,9.0,0.999169,0.978938,0,300.0,3.0758
1540,154,10,26,50.0,18.0,0.99957,0.977038,0,300.0,3.0769
1540,154,10,26,50.0,27.0,0.999855,0.976385,0,300.0,3.0765
1540,154,10,26,50.0,0.0,0.99938,0.97772,0,300.0,3.0766
1540,154,10,26,50.0,9.0,0.999169,0.978938,0,300.0,3.0758
1540,154,10,26,50.0,18.0,0.99957,0.977038,0,300.0,3.0769
1540,154,10,26,50.0,27.0,0.999855,0.976385,0,300.0,3.0765
1540,220,7,183,50.0,0.0,1.0,0.972099,1,0.0,3.0763
1540,220,7,183,50.0,12.857,1.0,0.97217,1,0.0,3.0766
1540,220,7,183,50.0,25.714,1.0,0.972103,1,0.0,3.0761
1540,220,7,183,50.0,38.571,1.0,0.972041,1,0.0,3.076
1540,220,7,183,50.0,0.0,1.0,0.972099,1,0.0,3.0763
1540,220,7,183,50.0,12.857,1.0,0.97217,1,0.0,3.0766
1540,220,7,183,50.0,25.714,1.0,0.972103,1,0.0,3.0761
1540,220,7,183,50.0,38.571,1.0,0.972041,1,0.0,3.076
1540,55,28,9,50.0,0.0,0.997565,0.970566,0,300.0,3.0769
1540,55,28,9,50.0,3.214,0.997571,0.970457,0,300.0,3.0747
1540,55,28,9,50.0,6.429,0.997541,0.970482,0,300.0,3.0762
1540,55,28,9,50.0,9.643,0.997804,0.970798,0,300.0,3.0774
1540,35,44,18,50.0,0.0,0.999382,0.972915,0,300.0,3.0761
1540,35,44,18,50.0,2.045,0.999387,0.973064,0,300.0,3.0755
1540,35,44,18,50.0,4.091,0.999392,0.972988,0,300.0,3.0763
1540,35,44,18,50.0,6.136,0.999396,0.972952,0,300.0,3.0765
1540,55,28,9,50.0,0.0,0.997565,0.970566,0,300.0,3.0769
1540,55,28,9,50.0,3.214,0.997571,0.970457,0,300.0,3.0747
1540,55,28,9,50.0,6.429,0.997541,0.970482,0,300.0,3.0762
1540,55,28,9,50.0,9.643,0.997804,0.970798,0,300.0,3.0774
1540,55,28,9,51.0,0.0,0.99525,0.96654,0,300.0,3.0624
1540,55,28,9,51.0,3.214,0.995308,0.966227,0,300.0,3.0638
1540,55,28,9,51.0,6.429,0.995254,0.966594,0,300.0,3.0629
1540,55,28,9,51.0,9.643,0.995517,0.966363,0,300.0,3.063
1540,55,28,9,51.0,0.0,0.99525,0.96654,0,300.0,3.0624
1540,55,28,9,51.0,3.214,0.995308,0.966227,0,300.0,3.0638
1540,55,28,9,51.0,6.429,0.995254,0.966594,0,300.0,3.0629
1540,55,28,9,51.0,9.643,0.995517,0.966363,0,300.0,3.063
1540,220,7,183,51.0,0.0,1.0,0.966471,1,0.0,3.0634
1540,220,7,183,51.0,12.857,1.0,0.966577,1,0.0,3.0631
1540,220,7,183,51.0,25.714,1.0,0.966675,1,0.0,3.0631
1540,220,7,183,51.0,38.571,1.0,0.966561,1,0.0,3.0632
1540,35,44,23,51.0,0.0,0.999887,0.978473,0,300.0,3.0632
1540,35,44,23,51.0,2.045,0.999868,0.97851,0,300.0,3.0629
1540,35,44,23,51.0,4.091,0.999877,0.978641,0,300.0,3.0631
1540,35,44,23,51.0,6.136,0.999907,0.978621,0,300.0,3.0633
1540,35,44,23,51.0,0.0,0.999887,0.978473,0,300.0,3.0632
1540,35,44,23,51.0,2.045,0.999868,0.97851,0,300.0,3.0629
1540,35,44,23,51.0,4.091,0.999877,0.978641,0,300.0,3.0631
1540,35,44,23,51.0,6.136,0.999907,0.978621,0,300.0,3.0633
1540,35,44,29,50.0,0.0,0.999879,0.976061,0,300.0,3.0759
1540,35,44,29,50.0,2.045,0.999849,0.976197,0,300.0,3.0765
1540,35,44,29,50.0,4.091,0.999839,0.976083,0,300.0,3.0764
1540,35,44,29,50.0,6.136,0.999864,0.976118,0,300.0,3.0765
1540,35,44,29,50.0,0.0,0.999879,0.976061,0,300.0,3.0759
1540,35,44,29,50.0,2.045,0.999849,0.976197,0,300.0,3.0765
1540,35,44,29,50.0,4.091,0.999839,0.976083,0,300.0,3.0764
1540,35,44,29,50.0,6.136,0.999864,0.976118,0,300.0,3.0765
1540,35,44,29,51.0,0.0,0.999632,0.972659,0,300.0,3.063
1540,35,44,29,51.0,2.045,0.999637,0.97294,0,300.0,3.0631
1540,35,44,29,51.0,4.091,0.999652,0.973031,0,300.0,3.0632
1540,35,44,29,51.0,6.136,0.999657,0.972737,0,300.0,3.0632
1540,35,44,18,50.0,0.0,0.999382,0.972915,0,300.0,3.0761
1540,35,44,18,50.0,2.045,0.999387,0.973064,0,300.0,3.0755
1540,35,44,18,50.0,4.091,0.999392,0.972988,0,300.0,3.0763
1540,35,44,18,50.0,6.136,0.999396,0.972952,0,300.0,3.0765
1540,35,44,29,51.0,0.0,0.999632,0.972659,0,300.0,3.063
1540,35,44,29,51.0,2.045,0.999637,0.97294,0,300.0,3.0631
1540,35,44,29,51.0,4.091,0.999652,0.973031,0,300.0,3.0632
1540,35,44,29,51.0,6.136,0.999657,0.972737,0,300.0,3.0632
1540,35,44,22,49.75,0.0,0.999929,0.981736,0,300.0,3.0714
1540,35,44,22,49.75,2.045,0.999953,0.981905,0,300.0,3.0705
1540,35,44,22,49.75,4.091,0.999919,0.981588,0,300.0,3.0707
1540,35,44,22,49.75,6.136,0.999886,0.981424,0,300.0,3.0709
1540,35,44,22,50.25,0.0,0.999995,0.981415,0,300.0,3.0784
1540,35,44,22,50.25,2.045,1.0,0.980789,1,0.0,3.0781
1540,35,44,22,50.25,4.091,0.999995,0.981322,0,300.0,3.0778
1540,35,44,22,50.25,6.136,0.99999,0.981974,0,300.0,3.0798
1540,35,44,23,49.75,0.0,1.0,0.981828,1,0.0,3.0707
1540,35,44,23,49.75,2.045,0.999995,0.981776,0,300.0,3.0708
1540,35,44,23,49.75,4.091,0.99999,0.981926,0,300.0,3.071
1540,35,44,23,49.75,6.136,1.0,0.982171,1,0.0,3.0717
1540,35,44,23,50.25,0.0,0.99998,0.982594,0,300.0,3.0783
1540,35,44,23,50.25,2.045,0.99998,0.982527,0,300.0,3.0785
1540,35,44,23,50.25,4.091,0.999985,0.982704,0,300.0,3.0789
1540,35,44,23,50.25,6.136,0.999995,0.982687,0,300.0,3.0791
1540,35,44,24,49.75,0.0,0.999941,0.981323,0,300.0,3.0704
1540,35,44,24,49.75,2.045,0.999936,0.981578,0,300.0,3.0704
1540,35,44,24,49.75,4.091,0.999921,0.981489,0,300.0,3.0706
1540,35,44,24,49.75,6.136,0.999946,0.981313,0,300.0,3.0701
1540,35,44,24,50.25,0.0,0.999961,0.983452,0,300.0,3.0785
1540,35,44,24,50.25,2.045,0.999956,0.983631,0,300.0,3.079
1540,35,44,24,50.25,4.091,0.999931,0.983431,0,300.0,3.0785
1540,35,44,24,50.25,6.136,0.999951,0.983438,0,300.0,3.0785
1540,35,44,22,49.75,0.0,0.999929,0.981736,0,300.0,3.0714
1540,35,44,22,49.75,2.045,0.999953,0.981905,0,300.0,3.0705
1540,35,44,22,49.75,4.091,0.999919,0.981588,0,300.0,3.0707
1540,35,44,22,49.75,6.136,0.999886,0.981424,0,300.0,3.0709
1540,35,44,22,50.25,0.0,0.999995,0.981415,0,300.0,3.0784
1540,35,44,22,50.25,2.045,1.0,0.980789,1,0.0,3.0781
1540,35,44,22,50.25,4.091,0.999995,0.981322,0,300.0,3.0778
1540,35,44,22,50.25,6.136,0.99999,0.981974,0,300.0,3.0798
1540,35,44,23,49.75,0.0,1.0,0.981828,1,0.0,3.0707
1540,35,44,23,49.75,2.045,0.999995,0.981776,0,300.0,3.0708
1540,35,44,23,49.75,4.091,0.99999,0.981926,0,300.0,3.071
1540,35,44,23,49.75,6.136,1.0,0.982171,1,0.0,3.0717
1540,35,44,23,50.25,0.0,0.99998,0.982594,0,300.0,3.0783
1540,35,44,23,50.25,2.045,0.99998,0.982527,0,300.0,3.0785
1540,35,44,23,50.25,4.091,0.999985,0.982704,0,300.0,3.0789
1540,35,44,23,50.25,6.136,0.999995,0.982687,0,300.0,3.0791
1540,35,44,24,49.75,0.0,0.999941,0.981323,0,300.0,3.0704
1540,35,44,24,49.75,2.045,0.999936,0.981578,0,300.0,3.0704
1540,35,44,24,49.75,4.091,0.999921,0.981489,0,300.0,3.0706
1540,35,44,24,49.75,6.136,0.999946,0.981313,0,300.0,3.0701
1540,35,44,24,50.25,0.0,0.999961,0.983452,0,300.0,3.0785
1540,35,44,24,50.25,2.045,0.999956,0.983631,0,300.0,3.079
1540,35,44,24,50.25,4.091,0.999931,0.983431,0,300.0,3.0785
1540,35,44,24,50.25,6.136,0.999951,0.983438,0,300.0,3.0785
1560,130,12,87,50.0,0.0,1.0,0.987248,1,0.0,3.116
1560,130,12,87,50.0,7.5,1.0,0.987488,1,0.0,3.1163
1560,130,12,87,50.0,15.0,1.0,0.987343,1,0.0,3.116
1560,130,12,87,50.0,22.5,1.0,0.987516,1,0.0,3.1166
1560,130,12,87,50.0,0.0,1.0,0.987248,1,0.0,3.116
1560,130,12,87,50.0,7.5,1.0,0.987488,1,0.0,3.1163
1560,130,12,87,50.0,15.0,1.0,0.987343,1,0.0,3.116
1560,130,12,87,50.0,22.5,1.0,0.987516,1,0.0,3.1166
1560,39,40,32,50.0,0.0,1.0,0.982511,1,0.0,3.1164
1560,39,40,32,50.0,2.25,1.0,0.982154,1,0.0,3.1153
1560,39,40,32,50.0,4.5,1.0,0.982651,1,0.0,3.1168
1560,39,40,32,50.0,6.75,0.999995,0.982582,0,300.0,3.1159
1560,39,40,32,50.0,0.0,1.0,0.982511,1,0.0,3.1164
1560,39,40,32,50.0,2.25,1.0,0.982154,1,0.0,3.1153
1560,39,40,32,50.0,4.5,1.0,0.982651,1,0.0,3.1168
1560,39,40,32,50.0,6.75,0.999995,0.982582,0,300.0,3.1159
1560,39,40,32,51.0,0.0,0.999933,0.979233,0,300.0,3.1036
1560,39,40,32,51.0,2.25,0.999909,0.979302,0,300.0,3.102
1560,39,40,32,51.0,4.5,0.999895,0.979131,0,300.0,3.1032
1560,39,40,32,51.0,6.75,0.999905,0.978947,0,300.0,3.1034
1560,60,26,15,51.0,0.0,1.0,0.97841,1,0.0,3.1035
1560,60,26,15,51.0,3.462,1.0,0.978386,1,0.0,3.1032
1560,60,26,15,51.0,6.923,1.0,0.978415,1,0.0,3.1034
1560,60,26,15,51.0,10.385,1.0,0.978546,1,0.0,3.1034
1560,39,40,38,50.0,0.0,1.0,0.976139,1,0.0,3.1172
1560,39,40,38,50.0,2.25,1.0,0.975351,1,0.0,3.1158
1560,39,40,38,50.0,4.5,1.0,0.97558,1,0.0,3.115
1560,39,40,38,50.0,6.75,1.0,0.975391,1,0.0,3.1168
1560,60,26,15,51.0,0.0,1.0,0.97841,1,0.0,3.1035
1560,60,26,15,51.0,3.462,1.0,0.978386,1,0.0,3.1032
1560,60,26,15,51.0,6.923,1.0,0.978415,1,0.0,3.1034
1560,60,26,15,51.0,10.385,1.0,0.978546,1,0.0,3.1034
1560,39,40,32,51.0,0.0,0.999933,0.979233,0,300.0,3.1036
1560,39,40,32,51.0,2.25,0.999909,0.979302,0,300.0,3.102
1560,39,40,32,51.0,4.5,0.999895,0.979131,0,300.0,3.1032
1560,39,40,32,51.0,6.75,0.999905,0.978947,0,300.0,3.1034
1560,156,10,26,50.0,0.0,0.99973,0.97731,0,300.0,3.1164
1560,156,10,26,50.0,9.0,0.999692,0.977494,0,300.0,3.1157
1560,156,10,26,50.0,18.0,0.999711,0.977448,0,300.0,3.1166
1560,156,10,26,50.0,27.0,0.999735,0.97737,0,300.0,3.1165
1560,156,10,26,50.0,0.0,0.99973,0.97731,0,300.0,3.1164
1560,156,10,26,50.0,9.0,0.999692,0.977494,0,300.0,3.1157
1560,156,10,26,50.0,18.0,0.999711,0.977448,0,300.0,3.1166
1560,156,10,26,50.0,27.0,0.999735,0.97737,0,300.0,3.1165
1560,39,40,38,51.0,0.0,0.999995,0.973022,0,300.0,3.1036
1560,39,40,38,51.0,2.25,1.0,0.972433,1,0.0,3.1025
1560,39,40,38,51.0,4.5,0.999995,0.972946,0,300.0,3.1029
1560,39,40,38,51.0,6.75,0.999985,0.972342,0,300.0,3.1032
1560,130,12,87,51.0,0.0,0.999778,0.984439,0,300.0,3.1029
1560,130,12,87,51.0,7.5,0.999773,0.984477,0,300.0,3.1034
1560,130,12,87,51.0,15.0,0.999792,0.984563,0,300.0,3.1027
1560,130,12,87,51.0,22.5,0.999788,0.984485,0,300.0,3.1031
1560,130,12,87,51.0,0.0,0.999778,0.984439,0,300.0,3.1029
1560,130,12,87,51.0,7.5,0.999773,0.984477,0,300.0,3.1034
1560,130,12,87,51.0,15.0,0.999792,0.984563,0,300.0,3.1027
1560,130,12,87,51.0,22.5,0.999788,0.984485,0,300.0,3.1031
1560,65,24,16,50.0,0.0,0.999562,0.984297,0,300.0,3.1163
1560,65,24,16,50.0,3.75,0.999557,0.984197,0,300.0,3.1154
1560,65,24,16,50.0,7.5,0.999513,0.984334,0,300.0,3.1163
1560,65,24,16,50.0,11.25,0.999542,0.984425,0,300.0,3.116
1560,65,24,16,51.0,0.0,0.999576,0.982446,0,300.0,3.1031
1560,65,24,16,51.0,3.75,0.999576,0.982664,0,300.0,3.1036
1560,65,24,16,51.0,7.5,0.999576,0.982737,0,300.0,3.1031
1560,65,24,16,51.0,11.25,0.99961,0.982598,0,300.0,3.1032
1560,65,24,16,50.0,0.0,0.999562,0.984297,0,300.0,3.1163
1560,65,24,16,50.0,3.75,0.999557,0.984197,0,300.0,3.1154
1560,65,24,16,50.0,7.5,0.999513,0.984334,0,300.0,3.1163
1560,65,24,16,50.0,11.25,0.999542,0.984425,0,300.0,3.116
1560,65,24,16,51.0,0.0,0.999576,0.982446,0,300.0,3.1031
1560,65,24,16,51.0,3.75,0.999576,0.982664,0,300.0,3.1036
1560,65,24,16,51.0,7.5,0.999576,0.982737,0,300.0,3.1031
1560,65,24,16,51.0,11.25,0.99961,0.982598,0,300.0,3.1032
1560,260,6,217,50.0,0.0,0.999182,0.978945,0,300.0,3.1161
1560,260,6,217,50.0,15.0,0.998976,0.979753,0,600.0,3.1165
1560,260,6,217,50.0,30.0,0.999045,0.979242,0,600.0,3.1162
1560,260,6,217,50.0,45.0,0.999249,0.979267,0,600.0,3.1165
1560,130,12,86,49.75,0.0,0.999333,0.983298,0,300.0,3.1104
1560,130,12,86,49.75,7.5,0.999308,0.983285,0,300.0,3.1104
1560,130,12,86,49.75,15.0,0.999303,0.983178,0,300.0,3.1106
1560,130,12,86,49.75,22.5,0.999308,0.983328,0,300.0,3.1105
1560,130,12,86,50.25,0.0,0.999083,0.98344,0,300.0,3.1185
1560,130,12,86,50.25,7.5,0.999107,0.983343,0,300.0,3.1185
1560,130,12,86,50.25,15.0,0.99915,0.983318,0,300.0,3.1185
1560,130,12,86,50.25,22.5,0.999107,0.983465,0,300.0,3.1188
1560,130,12,87,49.75,0.0,1.0,0.986081,1,0.0,3.1107
1560,130,12,87,49.75,7.5,1.0,0.986163,1,0.0,3.1109
1560,130,12,87,49.75,15.0,1.0,0.986117,1,0.0,3.1108
1560,130,12,87,49.75,22.5,1.0,0.98614,1,0.0,3.1108
1560,130,12,87,50.25,0.0,0.999967,0.987122,0,300.0,3.1184
1560,130,12,87,50.25,7.5,0.999953,0.987271,0,300.0,3.1187
1560,130,12,87,50.25,15.0,0.999949,0.987378,0,300.0,3.119
1560,130,12,87,50.25,22.5,0.999967,0.987413,0,300.0,3.1186
1560,130,12,88,49.75,0.0,1.0,0.986851,1,0.0,3.1108
1560,130,12,88,49.75,7.5,1.0,0.986859,1,0.0,3.1101
1560,130,12,88,49.75,15.0,1.0,0.986724,1,0.0,3.1104
1560,130,12,88,49.75,22.5,1.0,0.986765,1,0.0,3.1114
1560,130,12,88,50.25,0.0,0.999995,0.98604,0,300.0,3.118
1560,130,12,88,50.25,7.5,1.0,0.985887,1,0.0,3.1206
1560,130,12,88,50.25,15.0,1.0,0.986052,1,0.0,3.12
1560,130,12,88,50.25,22.5,1.0,0.985937,1,0.0,3.1167
1560,130,12,86,49.75,0.0,0.999333,0.983298,0,300.0,3.1104
1560,130,12,86,49.75,7.5,0.999308,0.983285,0,300.0,3.1104
1560,130,12,86,49.75,15.0,0.999303,0.983178,0,300.0,3.1106
1560,130,12,86,49.75,22.5,0.999308,0.983328,0,300.0,3.1105
1560,130,12,86,50.25,0.0,0.999083,0.98344,0,300.0,3.1185
1560,130,12,86,50.25,7.5,0.999107,0.983343,0,300.0,3.1185
1560,130,12,86,50.25,15.0,0.99915,0.983318,0,300.0,3.1185
1560,130,12,86,50.25,22.5,0.999107,0.983465,0,300.0,3.1188
1560,130,12,87,49.75,0.0,1.0,0.986081,1,0.0,3.1107
1560,130,12,87,49.75,7.5,1.0,0.986163,1,0.0,3.1109
1560,130,12,87,49.75,15.0,1.0,0.986117,1,0.0,3.1108
1560,130,12,87,49.75,22.5,1.0,0.98614,1,0.0,3.1108
1560,130,12,87,50.25,0.0,0.999967,0.987122,0,300.0,3.1184
1560,130,12,87,50.25,7.5,0.999953,0.987271,0,300.0,3.1187
1560,130,12,87,50.25,15.0,0.999949,0.987378,0,300.0,3.119
1560,130,12,87,50.25,22.5,0.999967,0.987413,0,300.0,3.1186
1560,130,12,88,49.75,0.0,1.0,0.986851,1,0.0,3.1108
1560,130,12,88,49.75,7.5,1.0,0.986859,1,0.0,3.1101
1560,130,12,88,49.75,15.0,1.0,0.986724,1,0.0,3.1104
1560,130,12,88,49.75,22.5,1.0,0.986765,1,0.0,3.1114
1560,130,12,88,50.25,0.0,0.999995,0.98604,0,300.0,3.118
1560,130,12,88,50.25,7.5,1.0,0.985887,1,0.0,3.1206
1560,130,12,88,50.25,15.0,1.0,0.986052,1,0.0,3.12
1560,130,12,88,50.25,22.5,1.0,0.985937,1,0.0,3.1167
