sequence,mode,stage,candidate_key,S,M,N,F,i,u0,status,strict_evidence,feasible,c1,c2,p30_reachable,p30_all,max_delay_s,reachable_count,late_reachable_count,unreachable_count,reason
0,discover,low,"[90,16,22,50.0,0.0,0.0]",1440,90,16,22,50.0,0.0,deferred,False,False,0.998810015776828,0.9614739531202173,0.24765984451848327,0.2438300531084036,0.1775269385601602,12606,9484,198,not_promoted_after_low
1,discover,low,"[90,16,22,50.0,0.0,11.25]",1440,90,16,22,50.0,11.25,deferred,False,False,0.9988617542213134,0.9612064179625358,0.24722838137472283,0.2438300531084036,0.17650155401291565,12628,9506,176,not_promoted_after_low
2,discover,low,"[90,16,22,50.0,0.0,16.875]",1440,90,16,22,50.0,16.875,deferred,False,False,0.9988617542213134,0.9611096627867326,0.24848484848484848,0.24336144954701655,0.1764919271649096,12540,9424,264,not_promoted_after_low
3,discover,low,"[90,16,22,50.0,0.0,5.625]",1440,90,16,22,50.0,5.625,deferred,False,False,0.9989134926657994,0.9612586435330425,0.2463515228426396,0.24258044361137146,0.17761171904606676,12608,9502,196,not_promoted_after_low
4,discover,low,"[90,16,22,50.25,0.0,11.25]",1440,90,16,22,50.25,11.25,deferred,False,False,0.998913492665799,0.9628733496113471,0.26069052898321193,0.2571071540143705,0.1762749425444021,12628,9336,176,not_promoted_after_low
5,discover,low,"[90,16,22,50.25,0.0,5.625]",1440,90,16,22,50.25,5.625,deferred,False,False,0.9990169695547708,0.9621210854343012,0.25904187817258884,0.2550765385816932,0.17732244209693626,12608,9342,196,not_promoted_after_low
6,discover,low,"[90,16,22,50.25,0.0,0.0]",1440,90,16,22,50.25,0.0,deferred,False,False,0.9988617542213136,0.9627035720551366,0.2589243217515469,0.2549203373945642,0.17729603831211072,12606,9342,198,not_promoted_after_low
7,discover,low,"[90,16,22,50.25,0.0,16.875]",1440,90,16,22,50.25,16.875,deferred,False,False,0.9988617542213134,0.962466732893599,0.2606272886483044,0.25570134333020933,0.17626626637437062,12562,9288,242,not_promoted_after_low
8,discover,low,"[120,12,80,50.0,0.0,7.5]",1440,120,12,80,50.0,7.5,deferred,False,False,0.9991857614067455,0.961069697532581,0.21868166198063105,0.21868166198063105,0.22350360805625252,12804,10004,0,not_promoted_after_low
9,discover,low,"[120,12,80,50.0,0.0,15.0]",1440,120,12,80,50.0,15.0,deferred,False,False,0.9991932834531176,0.9598340594700173,0.21805685723211496,0.21805685723211496,0.22344883396976895,12804,10012,0,not_promoted_after_low
10,discover,low,"[120,12,80,50.0,0.0,0.0]",1440,120,12,80,50.0,0.0,deferred,False,False,0.9992914903052477,0.9599439681746007,0.22071227741330834,0.22071227741330834,0.22352988121243053,12804,9978,0,not_promoted_after_low
11,discover,low,"[120,12,80,50.0,0.0,22.5]",1440,120,12,80,50.0,22.5,deferred,False,False,0.9992341126281734,0.9587028083055115,0.22039987503905029,0.22039987503905029,0.2234827680626722,12804,9982,0,not_promoted_after_low
12,discover,low,"[36,40,30,50.0,0.0,6.75]",1440,36,40,30,50.0,6.75,active,False,False,0.999112762508942,0.9571290448529732,0.6727585129646986,0.6727585129646986,0.07494146107071689,12804,4190,0,incomplete
13,discover,low,"[240,6,200,50.0,0.0,30.0]",1440,240,6,200,50.0,30.0,deferred,False,False,0.9988337631732819,0.9556959742533143,0.13835276132237723,0.11308965948141206,1.4246718445810131,10466,9018,2338,not_promoted_after_low
14,discover,low,"[37,40,31,50.0,0.0,0.0]",1480,37,40,31,50.0,0.0,active,False,False,0.9997930462220569,0.9690291345749841,0.6701611641370677,0.669009684473602,0.08983088920244242,12782,4216,22,incomplete
15,discover,low,"[37,40,31,50.0,0.0,2.25]",1480,37,40,31,50.0,2.25,active,False,False,0.9996895693330853,0.9705419905443242,0.6745423251447348,0.6733833177132146,0.07517928638178586,12782,4160,22,incomplete
16,discover,low,"[37,40,31,50.0,0.0,4.5]",1480,37,40,31,50.0,4.5,active,False,False,0.999534353999628,0.9700008018018781,0.674203171612498,0.6707278975320212,0.08983081200218623,12738,4150,66,incomplete
17,discover,low,"[37,40,31,50.0,0.0,6.75]",1480,37,40,31,50.0,6.75,active,False,False,0.9995879752578973,0.9699175420494729,0.673667711598746,0.6713527022805373,0.07514259789718598,12760,4164,44,incomplete
18,discover,low,"[37,40,30,50.25,0.0,0.0]",1480,37,40,30,50.25,0.0,active,False,False,0.9996510105850841,0.9661450928756216,0.6925960637300843,0.6925960637300843,0.08198545116845997,12804,3936,0,incomplete
19,discover,low,"[37,40,30,50.25,0.0,2.25]",1480,37,40,30,50.25,2.25,active,False,False,0.9997008662157864,0.9679828733057078,0.6966572945954389,0.6966572945954389,0.06653212467603299,12804,3884,0,incomplete
20,discover,low,"[37,40,30,50.25,0.0,4.5]",1480,37,40,30,50.25,4.5,active,False,False,0.9992023099087637,0.9675158410678877,0.6935332708528584,0.6935332708528584,0.08018577308486881,12804,3924,0,incomplete
21,discover,low,"[37,40,30,50.25,0.0,6.75]",1480,37,40,30,50.25,6.75,active,False,False,0.9999002887385955,0.9666450062366712,0.6952514839112778,0.6952514839112778,0.08433859687414319,12804,3902,0,incomplete
22,discover,low,"[37,40,31,50.25,0.0,0.0]",1480,37,40,31,50.25,0.0,active,False,False,0.9997930462220569,0.9681320381045833,0.6732905648568299,0.6721337082161825,0.07513281906484182,12782,4176,22,incomplete
23,discover,low,"[37,40,31,50.25,0.0,4.5]",1480,37,40,31,50.25,4.5,active,False,False,0.999534353999628,0.9691918063947995,0.6767153399277751,0.6732271165260856,0.07512409870441727,12738,4118,66,incomplete
24,discover,low,"[37,40,31,50.25,0.0,2.25]",1480,37,40,31,50.25,2.25,active,False,False,0.999586092444114,0.9692495790464949,0.6746987951807228,0.6735395189003437,0.07251547707451818,12782,4158,22,incomplete
25,discover,low,"[37,40,31,50.25,0.0,6.75]",1480,37,40,31,50.25,6.75,active,False,False,0.9995860924441138,0.9688606256534933,0.6769592476489028,0.6746329272102468,0.07250670269487054,12760,4122,44,incomplete
26,discover,low,"[37,40,32,50.25,0.0,0.0]",1480,37,40,32,50.25,0.0,active,False,False,0.9995261916171381,0.9692207964078434,0.6910340518587941,0.6910340518587941,0.07751672890820721,12804,3956,0,incomplete
27,discover,low,"[37,40,32,50.25,0.0,2.25]",1480,37,40,32,50.25,2.25,active,False,False,0.9994314299405659,0.9677616932943409,0.6891596376132458,0.6891596376132458,0.07742296132400338,12804,3980,0,incomplete
28,discover,low,"[37,40,32,50.25,0.0,6.75]",1480,37,40,32,50.25,6.75,active,False,False,0.9993366682639936,0.9679403792127574,0.6835363948766011,0.6835363948766011,0.07787331016432557,12804,4052,0,incomplete
29,discover,low,"[37,40,32,50.25,0.0,4.5]",1480,37,40,32,50.25,4.5,active,False,False,0.999763095808569,0.968619426373413,0.6850984067478912,0.6850984067478912,0.07779046220942215,12804,4032,0,incomplete
30,discover,low,"[37,40,30,49.75,0.0,4.5]",1480,37,40,30,49.75,4.5,deferred,False,False,0.9994017324315727,0.9637752897917162,0.6676038737894407,0.6676038737894407,0.0771165912610134,12804,4256,0,not_promoted_after_low
31,discover,low,"[37,40,30,49.75,0.0,2.25]",1480,37,40,30,49.75,2.25,active,False,False,0.9997507218464886,0.9627652356862683,0.669009684473602,0.669009684473602,0.06492400250013265,12804,4238,0,incomplete
32,discover,low,"[37,40,31,49.75,0.0,6.75]",1480,37,40,31,49.75,6.75,active,False,False,0.9997431905913546,0.96490233190973,0.6681818181818182,0.6658856607310215,0.07499392180639974,12760,4234,44,incomplete
33,discover,low,"[37,40,30,49.75,0.0,6.75]",1480,37,40,30,49.75,6.75,deferred,False,False,0.9995512993236796,0.9616041885551598,0.6679162761636989,0.6679162761636989,0.07865432022561922,12804,4252,0,not_promoted_after_low
34,discover,low,"[37,40,30,49.75,0.0,0.0]",1480,37,40,30,49.75,0.0,active,False,False,0.9991524542780615,0.963615303870152,0.6693220868478601,0.6693220868478601,0.07832178240563538,12804,4234,0,incomplete
35,discover,low,"[37,40,31,49.75,0.0,0.0]",1480,37,40,31,49.75,0.0,deferred,False,False,0.9997968118496239,0.963117086985623,0.6613988421217337,0.6602624179943768,0.08963858691372158,12782,4328,22,not_promoted_after_low
36,discover,low,"[37,40,31,49.75,0.0,4.5]",1480,37,40,31,49.75,4.5,deferred,False,False,0.9995860924441138,0.9653986952250699,0.6644685193907992,0.6610434239300219,0.08963851385451053,12738,4274,66,not_promoted_after_low
37,discover,low,"[37,40,31,49.75,0.0,2.25]",1480,37,40,31,49.75,2.25,active,False,False,0.9995898580716808,0.9653670842513531,0.669065873885151,0.6679162761636989,0.07507543954443399,12782,4230,22,incomplete
38,discover,low,"[37,40,32,49.75,0.0,4.5]",1480,37,40,32,49.75,4.5,active,False,False,1.0,0.962419645378792,0.6705716963448922,0.6705716963448922,0.07748538805769493,12804,4218,0,incomplete
39,discover,low,"[37,40,32,49.75,0.0,2.25]",1480,37,40,32,49.75,2.25,active,False,False,0.9997157149702829,0.961305281157372,0.6705716963448922,0.6705716963448922,0.07712248238705806,12804,4218,0,incomplete
40,discover,low,"[37,40,32,49.75,0.0,6.75]",1480,37,40,32,49.75,6.75,active,False,False,0.9996683341319966,0.9612718642152324,0.6726023117775695,0.6726023117775695,0.07756564347690051,12804,4192,0,incomplete
41,discover,low,"[37,40,32,49.75,0.0,0.0]",1480,37,40,32,49.75,0.0,active,False,False,0.9998104766468553,0.962692312536131,0.6727585129646986,0.6727585129646986,0.07721534911208879,12804,4190,0,incomplete
42,discover,low,"[37,40,31,51.0,0.0,2.25]",1480,37,40,31,51.0,2.25,active,False,False,0.9992756617771993,0.9648285364113341,0.7049772334746428,0.7013433302093096,0.0623993409511012,12738,3758,66,incomplete
43,discover,low,"[37,40,31,51.0,0.0,4.5]",1480,37,40,31,51.0,4.5,active,False,False,0.9992756617771991,0.9642457181756074,0.702151044119956,0.6985317088409871,0.07292664745886876,12738,3794,66,incomplete
44,discover,low,"[37,40,31,51.0,0.0,0.0]",1480,37,40,31,51.0,0.0,active,False,False,0.999534353999628,0.9633994441639931,0.7012539184952978,0.6988441112152453,0.06428566475407176,12760,3812,44,incomplete
45,discover,low,"[37,40,31,51.0,0.0,6.75]",1480,37,40,31,51.0,6.75,active,False,False,0.9993791386661707,0.9640451163708867,0.7046632124352331,0.7010309278350515,0.06385226464494362,12738,3762,66,incomplete
46,discover,low,"[125,12,84,49.75,0.0,7.5]",1500,125,12,84,49.75,7.5,deferred,False,False,0.9995353610295983,0.977520799636635,0.20732279768424347,0.20696657294595439,0.2254206916408463,12782,10132,22,not_promoted_after_low
47,discover,low,"[125,12,84,49.75,0.0,0.0]",1500,125,12,84,49.75,0.0,deferred,False,False,0.9995860924441138,0.9775617760356441,0.20763573775621968,0.20727897532021244,0.2437117841616285,12782,10128,22,not_promoted_after_low
48,discover,low,"[125,12,84,49.75,0.0,15.0]",1500,125,12,84,49.75,15.0,deferred,False,False,0.9996378308885996,0.9770658673352681,0.20626959247648902,0.20556076226179318,0.22194750324097498,12760,10128,44,not_promoted_after_low
49,discover,low,"[125,12,84,49.75,0.0,22.5]",1500,125,12,84,49.75,22.5,deferred,False,False,0.9996895693330853,0.9775793704797372,0.2067398119122257,0.20602936582318027,0.22177879937514375,12760,10122,44,not_promoted_after_low
50,discover,low,"[125,12,84,50.25,0.0,7.5]",1500,125,12,84,50.25,7.5,deferred,False,False,0.9991805706143088,0.977902831371163,0.22946708463949844,0.22867853795688847,0.2221396006166704,12760,9832,44,not_promoted_after_low
51,discover,low,"[125,12,84,50.25,0.0,0.0]",1500,125,12,84,50.25,0.0,deferred,False,False,0.9993337718878251,0.9768789211206887,0.22821316614420062,0.2274289284598563,0.22201775707813656,12760,9848,44,not_promoted_after_low
52,discover,low,"[125,12,84,50.25,0.0,15.0]",1500,125,12,84,50.25,15.0,deferred,False,False,0.9993324353715364,0.9778155716114396,0.2287591926146143,0.22836613558263044,0.2222740548057785,12782,9858,22,not_promoted_after_low
53,discover,low,"[125,12,84,50.25,0.0,22.5]",1500,125,12,84,50.25,22.5,deferred,False,False,0.9990781007553071,0.9767385700573388,0.2259381378552363,0.2247735082786629,0.22209724998904198,12738,9860,66,not_promoted_after_low
54,discover,low,"[125,12,83,50.0,0.0,15.0]",1500,125,12,83,50.0,15.0,deferred,False,False,0.9999025260894646,0.9735904996186048,0.21680724773508278,0.21680724773508278,0.2225253907075257,12804,10028,0,not_promoted_after_low
55,discover,low,"[125,12,83,50.0,0.0,0.0]",1500,125,12,83,50.0,0.0,deferred,False,False,0.9997563152236614,0.972983251643443,0.22571071540143706,0.22571071540143706,0.2223439437962269,12804,9914,0,not_promoted_after_low
56,discover,low,"[125,12,83,50.0,0.0,22.5]",1500,125,12,83,50.0,22.5,deferred,False,False,0.9998050521789291,0.9722654530463316,0.2246173070915339,0.2246173070915339,0.22261113563151969,12804,9928,0,not_promoted_after_low
57,discover,low,"[125,12,83,50.0,0.0,7.5]",1500,125,12,83,50.0,7.5,deferred,False,False,0.9998537891341968,0.9736436615157872,0.22039987503905029,0.22039987503905029,0.22249514678386909,12804,9982,0,not_promoted_after_low
58,discover,low,"[125,12,83,50.25,0.0,15.0]",1500,125,12,83,50.25,15.0,deferred,False,False,0.9998050521789291,0.9743878302232587,0.2310215557638238,0.2310215557638238,0.22269646814607788,12804,9846,0,not_promoted_after_low
59,discover,low,"[125,12,83,50.25,0.0,0.0]",1500,125,12,83,50.25,0.0,deferred,False,False,0.9996101043578581,0.9723175053068305,0.23289597000937207,0.23289597000937207,0.22250361043562616,12804,9822,0,not_promoted_after_low
60,discover,low,"[125,12,83,50.25,0.0,7.5]",1500,125,12,83,50.25,7.5,deferred,False,False,0.9998537891341968,0.9748581104867239,0.23414557950640424,0.23414557950640424,0.2226563666991454,12804,9806,0,not_promoted_after_low
61,discover,low,"[125,12,83,50.25,0.0,22.5]",1500,125,12,83,50.25,22.5,deferred,False,False,0.9997075782683935,0.9728720836819896,0.23180256169946892,0.23180256169946892,0.22277130141027773,12804,9836,0,not_promoted_after_low
62,discover,low,"[125,12,83,49.75,0.0,22.5]",1500,125,12,83,49.75,22.5,deferred,False,False,0.9998537891341968,0.9689101260051178,0.21212121212121213,0.21212121212121213,0.2222356826469625,12804,10088,0,not_promoted_after_low
63,discover,low,"[125,12,83,49.75,0.0,0.0]",1500,125,12,83,49.75,0.0,deferred,False,False,0.999853789134197,0.9688765582637259,0.21524523586379257,0.21524523586379257,0.22218795656190013,12804,10048,0,not_promoted_after_low
64,discover,low,"[125,12,83,49.75,0.0,15.0]",1500,125,12,83,49.75,15.0,deferred,False,False,0.9999025260894646,0.9696852614825672,0.20540456107466418,0.20540456107466418,0.22236771672892722,12804,10174,0,not_promoted_after_low
65,discover,low,"[125,12,83,49.75,0.0,7.5]",1500,125,12,83,49.75,7.5,deferred,False,False,0.9999025260894644,0.9699612140314482,0.20759137769447047,0.20759137769447047,0.22233763136656812,12804,10146,0,not_promoted_after_low
66,discover,low,"[60,25,15,51.0,0.0,10.8]",1500,60,25,15,51.0,10.8,deferred,False,False,0.9988617542213136,0.9678422934362002,0.43905138339920946,0.4337706966572946,0.15878757133975704,12650,7096,154,not_promoted_after_low
67,discover,low,"[60,25,15,51.0,0.0,7.2]",1500,60,25,15,51.0,7.2,deferred,False,False,0.9986030619988849,0.9671299586378004,0.44764890282131664,0.44611059044048734,0.14934554997739724,12760,7048,44,not_promoted_after_low
68,discover,low,"[60,25,15,51.0,0.0,0.0]",1500,60,25,15,51.0,0.0,deferred,False,False,0.9988100157768275,0.9671977606837643,0.4385770750988142,0.4333020930959075,0.14951244450908752,12650,7102,154,not_promoted_after_low
69,discover,low,"[60,25,15,51.0,0.0,3.6]",1500,60,25,15,51.0,3.6,deferred,False,False,0.9984478466654282,0.9669679920094714,0.4483687044662654,0.4422055607622618,0.14949234005059076,12628,6966,176,not_promoted_after_low
70,discover,low,"[125,12,83,51.0,0.0,22.5]",1500,125,12,83,51.0,22.5,deferred,False,False,1.0,0.9688745018538969,0.2555451421430803,0.2555451421430803,0.21334551132106083,12804,9532,0,not_promoted_after_low
71,discover,low,"[125,12,83,51.0,0.0,0.0]",1500,125,12,83,51.0,0.0,deferred,False,False,1.0,0.9683373274679639,0.2541393314589191,0.2541393314589191,0.21334803717409803,12804,9550,0,not_promoted_after_low
72,discover,low,"[125,12,83,51.0,0.0,15.0]",1500,125,12,83,51.0,15.0,deferred,False,False,1.0,0.9687076663370263,0.24617307091533897,0.24617307091533897,0.22033633307777167,12804,9652,0,not_promoted_after_low
73,discover,low,"[125,12,83,51.0,0.0,7.5]",1500,125,12,83,51.0,7.5,deferred,False,False,1.0,0.9678503027103138,0.2494532958450484,0.2494532958450484,0.19553303713083484,12804,9610,0,not_promoted_after_low
74,discover,low,"[250,6,208,50.0,0.0,0.0]",1500,250,6,208,50.0,0.0,deferred,False,False,0.9994586473226372,0.9682952982359597,0.23211496407372695,0.11605748203686347,0.5255201785421431,6402,4916,6402,not_promoted_after_low
75,discover,low,"[250,6,208,50.0,0.0,30.0]",1500,250,6,208,50.0,30.0,deferred,False,False,0.9992532071627305,0.9672720774460385,0.2322661644695543,0.11558887847547641,0.5254773801579509,6372,4892,6432,not_promoted_after_low
76,discover,low,"[250,6,208,50.0,0.0,15.0]",1500,250,6,208,50.0,15.0,deferred,False,False,0.9996041209801148,0.9612980255995103,0.22173228346456694,0.10996563573883161,0.5254668909671057,6350,4942,6454,not_promoted_after_low
77,discover,low,"[250,6,208,50.0,0.0,45.0]",1500,250,6,208,50.0,45.0,deferred,False,False,0.9996021265208672,0.9613552581628293,0.22561169367651732,0.11090284286160575,0.5253912354307062,6294,4874,6510,not_promoted_after_low
78,discover,low,"[100,15,25,51.0,0.0,6.0]",1500,100,15,25,51.0,6.0,deferred,False,False,0.9998447846665427,0.9622255862899689,0.259381378552363,0.25804436113714463,0.22001634019660055,12738,9434,66,not_promoted_after_low
79,discover,low,"[100,15,25,51.0,0.0,12.0]",1500,100,15,25,51.0,12.0,deferred,False,False,0.9996438338670356,0.9611757413625364,0.2571071540143705,0.2571071540143705,0.176898258468902,12804,9512,0,not_promoted_after_low
80,discover,low,"[100,15,25,51.0,0.0,0.0]",1500,100,15,25,51.0,0.0,deferred,False,False,0.9997473107560071,0.9618148064874574,0.2501955875449851,0.24976569821930647,0.24796178684632744,12782,9584,22,not_promoted_after_low
81,discover,low,"[100,15,25,51.0,0.0,18.0]",1500,100,15,25,51.0,18.0,deferred,False,False,0.9997930462220569,0.9611079591795916,0.2549203373945642,0.2549203373945642,0.17765434431015703,12804,9540,0,not_promoted_after_low
82,discover,low,"[38,40,32,50.0,0.0,0.0]",1520,38,40,32,50.0,0.0,deferred,False,False,1.0,0.976741188642476,0.6669790690409247,0.6669790690409247,0.0741874031047823,12804,4264,0,not_promoted_after_low
83,discover,low,"[38,40,32,50.0,0.0,4.5]",1520,38,40,32,50.0,4.5,deferred,False,False,1.0,0.9752384018277908,0.6629178381755702,0.6629178381755702,0.07624782493684507,12804,4316,0,not_promoted_after_low
84,discover,low,"[38,40,32,50.0,0.0,2.25]",1520,38,40,32,50.0,2.25,deferred,False,False,0.9999492685854845,0.975890020640632,0.6641674476726023,0.6641674476726023,0.07416693623154894,12804,4300,0,not_promoted_after_low
85,discover,low,"[38,40,31,50.25,0.0,0.0]",1520,38,40,31,50.25,0.0,active,False,False,1.0,0.9757688106166562,0.6983755076538581,0.6983755076538581,0.0876451454411623,12804,3862,0,incomplete
86,discover,low,"[38,40,32,50.0,0.0,6.75]",1520,38,40,32,50.0,6.75,deferred,False,False,0.9999492685854845,0.9757541293425903,0.6632302405498282,0.6632302405498282,0.07421219178395126,12804,4312,0,not_promoted_after_low
87,discover,low,"[38,40,31,50.25,0.0,6.75]",1520,38,40,31,50.25,6.75,active,False,False,1.0,0.9753001057826117,0.6986879100281163,0.6986879100281163,0.08751557510068456,12804,3858,0,incomplete
88,discover,low,"[38,40,31,50.25,0.0,4.5]",1520,38,40,31,50.25,4.5,active,False,False,1.0,0.9756510118099615,0.6936894720399875,0.6936894720399875,0.08870656476105415,12804,3922,0,incomplete
89,discover,low,"[38,40,31,50.25,0.0,2.25]",1520,38,40,31,50.25,2.25,active,False,False,1.0,0.9751399522861061,0.6965010934083099,0.6965010934083099,0.09573851901595501,12804,3886,0,incomplete
90,discover,low,"[38,40,31,49.75,0.0,0.0]",1520,38,40,31,49.75,0.0,active,False,False,1.0,0.9727890716686657,0.6886910340518588,0.6886910340518588,0.08117402727808665,12804,3986,0,incomplete
91,discover,low,"[38,40,31,49.75,0.0,4.5]",1520,38,40,31,49.75,4.5,active,False,False,1.0,0.9733721281841754,0.6883786316776007,0.6883786316776007,0.0832096240532597,12804,3990,0,incomplete
92,discover,low,"[38,40,31,49.75,0.0,2.25]",1520,38,40,31,49.75,2.25,active,False,False,1.0,0.9732721739867606,0.6886910340518588,0.6886910340518588,0.08902057365194198,12804,3986,0,incomplete
93,discover,low,"[38,40,31,49.75,0.0,6.75]",1520,38,40,31,49.75,6.75,active,False,False,1.0,0.9729677080456978,0.6933770696657294,0.6933770696657294,0.08245948678712667,12804,3926,0,incomplete
94,discover,low,"[38,40,32,50.25,0.0,4.5]",1520,38,40,32,50.25,4.5,active,False,False,0.9997970743419381,0.9748713173466991,0.6752577319587629,0.6752577319587629,0.08076046473068461,12804,4158,0,incomplete
95,discover,low,"[38,40,32,50.25,0.0,0.0]",1520,38,40,32,50.25,0.0,active,False,False,1.0,0.9760770917452298,0.6804123711340206,0.6804123711340206,0.08076969889636262,12804,4092,0,incomplete
96,discover,low,"[38,40,32,50.25,0.0,2.25]",1520,38,40,32,50.25,2.25,active,False,False,0.9998985371709691,0.9753638606239803,0.6800999687597625,0.6800999687597625,0.08075954211092755,12804,4096,0,incomplete
97,discover,low,"[38,40,32,50.25,0.0,6.75]",1520,38,40,32,50.25,6.75,active,False,False,1.0,0.9744450972381951,0.6777569509528273,0.6777569509528273,0.07763777223693762,12804,4126,0,incomplete
98,discover,low,"[38,40,32,49.75,0.0,4.5]",1520,38,40,32,49.75,4.5,deferred,False,False,1.0,0.9711354594884829,0.648391127772571,0.648391127772571,0.06979421458229002,12804,4502,0,not_promoted_after_low
99,discover,low,"[38,40,33,49.75,0.0,0.0]",1520,38,40,33,49.75,0.0,active,False,False,0.9993836795202803,0.9729713352463251,0.6746329272102468,0.6746329272102468,0.08319022827895103,12804,4166,0,incomplete
100,discover,low,"[38,40,33,49.75,0.0,6.75]",1520,38,40,33,49.75,6.75,active,False,False,0.9993836795202803,0.9717183703413477,0.6782255545142143,0.6782255545142143,0.07724743716798305,12804,4120,0,incomplete
101,discover,low,"[38,40,32,49.75,0.0,2.25]",1520,38,40,32,49.75,2.25,deferred,False,False,1.0,0.9709716805292197,0.6471415182755389,0.6471415182755389,0.06948873646485201,12804,4518,0,not_promoted_after_low
102,discover,low,"[38,40,32,49.75,0.0,0.0]",1520,38,40,32,49.75,0.0,deferred,False,False,1.0,0.9714011359464715,0.6472977194626679,0.6472977194626679,0.0679864314803551,12804,4516,0,not_promoted_after_low
103,discover,low,"[38,40,33,49.75,0.0,2.25]",1520,38,40,33,49.75,2.25,active,False,False,0.9993323194803037,0.9719955571493547,0.6769759450171822,0.6769759450171822,0.07714849291968814,12804,4136,0,incomplete
104,discover,low,"[38,40,32,49.75,0.0,6.75]",1520,38,40,32,49.75,6.75,deferred,False,False,1.0,0.9703767280113534,0.6468291159012809,0.6468291159012809,0.06982513125868206,12804,4522,0,not_promoted_after_low
105,discover,low,"[38,40,33,49.75,0.0,4.5]",1520,38,40,33,49.75,4.5,active,False,False,0.9993323194803037,0.9710253790182474,0.6740081224617307,0.6740081224617307,0.08321017756026994,12804,4174,0,incomplete
106,discover,low,"[95,16,23,51.0,0.0,11.25]",1520,95,16,23,51.0,11.25,deferred,False,False,0.9998972799200467,0.9718358628098807,0.28069353327085284,0.28069353327085284,0.17461926636895186,12804,9210,0,not_promoted_after_low
107,discover,low,"[95,16,23,51.0,0.0,5.625]",1520,95,16,23,51.0,5.625,deferred,False,False,0.9998459198800701,0.9712497331124121,0.28147453920649795,0.28147453920649795,0.1930385106771688,12804,9200,0,not_promoted_after_low
108,discover,low,"[95,16,23,51.0,0.0,16.875]",1520,95,16,23,51.0,16.875,deferred,False,False,1.0,0.971931383341987,0.281630740393627,0.281630740393627,0.17456163308066416,12804,9198,0,not_promoted_after_low
109,discover,low,"[95,16,23,51.0,0.0,0.0]",1520,95,16,23,51.0,0.0,deferred,False,False,0.9998972799200467,0.9717374972735281,0.28069353327085284,0.28069353327085284,0.19311136020031966,12804,9210,0,not_promoted_after_low
110,discover,low,"[38,40,32,51.0,0.0,0.0]",1520,38,40,32,51.0,0.0,active,False,False,0.9997970743419381,0.9743032587173601,0.7007185254607935,0.7007185254607935,0.08740117154926283,12804,3832,0,incomplete
111,discover,low,"[38,40,32,51.0,0.0,2.25]",1520,38,40,32,51.0,2.25,active,False,False,0.9997970743419381,0.9742166292696359,0.7014995313964386,0.7014995313964386,0.08731883705748016,12804,3822,0,incomplete
112,discover,low,"[38,40,32,51.0,0.0,6.75]",1520,38,40,32,51.0,6.75,active,False,False,0.9996956115129072,0.9727736141792721,0.7007185254607935,0.7007185254607935,0.08721859502008997,12804,3832,0,incomplete
113,discover,low,"[38,40,32,51.0,0.0,4.5]",1520,38,40,32,51.0,4.5,active,False,False,0.9996956115129072,0.9733316634366997,0.7007185254607935,0.7007185254607935,0.08725796127150968,12804,3832,0,incomplete
114,discover,low,"[38,40,37,50.0,0.0,4.5]",1520,38,40,37,50.0,4.5,active,False,False,0.9996895693330853,0.9663457900557212,0.6679705836332342,0.6668228678537957,0.06963637329966221,12782,4244,22,incomplete
115,discover,low,"[38,40,37,50.0,0.0,6.75]",1520,38,40,37,50.0,6.75,active,False,False,0.9996437754464622,0.9671542582660069,0.670474104209044,0.6693220868478601,0.06954247197124339,12782,4212,22,incomplete
116,discover,low,"[38,40,37,50.0,0.0,0.0]",1520,38,40,37,50.0,0.0,deferred,False,False,0.9997413077775711,0.9664024339397241,0.6660418619181506,0.6660418619181506,0.07104440539475658,12804,4276,0,not_promoted_after_low
117,discover,low,"[38,40,37,50.0,0.0,2.25]",1520,38,40,37,50.0,2.25,active,False,False,0.9996497200043248,0.9668743824259065,0.6692223439211391,0.6680724773508279,0.06955435348074539,12782,4228,22,incomplete
118,discover,low,"[38,40,25,50.0,0.0,2.25]",1520,38,40,25,50.0,2.25,deferred,False,False,1.0,0.9666906929609219,0.6644798500468604,0.6644798500468604,0.09328885579074339,12804,4296,0,not_promoted_after_low
119,discover,low,"[38,40,25,50.0,0.0,6.75]",1520,38,40,25,50.0,6.75,deferred,False,False,1.0,0.9661668087193638,0.6646360512339894,0.6646360512339894,0.09338902915951423,12804,4294,0,not_promoted_after_low
120,discover,low,"[38,40,25,50.0,0.0,0.0]",1520,38,40,25,50.0,0.0,deferred,False,False,1.0,0.9656342180590147,0.6643236488597314,0.6643236488597314,0.09340359071686644,12804,4298,0,not_promoted_after_low
121,discover,low,"[38,40,37,51.0,0.0,6.75]",1520,38,40,37,51.0,6.75,active,False,False,0.9998447846665427,0.9658066512662699,0.7025929397063417,0.7025929397063417,0.06940016575259805,12804,3808,0,incomplete
122,discover,low,"[38,40,25,50.0,0.0,4.5]",1520,38,40,25,50.0,4.5,deferred,False,False,1.0,0.9660535019392024,0.6657294595438925,0.6657294595438925,0.09329840427714707,12804,4280,0,not_promoted_after_low
123,discover,low,"[38,40,37,51.0,0.0,0.0]",1520,38,40,37,51.0,0.0,active,False,False,0.9997930462220569,0.9657370474432297,0.7023939915506181,0.7011871290221806,0.06947603134054801,12782,3804,22,incomplete
124,discover,low,"[38,40,37,51.0,0.0,2.25]",1520,38,40,37,51.0,2.25,active,False,False,0.9998447846665427,0.9652467402060282,0.7047410420904396,0.7035301468291159,0.06474872131184142,12782,3774,22,incomplete
125,discover,low,"[38,40,37,51.0,0.0,4.5]",1520,38,40,37,51.0,4.5,active,False,False,0.9997930462220569,0.9655112284748555,0.7039184952978056,0.7014995313964386,0.06946497091827294,12760,3778,44,incomplete
126,discover,low,"[38,40,0,51.0,0.0,4.5]",1520,38,40,0,51.0,4.5,active,False,False,0.9998168244535072,0.9558236288308206,0.6990003124023743,0.6990003124023743,0.06586803643589606,12804,3854,0,incomplete
127,discover,low,"[38,40,0,51.0,0.0,2.25]",1520,38,40,0,51.0,2.25,active,False,False,0.9999028460734001,0.9572405232077216,0.6977507029053421,0.6977507029053421,0.06861212822560497,12804,3870,0,incomplete
128,discover,low,"[38,40,0,51.0,0.0,0.0]",1520,38,40,0,51.0,0.0,active,False,False,1.0,0.9575845062343203,0.7005623242736645,0.7005623242736645,0.06547565339157442,12804,3834,0,incomplete
129,discover,low,"[38,40,0,51.0,0.0,6.75]",1520,38,40,0,51.0,6.75,active,False,False,0.9999542061133768,0.9564567233310972,0.7002499218994064,0.7002499218994064,0.06601973705914523,12804,3838,0,incomplete
130,discover,low,"[38,40,25,51.0,0.0,4.5]",1520,38,40,25,51.0,4.5,deferred,False,False,0.9998504331078932,0.9551262100001083,0.6638550452983443,0.6638550452983443,0.0926442749902205,12804,4304,0,not_promoted_after_low
131,discover,low,"[38,40,25,51.0,0.0,6.75]",1520,38,40,25,51.0,6.75,deferred,False,False,0.9999002887385955,0.9553238700347472,0.6638550452983443,0.6638550452983443,0.09265466940221916,12804,4304,0,not_promoted_after_low
132,discover,low,"[38,40,25,51.0,0.0,2.25]",1520,38,40,25,51.0,2.25,deferred,False,False,0.9999002887385955,0.9561386540438833,0.6641674476726023,0.6641674476726023,0.09254859675350205,12804,4300,0,not_promoted_after_low
133,discover,low,"[38,40,25,51.0,0.0,0.0]",1520,38,40,25,51.0,0.0,deferred,False,False,1.0,0.9554320417537946,0.6636988441112153,0.6636988441112153,0.09266914171275999,12804,4306,0,not_promoted_after_low
134,discover,low,"[35,44,24,50.25,0.0,2.045]",1540,35,44,24,50.25,2.045,active,False,False,1.0,0.9841756654476294,0.7239811912225705,0.7214932833489535,0.08525359583151808,12760,3522,44,incomplete
135,discover,low,"[35,44,24,50.25,0.0,0.0]",1540,35,44,24,50.25,0.0,active,False,False,0.9998965231110284,0.9836802217950118,0.7236800999687598,0.7236800999687598,0.0855518072140255,12804,3538,0,incomplete
136,discover,low,"[35,44,24,50.25,0.0,6.136]",1540,35,44,24,50.25,6.136,active,False,False,0.9998965231110284,0.98379819407097,0.7233676975945017,0.7233676975945017,0.0856239562369903,12804,3542,0,incomplete
137,discover,low,"[35,44,24,50.25,0.0,4.091]",1540,35,44,24,50.25,4.091,active,False,False,0.9998447846665427,0.9843159987485725,0.7239925023430178,0.7239925023430178,0.08461334743583751,12804,3534,0,incomplete
138,discover,low,"[35,44,23,50.0,0.0,4.091]",1540,35,44,23,50.0,4.091,deferred,False,False,1.0,0.9815242989793386,0.6556094507901736,0.654482974070603,0.09532250799443469,12782,4402,22,not_promoted_after_low
139,discover,low,"[35,44,23,50.0,0.0,6.136]",1540,35,44,23,50.0,6.136,deferred,False,False,1.0,0.9813622939644412,0.6560449859418932,0.6560449859418932,0.09531897254115188,12804,4404,0,not_promoted_after_low
140,discover,low,"[35,44,23,50.0,0.0,2.045]",1540,35,44,23,50.0,2.045,deferred,False,False,1.0,0.9806272278891264,0.6557325835676351,0.6557325835676351,0.05826375044678411,12804,4408,0,not_promoted_after_low
141,discover,low,"[35,44,23,50.0,0.0,0.0]",1540,35,44,23,50.0,0.0,deferred,False,False,1.0,0.9810685271545391,0.6569821930646673,0.6569821930646673,0.05810427360028262,12804,4392,0,not_promoted_after_low
142,discover,low,"[35,44,23,50.25,0.0,4.091]",1540,35,44,23,50.25,4.091,deferred,False,False,0.9999482615555142,0.9814687594662549,0.6631200125176029,0.661980631052796,0.0951471858855126,12782,4306,22,not_promoted_after_low
143,discover,low,"[35,44,23,50.25,0.0,6.136]",1540,35,44,23,50.25,6.136,deferred,False,False,1.0,0.9817360074055931,0.662449234614183,0.662449234614183,0.09514365170428989,12804,4322,0,not_promoted_after_low
144,discover,low,"[35,44,23,50.25,0.0,0.0]",1540,35,44,23,50.25,0.0,deferred,False,False,1.0,0.9814497827023617,0.6640112464854733,0.6640112464854733,0.0579681181708588,12804,4302,0,not_promoted_after_low
145,discover,low,"[35,44,23,50.25,0.0,2.045]",1540,35,44,23,50.25,2.045,deferred,False,False,0.9998965231110284,0.9814323709070826,0.6635426429240863,0.6635426429240863,0.05812860394717161,12804,4308,0,not_promoted_after_low
146,discover,low,"[35,44,23,49.75,0.0,6.136]",1540,35,44,23,49.75,6.136,active,False,False,1.0,0.9785952122934473,0.6702592939706342,0.6702592939706342,0.08923683227344406,12804,4222,0,incomplete
147,discover,low,"[35,44,22,50.25,0.0,6.136]",1540,35,44,22,50.25,6.136,active,False,False,0.9999482615555142,0.982536693061823,0.682911590128085,0.682911590128085,0.05651786395704176,12804,4060,0,incomplete
148,discover,low,"[35,44,23,49.75,0.0,4.091]",1540,35,44,23,49.75,4.091,active,False,False,1.0,0.9784475725979143,0.6713527022805373,0.6713527022805373,0.08234116665313748,12804,4208,0,incomplete
149,discover,low,"[35,44,22,49.75,0.0,2.045]",1540,35,44,22,49.75,2.045,deferred,False,False,0.9998504331078932,0.9794420083448216,0.6520106399624472,0.6508903467666354,0.09554329298191636,12782,4448,22,not_promoted_after_low
150,discover,low,"[35,44,23,49.75,0.0,0.0]",1540,35,44,23,49.75,0.0,active,False,False,1.0,0.9779697908608965,0.6710402999062793,0.6710402999062793,0.05824320922684067,12804,4212,0,incomplete
151,discover,low,"[35,44,23,49.75,0.0,2.045]",1540,35,44,23,49.75,2.045,active,False,False,1.0,0.9782615681070246,0.6711965010934083,0.6711965010934083,0.05840164686371984,12804,4210,0,incomplete
152,discover,low,"[35,44,22,49.75,0.0,0.0]",1540,35,44,22,49.75,0.0,deferred,False,False,0.9997488390327052,0.9801359392839303,0.6508903467666354,0.6508903467666354,0.09321290547922274,12804,4470,0,not_promoted_after_low
153,discover,low,"[35,44,22,49.75,0.0,4.091]",1540,35,44,22,49.75,4.091,deferred,False,False,0.9999002887385955,0.9788273411689284,0.6501093408309904,0.6501093408309904,0.059345867604304804,12804,4480,0,not_promoted_after_low
154,discover,low,"[35,44,24,49.75,0.0,2.045]",1540,35,44,24,49.75,2.045,active,False,False,0.9998447846665427,0.9787950657703711,0.7164576802507837,0.7139956263667604,0.08087102827229689,12760,3618,44,incomplete
155,discover,low,"[35,44,24,49.75,0.0,4.091]",1540,35,44,24,49.75,4.091,active,False,False,0.9998965231110284,0.9791265198358918,0.7139956263667604,0.7139956263667604,0.08085410547372195,12804,3662,0,incomplete
156,discover,low,"[35,44,22,49.75,0.0,6.136]",1540,35,44,22,49.75,6.136,deferred,False,False,0.9997488390327052,0.9792410487888463,0.6494845360824743,0.6494845360824743,0.05683765602916728,12804,4488,0,not_promoted_after_low
157,discover,low,"[35,44,22,50.25,0.0,0.0]",1540,35,44,22,50.25,0.0,active,False,False,1.0,0.9825477451736465,0.682755388940956,0.682755388940956,0.09289085005278781,12804,4062,0,incomplete
158,discover,low,"[35,44,24,49.75,0.0,0.0]",1540,35,44,24,49.75,0.0,active,False,False,0.9998965231110284,0.9782622354667081,0.7158700406123086,0.7158700406123086,0.08183275313178193,12804,3638,0,incomplete
159,discover,low,"[35,44,22,50.25,0.0,4.091]",1540,35,44,22,50.25,4.091,active,False,False,1.0,0.9811511731601316,0.6826787670161164,0.6815057794439238,0.09741329763494758,12782,4056,22,incomplete
160,discover,low,"[35,44,24,49.75,0.0,6.136]",1540,35,44,24,49.75,6.136,active,False,False,0.9998965231110284,0.9792383056234858,0.7150890346766635,0.7150890346766635,0.08176143458219368,12804,3648,0,incomplete
161,discover,low,"[35,44,22,50.25,0.0,2.045]",1540,35,44,22,50.25,2.045,active,False,False,1.0,0.9814792907645042,0.683461117196057,0.6822867853795689,0.09519249157428482,12782,4046,22,incomplete
162,discover,low,"[154,10,26,50.0,0.0,9.0]",1540,154,10,26,50.0,9.0,deferred,False,False,1.0,0.9852728608375633,0.20384254920337394,0.20384254920337394,0.3068954030947161,12804,10194,0,not_promoted_after_low
163,discover,low,"[35,44,23,51.0,0.0,4.091]",1540,35,44,23,51.0,4.091,active,False,False,0.9996378308885996,0.9794382186711494,0.6698647373387858,0.6652608559825055,0.09460913533987989,12716,4198,88,incomplete
164,discover,low,"[35,44,23,51.0,0.0,6.136]",1540,35,44,23,51.0,6.136,active,False,False,0.9998447846665427,0.9788708255357186,0.6683848797250859,0.6683848797250859,0.09461681480349844,12804,4246,0,incomplete
165,discover,low,"[35,44,23,51.0,0.0,2.045]",1540,35,44,23,51.0,2.045,active,False,False,0.9997930462220569,0.9779748973884029,0.6694782880349891,0.6694782880349891,0.08987312056487536,12804,4232,0,incomplete
166,discover,low,"[35,44,23,51.0,0.0,0.0]",1540,35,44,23,51.0,0.0,active,False,False,0.9999482615555142,0.978080014874837,0.6694782880349891,0.6694782880349891,0.056429138922151,12804,4232,0,incomplete
167,discover,low,"[154,10,26,50.0,0.0,0.0]",1540,154,10,26,50.0,0.0,deferred,False,False,1.0,0.9785259202023895,0.20243673851921273,0.20243673851921273,0.30712830436993704,12804,10212,0,not_promoted_after_low
168,discover,low,"[154,10,26,50.0,0.0,18.0]",1540,154,10,26,50.0,18.0,deferred,False,False,1.0,0.9734440849783672,0.20290534208059982,0.20290534208059982,0.30683707980627883,12804,10206,0,not_promoted_after_low
169,discover,low,"[154,10,26,50.0,0.0,27.0]",1540,154,10,26,50.0,27.0,deferred,False,False,0.9999512630447324,0.9685714532238602,0.20337394564198688,0.20337394564198688,0.30688917262802656,12804,10200,0,not_promoted_after_low
170,discover,low,"[35,44,29,50.0,0.0,2.045]",1540,35,44,29,50.0,2.045,active,False,False,0.9998477861557608,0.9744255070516425,0.6866604186191815,0.6866604186191815,0.06814874796234699,12804,4012,0,incomplete
171,discover,low,"[35,44,29,50.0,0.0,6.136]",1540,35,44,29,50.0,6.136,active,False,False,0.9998477861557608,0.9742308293372505,0.6884012539184953,0.6860356138706654,0.06418781631736503,12760,3976,44,incomplete
172,discover,low,"[35,44,29,50.0,0.0,4.091]",1540,35,44,29,50.0,4.091,active,False,False,0.999796047711275,0.9742947140299129,0.6872163980597715,0.6860356138706654,0.07185005586551343,12782,3998,22,incomplete
173,discover,low,"[35,44,29,50.0,0.0,0.0]",1540,35,44,29,50.0,0.0,active,False,False,0.9998537891341968,0.9738353721415552,0.6881552182757003,0.6869728209934396,0.07185054637611367,12782,3986,22,incomplete
174,discover,low,"[35,44,18,50.0,0.0,2.045]",1540,35,44,18,50.0,2.045,active,False,False,0.9998972799200467,0.9729574905632953,0.6710402999062793,0.6710402999062793,0.0864864678325317,12804,4212,0,incomplete
175,discover,low,"[35,44,29,51.0,0.0,4.091]",1540,35,44,29,51.0,4.091,active,False,False,0.999327778626194,0.9725835215262899,0.7043095312991506,0.6994689159637614,0.0727164671635459,12716,3760,88,incomplete
176,discover,low,"[35,44,18,50.0,0.0,4.091]",1540,35,44,18,50.0,4.091,active,False,False,1.0,0.9708429596500415,0.6696344892221181,0.6696344892221181,0.08650913164387208,12804,4230,0,incomplete
177,discover,low,"[35,44,18,50.0,0.0,6.136]",1540,35,44,18,50.0,6.136,active,False,False,0.9998972799200467,0.9722193181122033,0.6735395189003437,0.6735395189003437,0.08200834867225111,12804,4180,0,incomplete
178,discover,low,"[35,44,29,51.0,0.0,2.045]",1540,35,44,29,51.0,2.045,active,False,False,0.9994826155551422,0.9724354401180639,0.7057250707769739,0.7008747266479225,0.06265430928367793,12716,3742,88,incomplete
179,discover,low,"[35,44,18,50.0,0.0,0.0]",1540,35,44,18,50.0,0.0,active,False,False,0.9998972799200467,0.9723552245190517,0.6711965010934083,0.6711965010934083,0.08637958598338144,12804,4210,0,incomplete
180,discover,low,"[35,44,29,51.0,0.0,6.136]",1540,35,44,29,51.0,6.136,active,False,False,0.9994308771106565,0.9724247146044153,0.7064263322884012,0.703998750390503,0.06002166817419473,12760,3746,44,incomplete
181,discover,low,"[35,44,29,51.0,0.0,0.0]",1540,35,44,29,51.0,0.0,active,False,False,0.999534353999628,0.9721308184561548,0.7056052755534621,0.7019681349578257,0.06264305253838987,12738,3750,66,incomplete
182,discover,low,"[220,7,183,50.0,0.0,12.857]",1540,220,7,183,50.0,12.857,deferred,False,False,1.0,0.9723382402776227,0.13433302093095909,0.13433302093095909,2.2382361682620484,12804,11084,0,not_promoted_after_low
183,discover,low,"[220,7,183,50.0,0.0,25.714]",1540,220,7,183,50.0,25.714,deferred,False,False,1.0,0.9719975762282003,0.13433302093095909,0.13433302093095909,2.2381496287078964,12804,11084,0,not_promoted_after_low
184,discover,low,"[220,7,183,50.0,0.0,0.0]",1540,220,7,183,50.0,0.0,deferred,False,False,1.0,0.9713399027647678,0.13495782567947517,0.13495782567947517,2.238267895151881,12804,11076,0,not_promoted_after_low
185,discover,low,"[220,7,183,50.0,0.0,38.571]",1540,220,7,183,50.0,38.571,deferred,False,False,1.0,0.9718007113338173,0.13433302093095909,0.13433302093095909,2.2381170541906763,12804,11084,0,not_promoted_after_low
186,discover,low,"[220,7,183,51.0,0.0,25.714]",1540,220,7,183,51.0,25.714,deferred,False,False,1.0,0.9664070601906269,0.17088409871915028,0.17088409871915028,2.2441653561307673,12804,10616,0,not_promoted_after_low
187,discover,low,"[220,7,183,51.0,0.0,12.857]",1540,220,7,183,51.0,12.857,deferred,False,False,1.0,0.9660929569711696,0.16885348328647298,0.16885348328647298,2.2474527003484677,12804,10642,0,not_promoted_after_low
188,discover,low,"[220,7,183,51.0,0.0,38.571]",1540,220,7,183,51.0,38.571,deferred,False,False,1.0,0.9651890883156136,0.17057169634489222,0.17057169634489222,2.24407527619946,12804,10620,0,not_promoted_after_low
189,discover,low,"[220,7,183,51.0,0.0,0.0]",1540,220,7,183,51.0,0.0,deferred,False,False,1.0,0.9663702672818628,0.1704154951577632,0.1704154951577632,2.2441584770812906,12804,10622,0,not_promoted_after_low
190,discover,low,"[130,12,87,50.0,0.0,22.5]",1560,130,12,87,50.0,22.5,deferred,False,False,1.0,0.9866835797176572,0.2225866916588566,0.2225866916588566,0.24805483795086758,12804,9954,0,not_promoted_after_low
191,discover,low,"[130,12,87,50.0,0.0,7.5]",1560,130,12,87,50.0,7.5,deferred,False,False,1.0,0.986343476629894,0.22149328334895346,0.22149328334895346,0.24810842086321766,12804,9968,0,not_promoted_after_low
192,discover,low,"[130,12,87,50.25,0.0,22.5]",1560,130,12,87,50.25,22.5,deferred,False,False,1.0,0.9861112810122564,0.23133395813808186,0.23133395813808186,0.2482186078948729,12804,9842,0,not_promoted_after_low
193,discover,low,"[130,12,87,50.25,0.0,15.0]",1560,130,12,87,50.25,15.0,deferred,False,False,1.0,0.9865611254146023,0.2346141830677913,0.2346141830677913,0.22103721562953305,12804,9800,0,not_promoted_after_low
194,discover,low,"[130,12,87,50.0,0.0,15.0]",1560,130,12,87,50.0,15.0,deferred,False,False,1.0,0.9863702629447143,0.22227428928459855,0.22227428928459855,0.248064407846712,12804,9958,0,not_promoted_after_low
195,discover,low,"[130,12,87,50.25,0.0,7.5]",1560,130,12,87,50.25,7.5,deferred,False,False,1.0,0.9865953479734669,0.2338331771321462,0.2338331771321462,0.22107392006984564,12804,9810,0,not_promoted_after_low
196,discover,low,"[130,12,87,50.0,0.0,0.0]",1560,130,12,87,50.0,0.0,deferred,False,False,1.0,0.9860914751679943,0.22024367385192128,0.22024367385192128,0.24809566054280957,12804,9984,0,not_promoted_after_low
197,discover,low,"[130,12,87,50.25,0.0,0.0]",1560,130,12,87,50.25,0.0,deferred,False,False,1.0,0.9860474308532954,0.23117775695095283,0.23117775695095283,0.2482593010771042,12804,9844,0,not_promoted_after_low
198,discover,low,"[130,12,88,49.75,0.0,7.5]",1560,130,12,88,49.75,7.5,deferred,False,False,1.0,0.9842685011120589,0.21415182755388942,0.21415182755388942,0.23327457777880406,12804,10062,0,not_promoted_after_low
199,discover,low,"[130,12,88,49.75,0.0,0.0]",1560,130,12,88,49.75,0.0,deferred,False,False,1.0,0.9837397001844858,0.21305841924398625,0.21305841924398625,0.2332825448284404,12804,10076,0,not_promoted_after_low
200,discover,low,"[130,12,88,49.75,0.0,22.5]",1560,130,12,88,49.75,22.5,deferred,False,False,1.0,0.98445715282121,0.21383942517963136,0.21383942517963136,0.23329114217668503,12804,10066,0,not_promoted_after_low
201,discover,low,"[130,12,88,49.75,0.0,15.0]",1560,130,12,88,49.75,15.0,deferred,False,False,1.0,0.984406878621502,0.2133708216182443,0.2133708216182443,0.23326724326678505,12804,10072,0,not_promoted_after_low
202,discover,low,"[130,12,87,49.75,0.0,7.5]",1560,130,12,87,49.75,7.5,deferred,False,False,1.0,0.9831915538947285,0.211340206185567,0.211340206185567,0.24798206921742916,12804,10098,0,not_promoted_after_low
203,discover,low,"[130,12,87,49.75,0.0,22.5]",1560,130,12,87,49.75,22.5,deferred,False,False,1.0,0.9835852419840228,0.20759137769447047,0.20759137769447047,0.2478947921552472,12804,10146,0,not_promoted_after_low
204,discover,low,"[130,12,87,49.75,0.0,15.0]",1560,130,12,87,49.75,15.0,deferred,False,False,1.0,0.9833303754439244,0.20962199312714777,0.20962199312714777,0.24790451561176702,12804,10120,0,not_promoted_after_low
205,discover,low,"[130,12,87,49.75,0.0,0.0]",1560,130,12,87,49.75,0.0,deferred,False,False,1.0,0.9830327508285317,0.20884098719150265,0.20884098719150265,0.24793573727440252,12804,10130,0,not_promoted_after_low
206,discover,low,"[130,12,88,50.25,0.0,15.0]",1560,130,12,88,50.25,15.0,deferred,False,False,1.0,0.985333586181407,0.23336457357075913,0.23336457357075913,0.23374436982685712,12804,9816,0,not_promoted_after_low
207,discover,low,"[130,12,88,50.25,0.0,0.0]",1560,130,12,88,50.25,0.0,deferred,False,False,1.0,0.9842900063358654,0.2330521711965011,0.2330521711965011,0.23375975631038193,12804,9820,0,not_promoted_after_low
208,discover,low,"[130,12,88,50.25,0.0,22.5]",1560,130,12,88,50.25,22.5,deferred,False,False,1.0,0.9844258925887364,0.23414557950640424,0.23414557950640424,0.23376838890652002,12804,9806,0,not_promoted_after_low
209,discover,low,"[130,12,88,50.25,0.0,7.5]",1560,130,12,88,50.25,7.5,deferred,False,False,1.0,0.9853289551829191,0.2330521711965011,0.2330521711965011,0.23375174920076172,12804,9820,0,not_promoted_after_low
210,discover,low,"[130,12,87,51.0,0.0,15.0]",1560,130,12,87,51.0,15.0,deferred,False,False,0.9996510105850841,0.9835552072005501,0.2508591065292096,0.2508591065292096,0.221365749244626,12804,9592,0,not_promoted_after_low
211,discover,low,"[130,12,87,51.0,0.0,22.5]",1560,130,12,87,51.0,22.5,deferred,False,False,0.9996510105850841,0.9837097946046355,0.25023430178069356,0.25023430178069356,0.2165045106685772,12804,9600,0,not_promoted_after_low
212,discover,low,"[130,12,87,51.0,0.0,7.5]",1560,130,12,87,51.0,7.5,deferred,False,False,0.9998504331078932,0.9842751423995231,0.2508591065292096,0.2508591065292096,0.22153346664552717,12804,9592,0,not_promoted_after_low
213,discover,low,"[130,12,87,51.0,0.0,0.0]",1560,130,12,87,51.0,0.0,deferred,False,False,0.9998504331078932,0.9837191320591689,0.2513277100905967,0.2513277100905967,0.22142893233816,12804,9586,0,not_promoted_after_low
214,discover,low,"[65,24,16,50.0,0.0,11.25]",1560,65,24,16,50.0,11.25,deferred,False,False,0.9988700791205143,0.9826228290057596,0.3434864104967198,0.3434864104967198,0.16872957844063496,12804,8406,0,not_promoted_after_low
215,discover,low,"[65,24,16,50.0,0.0,7.5]",1560,65,24,16,50.0,7.5,deferred,False,False,0.9995377596402103,0.9829805197487588,0.34895345204623557,0.34895345204623557,0.15631043613546725,12804,8336,0,not_promoted_after_low
216,discover,low,"[65,24,16,50.0,0.0,0.0]",1560,65,24,16,50.0,0.0,deferred,False,False,0.9994350395602569,0.9820630077723665,0.34614183067791315,0.34614183067791315,0.16933919937856037,12804,8372,0,not_promoted_after_low
217,discover,low,"[65,24,16,50.0,0.0,3.75]",1560,65,24,16,50.0,3.75,deferred,False,False,0.9985619188806552,0.9831323036402569,0.3480162449234614,0.3480162449234614,0.16967930778925852,12804,8348,0,not_promoted_after_low
218,discover,low,"[130,12,86,50.25,0.0,22.5]",1560,130,12,86,50.25,22.5,deferred,False,False,0.9982099206471908,0.9811726547265974,0.23539518900343642,0.23539518900343642,0.2455166243066956,12804,9790,0,not_promoted_after_low
219,discover,low,"[130,12,86,50.25,0.0,0.0]",1560,130,12,86,50.25,0.0,deferred,False,False,0.9981056961579636,0.9813764199911922,0.23820681037175884,0.23820681037175884,0.28877448472063477,12804,9754,0,not_promoted_after_low
220,discover,low,"[130,12,86,50.25,0.0,7.5]",1560,130,12,86,50.25,7.5,deferred,False,False,0.9982099206471913,0.9802859687909482,0.23633239612621057,0.23633239612621057,0.2888166024355573,12804,9778,0,not_promoted_after_low
221,discover,low,"[130,12,86,49.75,0.0,22.5]",1560,130,12,86,49.75,22.5,deferred,False,False,0.9988187190805379,0.9788262633567356,0.21368322399250234,0.21368322399250234,0.24931610974589438,12804,10068,0,not_promoted_after_low
222,discover,low,"[130,12,86,50.25,0.0,15.0]",1560,130,12,86,50.25,15.0,deferred,False,False,0.998462207619251,0.9815807828900711,0.23617619493908154,0.23617619493908154,0.2567256384950881,12804,9780,0,not_promoted_after_low
223,discover,low,"[130,12,86,49.75,0.0,0.0]",1560,130,12,86,49.75,0.0,deferred,False,False,0.9987673590405616,0.9773659176672818,0.21274601686972822,0.21274601686972822,0.2882613941361988,12804,10080,0,not_promoted_after_low
224,discover,low,"[130,12,86,49.75,0.0,7.5]",1560,130,12,86,49.75,7.5,deferred,False,False,0.998664638960608,0.9779785431354413,0.21212121212121213,0.21212121212121213,0.28830398581916516,12804,10088,0,not_promoted_after_low
225,discover,low,"[130,12,86,49.75,0.0,15.0]",1560,130,12,86,49.75,15.0,deferred,False,False,0.9987673590405616,0.9778246862586052,0.21430802874101842,0.21430802874101842,0.2562504378074873,12804,10060,0,not_promoted_after_low
226,discover,low,"[65,24,16,51.0,0.0,7.5]",1560,65,24,16,51.0,7.5,deferred,False,False,0.9995377596402103,0.9818382152073398,0.38847235238987815,0.38847235238987815,0.15081851755523326,12804,7830,0,not_promoted_after_low
227,discover,low,"[65,24,16,51.0,0.0,3.75]",1560,65,24,16,51.0,3.75,deferred,False,False,0.9988700791205145,0.9835405366144188,0.38972196188691033,0.38972196188691033,0.15503437370971637,12804,7814,0,not_promoted_after_low
228,discover,low,"[39,40,32,50.0,0.0,4.5]",1560,39,40,32,50.0,4.5,deferred,False,False,1.0,0.985481165928778,0.6658856607310215,0.6658856607310215,0.10278531585626846,12804,4278,0,not_promoted_after_low
229,discover,low,"[65,24,16,51.0,0.0,11.25]",1560,65,24,16,51.0,11.25,deferred,False,False,0.9992809594403268,0.9815781837711373,0.38644173695720085,0.38644173695720085,0.15518287102753625,12804,7856,0,not_promoted_after_low
230,discover,low,"[39,40,32,50.0,0.0,6.75]",1560,39,40,32,50.0,6.75,deferred,False,False,1.0,0.9843155780592628,0.6611996251171509,0.6611996251171509,0.09381551142989455,12804,4338,0,not_promoted_after_low
231,discover,low,"[39,40,32,50.0,0.0,0.0]",1560,39,40,32,50.0,0.0,deferred,False,False,1.0,0.9806642615749421,0.6644798500468604,0.6644798500468604,0.06875265410544407,12804,4296,0,not_promoted_after_low
232,discover,low,"[65,24,16,51.0,0.0,0.0]",1560,65,24,16,51.0,0.0,deferred,False,False,0.9991268793203971,0.9821642783077613,0.387222742892846,0.387222742892846,0.15438555835589085,12804,7846,0,not_promoted_after_low
233,discover,low,"[39,40,32,50.0,0.0,2.25]",1560,39,40,32,50.0,2.25,deferred,False,False,1.0,0.9813054955380907,0.6641674476726023,0.6641674476726023,0.09840867325452864,12804,4300,0,not_promoted_after_low
234,discover,low,"[39,40,32,51.0,0.0,2.25]",1560,39,40,32,51.0,2.25,deferred,False,False,1.0,0.9783971890957829,0.6233989378319276,0.6233989378319276,0.11084239272378271,12804,4822,0,not_promoted_after_low
235,discover,low,"[260,6,217,50.0,0.0,45.0]",1560,260,6,217,50.0,45.0,deferred,False,False,0.9990767642390187,0.9810423381044586,0.11824429865666979,0.11824429865666979,2.9783579434520653,12804,11290,0,not_promoted_after_low
236,discover,low,"[260,6,217,50.0,0.0,30.0]",1560,260,6,217,50.0,30.0,deferred,False,False,0.9987125810676784,0.979464831305802,0.12460815047021943,0.12417994376757263,2.9783436625166115,12760,11170,44,not_promoted_after_low
237,discover,low,"[39,40,32,51.0,0.0,0.0]",1560,39,40,32,51.0,0.0,deferred,False,False,1.0,0.9771513855642948,0.6227741330834115,0.6227741330834115,0.06700905669862971,12804,4830,0,not_promoted_after_low
238,discover,low,"[39,40,32,51.0,0.0,4.5]",1560,39,40,32,51.0,4.5,deferred,False,False,1.0,0.9803313464450825,0.6187129022180569,0.6187129022180569,0.11382179040088639,12804,4882,0,not_promoted_after_low
239,discover,low,"[39,40,32,51.0,0.0,6.75]",1560,39,40,32,51.0,6.75,deferred,False,False,1.0,0.9797851868427178,0.6215245235863792,0.6215245235863792,0.11378238265786882,12804,4846,0,not_promoted_after_low
240,discover,low,"[260,6,217,50.0,0.0,0.0]",1560,260,6,217,50.0,0.0,deferred,False,False,0.998972280320077,0.9790480265095755,0.12402374258044362,0.12402374258044362,2.9783445497252643,12804,11216,0,not_promoted_after_low
241,discover,low,"[60,26,15,51.0,0.0,10.385]",1560,60,26,15,51.0,10.385,deferred,False,False,1.0,0.9769537422721088,0.46438612933458295,0.46438612933458295,0.15006607939746677,12804,6858,0,not_promoted_after_low
242,discover,low,"[60,26,15,51.0,0.0,6.923]",1560,60,26,15,51.0,6.923,deferred,False,False,1.0,0.9792488399588356,0.46344892221180883,0.46344892221180883,0.14433222135611126,12804,6870,0,not_promoted_after_low
243,discover,low,"[60,26,15,51.0,0.0,0.0]",1560,60,26,15,51.0,0.0,deferred,False,False,1.0,0.9783371012001475,0.46438612933458295,0.46438612933458295,0.15005155727372396,12804,6858,0,not_promoted_after_low
244,discover,low,"[60,26,15,51.0,0.0,3.462]",1560,60,26,15,51.0,3.462,deferred,False,False,1.0,0.9771027379694445,0.4628241174632927,0.4628241174632927,0.15216292935720777,12804,6878,0,not_promoted_after_low
245,discover,low,"[156,10,26,50.0,0.0,9.0]",1560,156,10,26,50.0,9.0,deferred,False,False,1.0,0.9768292326648782,0.2049359575132771,0.2049359575132771,0.3046505751928478,12804,10180,0,not_promoted_after_low
246,discover,low,"[156,10,26,50.0,0.0,18.0]",1560,156,10,26,50.0,18.0,deferred,False,False,1.0,0.9769463258987965,0.20509215870040612,0.20509215870040612,0.3046510774566772,12804,10178,0,not_promoted_after_low
247,discover,low,"[156,10,26,50.0,0.0,27.0]",1560,156,10,26,50.0,27.0,deferred,False,False,1.0,0.9767318742304663,0.20649796938456733,0.20649796938456733,0.3076551799398268,12804,10160,0,not_promoted_after_low
248,discover,low,"[156,10,26,50.0,0.0,0.0]",1560,156,10,26,50.0,0.0,deferred,False,False,1.0,0.9766693190007436,0.20602936582318027,0.20602936582318027,0.3046681197661852,12804,10166,0,not_promoted_after_low
249,discover,low,"[39,40,38,50.0,0.0,0.0]",1560,39,40,38,50.0,0.0,active,False,False,1.0,0.9784565981665191,0.6777569509528273,0.6777569509528273,0.07080803776778063,12804,4126,0,incomplete
250,discover,low,"[39,40,38,50.0,0.0,4.5]",1560,39,40,38,50.0,4.5,active,False,False,1.0,0.972967316428757,0.6769759450171822,0.6769759450171822,0.07192298178507245,12804,4136,0,incomplete
251,discover,low,"[39,40,38,50.0,0.0,6.75]",1560,39,40,38,50.0,6.75,active,False,False,1.0,0.9733738049735844,0.6793189628241174,0.6793189628241174,0.07189978126798804,12804,4106,0,incomplete
252,discover,low,"[39,40,38,50.0,0.0,2.25]",1560,39,40,38,50.0,2.25,active,False,False,1.0,0.9768217245891153,0.6824429865666979,0.6824429865666979,0.0719630960180747,12804,4066,0,incomplete
253,discover,low,"[39,40,38,51.0,0.0,0.0]",1560,39,40,38,51.0,0.0,active,False,False,1.0,0.9759062839956485,0.7004061230865355,0.7004061230865355,0.06914770398790565,12804,3836,0,incomplete
254,discover,low,"[39,40,38,51.0,0.0,4.5]",1560,39,40,38,51.0,4.5,active,False,False,0.9999486399600234,0.9710517874173001,0.6979069040924711,0.6979069040924711,0.07108009903776102,12804,3868,0,incomplete
255,discover,low,"[39,40,38,51.0,0.0,2.25]",1560,39,40,38,51.0,2.25,active,False,False,1.0,0.9745175942299157,0.7013433302093096,0.7013433302093096,0.07970462118541642,12804,3824,0,incomplete
256,discover,low,"[39,40,38,51.0,0.0,6.75]",1560,39,40,38,51.0,6.75,active,False,False,1.0,0.970003792362515,0.7027491408934707,0.7027491408934707,0.07252955756775642,12804,3806,0,incomplete
257,discover,medium,"[35,44,24,50.25,0.0,4.091]",1540,35,44,24,50.25,4.091,rejected,True,False,0.9998992481825237,0.9838761885242595,0.8390617248954716,0.8390617248954716,0.08563826860389198,84666,13626,0,communication_upper_bound
258,discover,medium,"[35,44,24,50.25,0.0,2.045]",1540,35,44,24,50.25,2.045,rejected,True,False,0.9999244361368927,0.9841878744522636,0.8393798303041762,0.838943613729242,0.08525359583151808,84622,13592,44,communication_upper_bound
259,discover,medium,"[35,44,24,50.25,0.0,0.0]",1540,35,44,24,50.25,0.0,rejected,True,False,0.999949624091262,0.9833643764258876,0.8391089693619634,0.8391089693619634,0.0855518072140255,84666,13622,0,communication_upper_bound
260,discover,medium,"[35,44,24,50.25,0.0,6.136]",1540,35,44,24,50.25,6.136,rejected,True,False,0.999949624091262,0.9830960412192262,0.8376207686674698,0.8376207686674698,0.0856239562369903,84666,13748,0,communication_upper_bound
261,discover,medium,"[35,44,24,49.75,0.0,2.045]",1540,35,44,24,49.75,2.045,rejected,True,False,0.9998700976119913,0.9806037819785163,0.8280509109059146,0.827596527985633,0.08199863647305378,80140,13780,44,communication_upper_bound
262,discover,medium,"[35,44,24,49.75,0.0,0.0]",1540,35,44,24,49.75,0.0,rejected,True,False,0.9999206039852706,0.9795869723704491,0.8244212041010356,0.8234267529001129,0.08215194962022203,77834,13666,94,communication_upper_bound
263,discover,medium,"[35,44,24,49.75,0.0,6.136]",1540,35,44,24,49.75,6.136,rejected,True,False,0.9999480390447967,0.9798631018144847,0.8256759453257507,0.8256759453257507,0.08354097981750602,80184,13978,0,communication_upper_bound
264,discover,medium,"[35,44,24,49.75,0.0,4.091]",1540,35,44,24,49.75,4.091,rejected,True,False,0.9999220585671948,0.9808519350357937,0.8263493963883068,0.8263493963883068,0.08232464470509797,80184,13924,0,communication_upper_bound
265,discover,medium,"[35,44,29,51.0,0.0,6.136]",1540,35,44,29,51.0,6.136,rejected,True,False,0.9995898747651919,0.9728424649530854,0.8112075080482348,0.8096833047408981,0.07638577801067996,73308,13840,138,communication_upper_bound
266,discover,medium,"[35,44,29,51.0,0.0,2.045]",1540,35,44,29,51.0,2.045,rejected,True,False,0.9995078497182306,0.9726663285624829,0.810002732987155,0.8070691392315442,0.07489757837779865,73180,13904,266,communication_upper_bound
267,discover,medium,"[35,44,29,51.0,0.0,0.0]",1540,35,44,29,51.0,0.0,rejected,True,False,0.9996718998121537,0.9720803490523342,0.8104671469111547,0.8088119162377801,0.07629153513368411,73296,13892,150,communication_upper_bound
268,discover,medium,"[37,40,31,51.0,0.0,2.25]",1480,37,40,31,51.0,2.25,rejected,True,False,0.9995280204250985,0.964264533491105,0.8078567009729487,0.8071077398511027,0.0788933995865378,71124,13666,66,communication_upper_bound
269,discover,medium,"[38,40,37,51.0,0.0,2.25]",1520,38,40,37,51.0,2.25,rejected,True,False,0.9998011054239828,0.9652509150463584,0.8012438606178616,0.7998955522673862,0.07367739987220401,68818,13678,116,communication_upper_bound
270,discover,medium,"[37,40,31,51.0,0.0,6.75]",1480,37,40,31,51.0,6.75,rejected,True,False,0.999472262012126,0.964004633963206,0.8072926932282134,0.8054782975136957,0.07810340276678163,71030,13688,160,communication_upper_bound
271,discover,medium,"[35,44,29,51.0,0.0,4.091]",1540,35,44,29,51.0,4.091,rejected,True,False,0.9994807080074393,0.9729763831677838,0.8101932736405328,0.8081856057511642,0.07488242728486257,73264,13906,182,communication_upper_bound
272,discover,medium,"[38,40,37,51.0,0.0,4.5]",1520,38,40,37,51.0,4.5,rejected,True,False,0.9997726671345694,0.9655766307228383,0.7978370835513693,0.7962398816259031,0.0738625141489816,68796,13908,138,communication_upper_bound
273,discover,medium,"[39,40,38,51.0,0.0,6.75]",1560,39,40,38,51.0,6.75,rejected,True,False,0.9999723246963864,0.9711163418043027,0.8055063913470993,0.8055063913470993,0.07252955756775642,71190,13846,0,communication_upper_bound
274,discover,medium,"[38,40,37,51.0,0.0,6.75]",1520,38,40,37,51.0,6.75,rejected,True,False,0.9998011054239833,0.9656103394647144,0.8019174898314934,0.8008239765572867,0.07386369434432632,68840,13636,94,communication_upper_bound
275,discover,medium,"[38,40,37,51.0,0.0,0.0]",1520,38,40,37,51.0,0.0,rejected,True,False,0.999886246842346,0.965735305729917,0.798512017204801,0.7971683059158036,0.07386497226972663,68818,13866,116,communication_upper_bound
276,discover,medium,"[37,40,31,51.0,0.0,4.5]",1480,37,40,31,51.0,4.5,rejected,True,False,0.9994004120008765,0.9645208661433716,0.8088854844887017,0.8051629768809738,0.08146354427736044,73108,13972,338,communication_upper_bound
277,discover,medium,"[38,40,32,51.0,0.0,2.25]",1520,38,40,32,51.0,2.25,rejected,True,False,0.999781526883018,0.973988194311028,0.8048040455120101,0.8048040455120101,0.08731883705748016,71190,13896,0,communication_upper_bound
278,discover,medium,"[39,40,38,51.0,0.0,2.25]",1560,39,40,38,51.0,2.25,rejected,True,False,1.0,0.9737515412192892,0.8044107318443602,0.8044107318443602,0.07970462118541642,71190,13924,0,communication_upper_bound
279,discover,medium,"[37,40,31,51.0,0.0,0.0]",1480,37,40,31,51.0,0.0,rejected,True,False,0.9996096911091931,0.9633718034221558,0.8053256769689805,0.8037645736760781,0.07890600093787,71052,13832,138,communication_upper_bound
280,discover,medium,"[38,40,32,51.0,0.0,4.5]",1520,38,40,32,51.0,4.5,rejected,True,False,0.9997769218363346,0.9734818496741647,0.8017233875881278,0.8017233875881278,0.08725796127150968,68934,13668,0,communication_upper_bound
281,discover,medium,"[38,40,32,51.0,0.0,6.75]",1520,38,40,32,51.0,6.75,rejected,True,False,0.9997771456754737,0.9731530164330432,0.8013462152203557,0.8013462152203557,0.08721859502008997,68934,13694,0,communication_upper_bound
282,discover,medium,"[38,40,32,51.0,0.0,0.0]",1520,38,40,32,51.0,0.0,rejected,True,False,0.9998088634524622,0.9743865093097437,0.8046916701783958,0.8046916701783958,0.08740117154926283,71190,13904,0,communication_upper_bound
283,discover,medium,"[38,40,0,51.0,0.0,0.0]",1520,38,40,0,51.0,0.0,rejected,True,False,0.9999477167008693,0.9570637478806245,0.8023036527693156,0.8023036527693156,0.07934526011894784,68934,13628,0,communication_upper_bound
284,discover,medium,"[39,40,38,51.0,0.0,0.0]",1560,39,40,38,51.0,0.0,rejected,True,False,1.0,0.9740260100767588,0.8044107318443602,0.8044107318443602,0.06914770398790565,71190,13924,0,communication_upper_bound
285,discover,medium,"[38,40,0,51.0,0.0,6.75]",1520,38,40,0,51.0,6.75,rejected,True,False,0.9998973750327307,0.956862122297072,0.8022166129921374,0.8022166129921374,0.0792206523969851,68934,13634,0,communication_upper_bound
286,discover,medium,"[38,40,0,51.0,0.0,4.5]",1520,38,40,0,51.0,4.5,rejected,True,False,0.9998722041986612,0.9570909646034118,0.8027388516552064,0.8027388516552064,0.07154815266973649,68934,13598,0,communication_upper_bound
287,discover,medium,"[38,40,31,50.25,0.0,6.75]",1520,38,40,31,50.25,6.75,rejected,True,False,0.9994377357847717,0.9760113020513722,0.8205412834337668,0.8205412834337668,0.0949125212787719,75672,13580,0,communication_upper_bound
288,discover,medium,"[38,40,31,50.25,0.0,0.0]",1520,38,40,31,50.25,0.0,rejected,True,False,0.9994470759052796,0.9765281619878636,0.8229134585771481,0.8229134585771481,0.09507948716619662,77928,13800,0,communication_upper_bound
289,discover,medium,"[39,40,38,51.0,0.0,4.5]",1560,39,40,38,51.0,4.5,rejected,True,False,0.9999717697024785,0.9718431205856805,0.8024197058055531,0.8024197058055531,0.07108009903776102,68934,13620,0,communication_upper_bound
290,discover,medium,"[38,40,0,51.0,0.0,2.25]",1520,38,40,0,51.0,2.25,rejected,True,False,0.9999214280343396,0.9574880553165349,0.8009690428525836,0.8009690428525836,0.07868935619191679,68934,13720,0,communication_upper_bound
291,discover,medium,"[37,40,30,50.25,0.0,2.25]",1480,37,40,30,50.25,2.25,rejected,True,False,0.9997266800263149,0.967997603277847,0.7995473931586735,0.7995473931586735,0.08188514381686102,68934,13818,0,communication_upper_bound
292,discover,medium,"[38,40,31,50.25,0.0,2.25]",1520,38,40,31,50.25,2.25,rejected,True,False,0.999393153510374,0.9763910839906016,0.8219125346473668,0.8219125346473668,0.09573851901595501,77928,13878,0,communication_upper_bound
293,discover,medium,"[37,40,30,50.25,0.0,6.75]",1480,37,40,30,50.25,6.75,rejected,True,False,0.9998075050141252,0.9680000246371963,0.7986479821278324,0.7986479821278324,0.08433859687414319,68934,13880,0,communication_upper_bound
294,discover,medium,"[38,40,31,50.25,0.0,4.5]",1520,38,40,31,50.25,4.5,rejected,True,False,0.9994746136702009,0.9762712943269637,0.8219638640796633,0.8219638640796633,0.09507299757480922,77928,13874,0,communication_upper_bound
295,discover,medium,"[37,40,30,50.25,0.0,4.5]",1480,37,40,30,50.25,4.5,rejected,True,False,0.9995341423428697,0.9680565725967344,0.7982417965010009,0.7982417965010009,0.08295954173368583,68934,13908,0,communication_upper_bound
296,discover,medium,"[38,40,31,49.75,0.0,6.75]",1520,38,40,31,49.75,6.75,rejected,True,False,0.9995601519730093,0.9750665207268963,0.8056468605141172,0.8056468605141172,0.08965776603396945,71190,13836,0,communication_upper_bound
297,discover,medium,"[37,40,30,50.25,0.0,0.0]",1480,37,40,30,50.25,0.0,rejected,True,False,0.9996444698515272,0.9675347338047471,0.8003017378942177,0.8003017378942177,0.08198545116845997,68934,13766,0,communication_upper_bound
298,discover,medium,"[37,40,32,50.25,0.0,0.0]",1480,37,40,32,50.25,0.0,rejected,True,False,0.9997357673295052,0.9688519725689845,0.7935180188283264,0.7935180188283264,0.07770338495435311,66708,13774,0,communication_upper_bound
299,discover,medium,"[37,40,32,50.25,0.0,2.25]",1480,37,40,32,50.25,2.25,rejected,True,False,0.9996280130801747,0.9674483083722298,0.7933381303591773,0.7933381303591773,0.08481830281527176,66708,13786,0,communication_upper_bound
300,discover,medium,"[38,40,31,49.75,0.0,0.0]",1520,38,40,31,49.75,0.0,rejected,True,False,0.9995299283078478,0.9755514239650146,0.805394016013485,0.805394016013485,0.0896500146886642,71190,13854,0,communication_upper_bound
301,discover,medium,"[38,40,31,49.75,0.0,2.25]",1520,38,40,31,49.75,2.25,rejected,True,False,0.9995565077550429,0.975394605777302,0.8061806433487849,0.8061806433487849,0.0896423583574157,71190,13798,0,communication_upper_bound
302,discover,medium,"[35,44,29,50.0,0.0,6.136]",1540,35,44,29,50.0,6.136,rejected,True,False,0.9998638386661962,0.9745532505512057,0.8056672195204228,0.8051692653462565,0.07524998286552101,71146,13826,44,communication_upper_bound
303,discover,medium,"[38,40,31,49.75,0.0,4.5]",1520,38,40,31,49.75,4.5,rejected,True,False,0.9996423197932396,0.9750134944516761,0.8060682680151706,0.8060682680151706,0.08960995911161077,71190,13806,0,communication_upper_bound
304,discover,medium,"[35,44,29,50.0,0.0,0.0]",1540,35,44,29,50.0,0.0,rejected,True,False,0.9998654560155099,0.9744040515780368,0.8054695852793877,0.8042702626773424,0.07185054637611367,71084,13828,106,communication_upper_bound
305,discover,medium,"[35,44,29,50.0,0.0,4.091]",1540,35,44,29,50.0,4.091,rejected,True,False,0.9998359594597102,0.9752449611586239,0.8059802158273381,0.8057311420143278,0.07572645392263898,71168,13808,22,communication_upper_bound
306,discover,medium,"[35,44,29,50.0,0.0,2.045]",1540,35,44,29,50.0,2.045,rejected,True,False,0.9998622213168828,0.9746809268371375,0.8051648475301001,0.8041016996769209,0.07189624097630146,71096,13852,94,communication_upper_bound
307,discover,medium,"[37,40,32,50.25,0.0,4.5]",1480,37,40,32,50.25,4.5,rejected,True,False,0.9997337061483726,0.9678793693424873,0.7928584277747797,0.7928584277747797,0.08481496744173372,66708,13818,0,communication_upper_bound
308,discover,medium,"[37,40,32,50.25,0.0,6.75]",1480,37,40,32,50.25,6.75,rejected,True,False,0.9994674122967452,0.9672442260271977,0.7921388738981832,0.7921388738981832,0.08481168738384406,66708,13866,0,communication_upper_bound
309,discover,medium,"[35,44,22,50.25,0.0,2.045]",1540,35,44,22,50.25,2.045,rejected,True,False,1.0,0.9818154181972893,0.7490078649253192,0.7487107360525082,0.09519249157428482,55436,13914,22,communication_upper_bound
310,discover,medium,"[35,44,22,50.25,0.0,6.136]",1540,35,44,22,50.25,6.136,rejected,True,False,0.9999675592823195,0.9818984290466839,0.7449278629395852,0.7449278629395852,0.0991234566101421,53232,13578,0,communication_upper_bound
311,discover,medium,"[35,44,22,50.25,0.0,0.0]",1540,35,44,22,50.25,0.0,rejected,True,False,1.0,0.9818873428682922,0.7465108730931516,0.7465108730931516,0.10039041514209214,55458,14058,0,communication_upper_bound
312,discover,medium,"[35,44,22,50.25,0.0,4.091]",1540,35,44,22,50.25,4.091,rejected,True,False,1.0,0.981488804765751,0.7478173028357025,0.7475206462548235,0.1004403770749598,55436,13980,22,communication_upper_bound
313,discover,medium,"[39,40,38,50.0,0.0,2.25]",1560,39,40,38,50.0,2.25,rejected,True,False,1.0,0.975827152382566,0.7990831810137232,0.7990831810137232,0.0719630960180747,68934,13850,0,communication_upper_bound
314,discover,medium,"[38,40,32,50.25,0.0,0.0]",1520,38,40,32,50.25,0.0,rejected,True,False,1.0,0.9764366686061026,0.7960364573964143,0.7960364573964143,0.08076969889636262,66708,13606,0,communication_upper_bound
315,discover,medium,"[38,40,32,50.25,0.0,2.25]",1520,38,40,32,50.25,2.25,rejected,True,False,0.999915124567524,0.9759677723395321,0.7948671823469449,0.7948671823469449,0.08075954211092755,66708,13684,0,communication_upper_bound
316,discover,medium,"[39,40,38,50.0,0.0,6.75]",1560,39,40,38,50.0,6.75,rejected,True,False,1.0,0.9742703452253357,0.799141207531842,0.799141207531842,0.07863699512708063,68934,13846,0,communication_upper_bound
317,discover,medium,"[38,40,33,49.75,0.0,6.75]",1520,38,40,33,49.75,6.75,rejected,True,False,0.999341765391762,0.9733417339212669,0.7939677400011993,0.7939677400011993,0.07993235859286849,66708,13744,0,communication_upper_bound
318,discover,medium,"[39,40,38,50.0,0.0,0.0]",1560,39,40,38,50.0,0.0,rejected,True,False,1.0,0.9768704585635916,0.7988220616821887,0.7988220616821887,0.07280415217874651,68934,13868,0,communication_upper_bound
319,discover,medium,"[38,40,32,50.25,0.0,6.75]",1520,38,40,32,50.25,6.75,rejected,True,False,1.0,0.9753113548931499,0.7926785393056305,0.7926785393056305,0.07763777223693762,66708,13830,0,communication_upper_bound
320,discover,medium,"[39,40,38,50.0,0.0,4.5]",1560,39,40,38,50.0,4.5,rejected,True,False,1.0,0.9743714537457449,0.7955867362235414,0.7955867362235414,0.07864142116886598,66708,13636,0,communication_upper_bound
321,discover,medium,"[38,40,33,49.75,0.0,2.25]",1520,38,40,33,49.75,2.25,rejected,True,False,0.9991993397270292,0.973371738315028,0.7920557240219773,0.790939617437189,0.07714849291968814,66614,13852,94,communication_upper_bound
322,discover,medium,"[37,40,31,50.25,0.0,6.75]",1480,37,40,31,50.25,6.75,rejected,True,False,0.9996171153155946,0.96830590626922,0.7882265136673197,0.7865388195866692,0.07499615048558975,64314,13620,138,communication_upper_bound
323,discover,medium,"[37,40,31,50.25,0.0,4.5]",1480,37,40,31,50.25,4.5,rejected,True,False,0.9996171153155944,0.9691823194710513,0.7880637926738101,0.7850803698876684,0.07866319762271295,64208,13608,244,communication_upper_bound
324,discover,medium,"[38,40,32,50.25,0.0,4.5]",1520,38,40,32,50.25,4.5,rejected,True,False,0.9998267235679008,0.9757674757470954,0.7888971637807981,0.7888971637807981,0.08076046473068461,64452,13606,0,communication_upper_bound
325,discover,medium,"[37,40,31,50.25,0.0,2.25]",1480,37,40,31,50.25,2.25,rejected,True,False,0.9997054733196881,0.9684903402723353,0.788607791401521,0.7883386085769255,0.07251547707451818,64430,13620,22,communication_upper_bound
326,discover,medium,"[38,40,33,49.75,0.0,0.0]",1520,38,40,33,49.75,0.0,rejected,True,False,0.999199585801258,0.9743342095679519,0.7911794687293878,0.7911794687293878,0.08319022827895103,66708,13930,0,communication_upper_bound
327,discover,medium,"[37,40,31,50.0,0.0,2.25]",1480,37,40,31,50.0,2.25,rejected,True,False,0.9997695416844541,0.9696564050134829,0.7909906127223105,0.7907297475565149,0.07517928638178586,66686,13938,22,communication_upper_bound
328,discover,medium,"[37,40,31,50.0,0.0,4.5]",1480,37,40,31,50.0,4.5,rejected,True,False,0.9996171153155944,0.9698182456141534,0.7877834537752305,0.784801092285732,0.08983081200218623,64208,13626,244,communication_upper_bound
329,discover,medium,"[38,40,33,49.75,0.0,4.5]",1520,38,40,33,49.75,4.5,rejected,True,False,0.9990852248407803,0.9730728656878095,0.7917618761274805,0.7895304910955208,0.08321017756026994,66520,13852,188,communication_upper_bound
330,discover,medium,"[37,40,31,50.0,0.0,6.75]",1480,37,40,31,50.0,6.75,rejected,True,False,0.9996548090889767,0.9695853920452868,0.7901156677181914,0.7884811416921509,0.07514259789718598,66570,13972,138,communication_upper_bound
331,discover,medium,"[35,44,18,50.0,0.0,6.136]",1540,35,44,18,50.0,6.136,rejected,True,False,0.9996606909900833,0.9721447798419594,0.7584294971757286,0.7584294971757286,0.08726400901380883,57714,13942,0,communication_upper_bound
332,discover,medium,"[37,40,31,50.25,0.0,0.0]",1480,37,40,31,50.25,0.0,rejected,True,False,0.9997938313237816,0.9683360047465882,0.7880502362596369,0.7866319121206479,0.07513281906484182,64336,13636,116,communication_upper_bound
333,discover,medium,"[37,40,32,49.75,0.0,0.0]",1480,37,40,32,49.75,0.0,rejected,True,False,0.9998921117853503,0.9638553075411366,0.7885868553342023,0.7885868553342023,0.07739680301933094,64452,13626,0,communication_upper_bound
334,discover,medium,"[36,40,30,50.0,0.0,6.75]",1440,36,40,30,50.0,6.75,rejected,True,False,0.9990300810608143,0.9583608340005961,0.7897279507231498,0.7841638184325718,0.08165371022522992,66238,13928,470,communication_upper_bound
335,discover,medium,"[37,40,32,49.75,0.0,6.75]",1480,37,40,32,49.75,6.75,rejected,True,False,0.9996742313661083,0.9626154973345282,0.7885908128968007,0.7862905728293924,0.07756564347690051,64264,13586,188,communication_upper_bound
336,discover,medium,"[35,44,23,49.75,0.0,4.091]",1540,35,44,23,49.75,4.091,rejected,True,False,1.0,0.9801451228261158,0.7820703779556879,0.7820703779556879,0.09142056001154386,64452,14046,0,communication_upper_bound
337,discover,medium,"[35,44,23,49.75,0.0,2.045]",1540,35,44,23,49.75,2.045,rejected,True,False,1.0,0.9799462857589024,0.7831254266741141,0.7831254266741141,0.09525061396318493,64452,13978,0,communication_upper_bound
338,discover,medium,"[35,44,18,50.0,0.0,0.0]",1540,35,44,18,50.0,0.0,rejected,True,False,0.9997221505512549,0.9723068046840171,0.7573898880687528,0.7573898880687528,0.08743159724259285,57714,14002,0,communication_upper_bound
339,discover,medium,"[35,44,23,49.75,0.0,0.0]",1540,35,44,23,49.75,0.0,rejected,True,False,1.0,0.9794400708340476,0.7807576049906746,0.7807576049906746,0.09293851519975116,62196,13636,0,communication_upper_bound
340,discover,medium,"[35,44,18,50.0,0.0,2.045]",1540,35,44,18,50.0,2.045,rejected,True,False,0.9995682453636313,0.9726586049612187,0.7568354298783657,0.7568354298783657,0.0864864678325317,57714,14034,0,communication_upper_bound
341,discover,medium,"[37,40,32,49.75,0.0,2.25]",1480,37,40,32,49.75,2.25,rejected,True,False,0.9998111956243628,0.9629190073350686,0.7879683804307233,0.7856699559362006,0.07712248238705806,64264,13626,188,communication_upper_bound
342,discover,medium,"[37,40,32,49.75,0.0,4.5]",1480,37,40,32,49.75,4.5,rejected,True,False,0.9998921117853503,0.9639378935286942,0.7879995020540271,0.7857009867808602,0.07758016497398446,64264,13624,188,communication_upper_bound
343,discover,medium,"[38,40,37,50.0,0.0,6.75]",1520,38,40,37,50.0,6.75,rejected,True,False,0.9996572502174211,0.9672653691399082,0.7934586737145604,0.7920789110751334,0.06954247197124339,66592,13754,116,communication_upper_bound
344,discover,medium,"[35,44,23,49.75,0.0,6.136]",1540,35,44,23,49.75,6.136,rejected,True,False,1.0,0.9801425979753241,0.7804360409029519,0.7804360409029519,0.09300910904303768,62196,13656,0,communication_upper_bound
345,discover,medium,"[37,40,31,50.0,0.0,0.0]",1480,37,40,31,50.0,0.0,rejected,True,False,0.9997990761370938,0.9692268971988677,0.7895543008169149,0.7881813275769023,0.08983088920244242,66592,14014,116,communication_upper_bound
346,discover,medium,"[35,44,23,51.0,0.0,4.091]",1540,35,44,23,51.0,4.091,rejected,True,False,0.9997446648405313,0.9792372141947475,0.7465212349615886,0.7429406037000974,0.09997704428987109,55192,13990,266,communication_upper_bound
347,discover,medium,"[35,44,18,50.0,0.0,4.091]",1540,35,44,18,50.0,4.091,rejected,True,False,0.9997842935382787,0.972006463820577,0.7580483071698375,0.7580483071698375,0.08650913164387208,57714,13964,0,communication_upper_bound
348,discover,medium,"[35,44,23,51.0,0.0,0.0]",1540,35,44,23,51.0,0.0,rejected,True,False,0.9999042493151993,0.9782110324549561,0.7478812795268491,0.7478812795268491,0.0997365465984024,55458,13982,0,communication_upper_bound
349,discover,medium,"[35,44,23,51.0,0.0,2.045]",1540,35,44,23,51.0,2.045,rejected,True,False,0.9998404155253321,0.978051228066749,0.7478452161996466,0.7478452161996466,0.100028771362824,55458,13984,0,communication_upper_bound
350,discover,medium,"[37,40,30,49.75,0.0,0.0]",1480,37,40,30,49.75,0.0,rejected,True,False,0.9993753544428462,0.9653640237811777,0.7876559299944145,0.7876559299944145,0.07832178240563538,64452,13686,0,communication_upper_bound
351,discover,medium,"[38,40,37,50.0,0.0,2.25]",1520,38,40,37,50.0,2.25,rejected,True,False,0.9996029465401929,0.9670721265828065,0.7941194137433926,0.7927385021286802,0.06955435348074539,66592,13710,116,communication_upper_bound
352,discover,medium,"[37,40,31,49.75,0.0,2.25]",1480,37,40,31,49.75,2.25,rejected,True,False,0.999650536668691,0.9659781287221294,0.7871798851466708,0.7869111897225842,0.07709134552106083,64430,13712,22,communication_upper_bound
353,discover,medium,"[37,40,30,49.75,0.0,2.25]",1480,37,40,30,49.75,2.25,rejected,True,False,0.9997159247143695,0.96411122484102,0.7850803698876684,0.7850803698876684,0.07849546421148822,64452,13852,0,communication_upper_bound
354,discover,medium,"[35,44,23,51.0,0.0,6.136]",1540,35,44,23,51.0,6.136,rejected,True,False,0.9998723324202656,0.9793187405982621,0.747556709582026,0.747556709582026,0.09979818472440229,55458,14000,0,communication_upper_bound
355,discover,medium,"[37,40,31,49.75,0.0,6.75]",1480,37,40,31,49.75,6.75,rejected,True,False,0.9997069217561855,0.9660311785718283,0.7876356625307087,0.785949233538137,0.07499392180639974,64314,13658,138,communication_upper_bound
356,discover,medium,"[38,40,37,50.0,0.0,4.5]",1520,38,40,37,50.0,4.5,rejected,True,False,0.9995913161064104,0.9670497347948359,0.7883300174086049,0.7869111897225842,0.07299875465123912,64336,13618,116,communication_upper_bound
